CrashWatch: v2dll_crash.log + v2dll_crash_*.dmp + v2dll_crash_hint.txt
LoadSettingsFrom: читаю 'v2dll_settings.ini'
---- Install ---- версия 3.25
base = 00710000
---- Settings ----
localModConfig=0 log=1 buttons=1 decisionFilter=1
priceDelta=1 patchExponentialPriceDelta=0 popDisplay=0 versionLabel=1
patchOccupiedReinforceSplit=1 patchAllyOwnerCheck=1 patchCivilizeNullCheck=1 patchSupplySourceNullCheck=1 patchTechCompareNullCheck=1 patchTechFolderIconNullCheck=1
patchGraphPointClamp=0 patchFactoryDumpScan=0 patchProdListVisibility=1 patchProdTypeGate=1
prodTypeGateAllowAll=0 patchCombatRoll=1 combatRollMin=2 combatRollMax=4
enableOosLog=1 patchFpuFortress=1 patchD3dFpuPreserve=1 patchThreadFpuPin=1 patchHeapLfh=1 engineWorkerThreads=0
patchPopQuantize=1 popQuantizeKeepBits=12 patchMpClientSleep=1 mpClientSleepMs=1
patchMainLoopSleep0=1 mainLoopSleepMs=1 patchD3dNoVsync=0 patchHighPriority=1
enableCrashLog=0
---- Settings конец ----
CPU: priority ABOVE_NORMAL
CPU: power throttling off
Heap: LFH включён на 2 из 2 куч
FPU: CreateThread exe перехвачен
FPU: GetTickCount - отложенный патч TBB/D3D
FPU: пин на главном цикле rva 5DF550
MainLoopSleep0: Sleep(100) -> Sleep(1) rva 5DF2D5
MainLoopSleep0: Sleep(100) -> Sleep(1) rva 5DF684
D3D9: Direct3DCreate9 перехвачен
TBB: _beginthreadex перехвачен
Engine: FPU=1 D3D=1 LFH=1 threadPin=1 tbbCap=0 sleep0=1 noVsync=0 prio=1
PopQuantize: FUN_00485E40, keep_bits=12
MpClientSleep: Sleep(40) -> Sleep(1) rva 71DD2C
patch CTechnologyView: слот 11 = 1
patch CBudgetView: слот 10 = 1
patch CProductionView: слот 10 = 1
patch CPoliticsView: слот 10 = 1
patch CDecision: слот 6 = 1
Patch 'always_add_wargoals': применён на rva 138AFF
Patch 'land_reinforce': применён на rva 1C8C9B
Patch 'naval_reinforce': применён на rva 1C8B1C
Patch 'max_relative_price': применён на rva A45C28
Patch 'consciousness_plurality_growth': применён на rva 10C5DE
Patch 'allied_reinforce_150': применён на rva 1D74BE
Patch 'build_factory_ignore_colonial_1': применён на rva 0D0C57
Patch 'build_factory_ignore_colonial_2': применён на rva 12FA4E
Patch 'build_factory_button_enable_ignore_colonial': применён на rva 12E977
Patch 'local_supply_factory_ignore_colonial': применён на rva 0D0E9D
Patch 'build_factory_ignore_uncivilized_button': применён на rva 12E96E
Patch 'build_factory_checklist_uncivilized_own': применён на rva 12EA67
Patch 'build_factory_checklist_uncivilized_other': применён на rva 12F0D4
Patch 'build_factory_ignore_uncivilized_can_build': применён на rva 12CA3E
Patch 'allow_unciv_tech_research': отключён в настройках
Patch 'aristocrat_income_share_patch_1': отключён в настройках
Patch 'aristocrat_income_share_patch_2': отключён в настройках
Patch 'aristocrat_income_share_patch_3': отключён в настройках
Patch 'aristocrat_income_share_patch_4': отключён в настройках
Patch 'aristocrat_income_share_patch_5': отключён в настройках
OccupiedReinforceSplit: occupied=100.0%, пещера 021F0000
AllyOwnerCheck: owned-by-ally=150%, occupied-by-ally=100.0%, пещера 02200000, ok=1
CivilizeNullCheck: установлен на rva 14248B, пещера 02210000
SupplySourceNullCheck: установлен на rva 0D15EB, пещера 02220000
TechCompareNullCheck: установлен на rva 3A918A, пещера 02230000
TechFolderIconNullCheck: установлен на rva 3ADE98, пещера 02240000
ProdListVisibilityHook: установлен
LoadProductionTypeLimits: читаю 'I:\Vic2_Dev\V2BDSM\mod\2\common\production_types.txt' (21923 байт)
  [0] synthetics_template limit=0 good=-
  [1] machine_part_user_template limit=0 good=-
  [2] stock_exchange_template limit=0 good=-
  [3] aeroplane_factory limit=0 good=electric_gear
  [4] barrel_factory limit=0 good=automobiles
  [5] automobile_factory limit=0 good=steel
  [6] radio_factory limit=0 good=glass
  [7] telephone_factory limit=0 good=glass
  [8] electric_gear_factory limit=0 good=rubber
  [9] pharmaceutical_plant limit=0 good=glass
  [10] steamer_shipyard limit=0 good=steel
  [11] artillery_factory limit=0 good=explosives
  [12] small_arms_factory limit=0 good=timber
  [13] ammunition_factory limit=0 good=sulphur
  [14] steel_factory limit=0 good=iron
  [15] machine_parts_factory limit=0 good=steel
  [16] liquor_distillery limit=0 good=grain
  [17] winery limit=0 good=fruit
  [18] fertilizer_factory limit=0 good=sulphur
  [19] furniture_factory limit=0 good=timber
  [20] explosives_factory limit=0 good=sulphur
  [21] luxury_clothes_factory limit=0 good=silk
  [22] luxury_furniture_factory limit=0 good=tropical_wood
  [23] cement_factory limit=0 good=coal
  [24] glass_factory limit=0 good=coal
  [25] paper_mill limit=0 good=timber
  [26] fishery limit=0 good=raw_grain
  [27] regular_clothes_factory limit=0 good=cotton
  [28] canned_food_factory limit=0 good=grain
  [29] cattle_ranch limit=0 good=-
  [30] coal_mine limit=0 good=-
  [31] coffee_plantation limit=0 good=-
  [32] cotton_plantation limit=0 good=-
  [33] dye_plantation limit=0 good=-
  [34] grain_farm limit=0 good=-
  [35] iron_mine limit=0 good=-
  [36] oil_rig limit=0 good=-
  [37] opium_plantation limit=0 good=-
  [38] orchard limit=0 good=-
  [39] precious_metal_mine limit=0 good=-
  [40] rubber_lodge limit=0 good=-
  [41] silkworm_ranch limit=0 good=-
  [42] sulphur_mine limit=0 good=-
  [43] tea_plantation limit=0 good=-
  [44] timber_lodge limit=0 good=-
  [45] tobacco_plantation limit=0 good=-
  [46] tropical_wood_lodge limit=0 good=-
  [47] peasant_grain limit=0 good=grain
  [48] cattle_factory limit=1 good=raw_cattle
  [49] coal_factory limit=1 good=raw_coal
  [50] coffee_factory limit=1 good=raw_tea
  [51] cotton_factory limit=1 good=raw_cotton
  [52] dye_factory limit=1 good=raw_dye
  [53] grain_factory limit=1 good=raw_grain
  [54] iron_factory limit=1 good=raw_iron
  [55] oil_factory limit=1 good=raw_oil
  [56] opium_factory limit=1 good=raw_opium
  [57] fruit_factory limit=1 good=raw_fruit
  [58] rubber_factory limit=1 good=raw_rubber
  [59] silk_factory limit=1 good=raw_silk
  [60] sulphur_factory limit=1 good=raw_sulphur
  [61] tea_factory limit=1 good=raw_tea
  [62] timber_factory limit=1 good=raw_timber
  [63] tobacco_factory limit=1 good=raw_tobacco
  [64] tropical_wood_factory limit=1 good=raw_tropical_wood
ParseProductionTypes: разобрано 65 типов производства (шаблонов пропущено: 62)
ProdTypeGateHook: установлен
LoadProvinceGoods: ванильная history\provinces не найдена (I:\Vic2_Dev\V2BDSM\history\provinces)
LoadProvinceGoods: сканирую мод 'I:\Vic2_Dev\V2BDSM\mod\2\history\provinces' (перекрывает ванильные id)
LoadProvinceGoods: готово, 2707 провинций с trade_goods
HideNoSupplyFactoriesHook: установлен
PriceDelta: активен режим PriceDelta (линейный)
PriceDelta: 25 сотых процента, множитель 163
VersionLabel: 'V2 v3.04 + V2DLL v3.25' (len=22), пещера 02260000
CombatRoll: диапазон 2..4 (модуль=3)
OosWatch: FUN_00682EC0 rva 282EC0 -> v2dll_oos.log
Install: done
DllMain: attach, Install = 1
D3D9: Present перехвачен, FPU_PRESERVE=1 noVsync=0
D3D9: Present перехвачен, FPU_PRESERVE=1 noVsync=0
Update[CTechnologyView]: вызван, view=4E98BC80
Setup[CTechnologyView]: 'FE_ACADEMIES_BDSM' подписана
Setup[CTechnologyView]: 'FE_RPROJECTS_BDSM' подписана
ProdTypeGate: fishery -> result=1 (впервые)
ProdTypeGate: cattle_factory -> result=1 (впервые)
ProdTypeGate: grain_factory -> result=1 (впервые)
ProdTypeGate: timber_factory -> result=1 (впервые)
ProdTypeGate: iron_factory -> result=1 (впервые)
ProdTypeGate: coal_factory -> result=1 (впервые)
ProdTypeGate: sulphur_factory -> result=1 (впервые)
ProdTypeGate: coffee_factory -> result=1 (впервые)
ProdTypeGate: tea_factory -> result=1 (впервые)
ProdTypeGate: tobacco_factory -> result=1 (впервые)
ProdTypeGate: cotton_factory -> result=1 (впервые)
ProdTypeGate: dye_factory -> result=1 (впервые)
ProdTypeGate: opium_factory -> result=1 (впервые)
ProdTypeGate: silk_factory -> result=1 (впервые)
ProdTypeGate: tropical_wood_factory -> result=1 (впервые)
ProdTypeGate: machine_parts_factory -> result=0 (впервые)
ProdTypeGate: cement_factory -> result=0 (впервые)
ProdTypeGate: glass_factory -> result=0 (впервые)
ProdTypeGate: artillery_factory -> result=0 (впервые)
ProdTypeGate: ammunition_factory -> result=0 (впервые)
ProdTypeGate: canned_food_factory -> result=0 (впервые)
ProdTypeGate: winery -> result=0 (впервые)
ProdTypeGate: furniture_factory -> result=0 (впервые)
ProdTypeGate: regular_clothes_factory -> result=0 (впервые)
ProdTypeGate: paper_mill -> result=0 (впервые)
ProdTypeGate: luxury_clothes_factory -> result=0 (впервые)
ProdTypeGate: luxury_furniture_factory -> result=0 (впервые)
ProdTypeGate: fertilizer_factory -> result=0 (впервые)
ProdTypeGate: fruit_factory -> result=1 (впервые)
ProdTypeGate: liquor_distillery -> result=0 (впервые)
ProdTypeGate: steamer_shipyard -> result=0 (впервые)
ProdTypeGate: steel_factory -> result=0 (впервые)
ProdTypeGate: explosives_factory -> result=0 (впервые)
ProdTypeGate: small_arms_factory -> result=0 (впервые)
ProdTypeGate: explosives_factory -> result=0 (впервые)
ProdTypeGate: small_arms_factory -> result=0 (впервые)
ProdTypeGate: explosives_factory -> result=0 (впервые)
ProdTypeGate: small_arms_factory -> result=0 (впервые)
ProdTypeGate: explosives_factory -> result=0 (впервые)
ProdTypeGate: small_arms_factory -> result=0 (впервые)
ProdTypeGate: explosives_factory -> result=0 (впервые)
ProdTypeGate: small_arms_factory -> result=0 (впервые)
ProdTypeGate: small_arms_factory -> result=0 (впервые)
ProdTypeGate: explosives_factory -> result=0 (впервые)
ProdTypeGate: small_arms_factory -> result=0 (впервые)
ProdTypeGate: explosives_factory -> result=0 (впервые)
ProdTypeGate: small_arms_factory -> result=0 (впервые)
ProdTypeGate: explosives_factory -> result=0 (впервые)
ProdTypeGate: small_arms_factory -> result=0 (впервые)
ProdTypeGate: explosives_factory -> result=0 (впервые)
ProdTypeGate: small_arms_factory -> result=0 (впервые)
ProdTypeGate: explosives_factory -> result=0 (впервые)
ProdTypeGate: small_arms_factory -> result=0 (впервые)
ProdTypeGate: explosives_factory -> result=0 (впервые)
ProdTypeGate: small_arms_factory -> result=0 (впервые)
ProdTypeGate: explosives_factory -> result=0 (впервые)
ProdTypeGate: small_arms_factory -> result=0 (впервые)
ProdTypeGate: explosives_factory -> result=0 (впервые)
ProdTypeGate: small_arms_factory -> result=0 (впервые)
ProdTypeGate: explosives_factory -> result=0 (впервые)
ProdTypeGate: small_arms_factory -> result=0 (впервые)
ProdTypeGate: explosives_factory -> result=0 (впервые)
ProdTypeGate: small_arms_factory -> result=0 (впервые)
ProdTypeGate: small_arms_factory -> result=0 (впервые)
ProdTypeGate: small_arms_factory -> result=0 (впервые)
ProdTypeGate: explosives_factory -> result=0 (впервые)
ProdTypeGate: small_arms_factory -> result=0 (впервые)
ProdTypeGate: explosives_factory -> result=0 (впервые)
ProdTypeGate: small_arms_factory -> result=0 (впервые)
ProdTypeGate: explosives_factory -> result=0 (впервые)
ProdTypeGate: explosives_factory -> result=0 (впервые)
ProdTypeGate: small_arms_factory -> result=0 (впервые)
ProdTypeGate: explosives_factory -> result=0 (впервые)
ProdTypeGate: small_arms_factory -> result=0 (впервые)
ProdTypeGate: explosives_factory -> result=0 (впервые)
ProdTypeGate: small_arms_factory -> result=0 (впервые)
ProdTypeGate: explosives_factory -> result=0 (впервые)
ProdTypeGate: small_arms_factory -> result=0 (впервые)
ProdTypeGate: explosives_factory -> result=0 (впервые)
ProdTypeGate: small_arms_factory -> result=0 (впервые)
ProdTypeGate: explosives_factory -> result=0 (впервые)
ProdTypeGate: small_arms_factory -> result=0 (впервые)
ProdTypeGate: explosives_factory -> result=0 (впервые)
ProdTypeGate: small_arms_factory -> result=0 (впервые)
ProdTypeGate: explosives_factory -> result=0 (впервые)
ProdTypeGate: small_arms_factory -> result=0 (впервые)
ProdTypeGate: small_arms_factory -> result=0 (впервые)
ProdTypeGate: explosives_factory -> result=0 (впервые)
ProdTypeGate: small_arms_factory -> result=0 (впервые)
ProdTypeGate: explosives_factory -> result=0 (впервые)
ProdTypeGate: small_arms_factory -> result=0 (впервые)
ProdTypeGate: explosives_factory -> result=0 (впервые)
ProdTypeGate: small_arms_factory -> result=0 (впервые)
ProdTypeGate: explosives_factory -> result=0 (впервые)
ProdTypeGate: small_arms_factory -> result=0 (впервые)
ProdTypeGate: explosives_factory -> result=0 (впервые)
ProdTypeGate: small_arms_factory -> result=0 (впервые)
ProdTypeGate: explosives_factory -> result=0 (впервые)
ProdTypeGate: small_arms_factory -> result=0 (впервые)
ProdTypeGate: small_arms_factory -> result=0 (впервые)
ProdTypeGate: explosives_factory -> result=0 (впервые)
ProdTypeGate: small_arms_factory -> result=0 (впервые)
ProdTypeGate: explosives_factory -> result=0 (впервые)
ProdTypeGate: small_arms_factory -> result=0 (впервые)
ProdTypeGate: explosives_factory -> result=0 (впервые)
ProdTypeGate: small_arms_factory -> result=0 (впервые)
ProdTypeGate: small_arms_factory -> result=0 (впервые)
ProdTypeGate: small_arms_factory -> result=0 (впервые)
ProdTypeGate: explosives_factory -> result=0 (впервые)
ProdTypeGate: small_arms_factory -> result=0 (впервые)
ProdTypeGate: explosives_factory -> result=0 (впервые)
ProdTypeGate: explosives_factory -> result=0 (впервые)
ProdTypeGate: small_arms_factory -> result=0 (впервые)
ProdTypeGate: small_arms_factory -> result=0 (впервые)
ProdTypeGate: explosives_factory -> result=0 (впервые)
ProdTypeGate: small_arms_factory -> result=0 (впервые)
ProdTypeGate: explosives_factory -> result=0 (впервые)
ProdTypeGate: small_arms_factory -> result=0 (впервые)
ProdTypeGate: explosives_factory -> result=0 (впервые)
ProdTypeGate: small_arms_factory -> result=0 (впервые)
ProdTypeGate: explosives_factory -> result=0 (впервые)
ProdTypeGate: small_arms_factory -> result=0 (впервые)
ProdTypeGate: explosives_factory -> result=0 (впервые)
ProdTypeGate: small_arms_factory -> result=0 (впервые)
ProdTypeGate: explosives_factory -> result=0 (впервые)
ProdTypeGate: small_arms_factory -> result=0 (впервые)
ProdTypeGate: explosives_factory -> result=0 (впервые)
ProdTypeGate: small_arms_factory -> result=0 (впервые)
ProdTypeGate: explosives_factory -> result=0 (впервые)
ProdTypeGate: small_arms_factory -> result=0 (впервые)
ProdTypeGate: explosives_factory -> result=0 (впервые)
ProdTypeGate: small_arms_factory -> result=0 (впервые)
ProdTypeGate: explosives_factory -> result=0 (впервые)
ProdTypeGate: small_arms_factory -> result=0 (впервые)
ProdTypeGate: explosives_factory -> result=0 (впервые)
ProdTypeGate: explosives_factory -> result=0 (впервые)
ProdTypeGate: small_arms_factory -> result=0 (впервые)
ProdTypeGate: explosives_factory -> result=0 (впервые)
ProdTypeGate: small_arms_factory -> result=0 (впервые)
ProdTypeGate: explosives_factory -> result=0 (впервые)
ProdTypeGate: explosives_factory -> result=0 (впервые)
ProdTypeGate: small_arms_factory -> result=0 (впервые)
ProdTypeGate: explosives_factory -> result=0 (впервые)
ProdTypeGate: small_arms_factory -> result=0 (впервые)
ProdTypeGate: explosives_factory -> result=0 (впервые)
ProdTypeGate: small_arms_factory -> result=0 (впервые)
ProdTypeGate: explosives_factory -> result=0 (впервые)
ProdTypeGate: small_arms_factory -> result=0 (впервые)
ProdTypeGate: small_arms_factory -> result=0 (впервые)
ProdTypeGate: explosives_factory -> result=0 (впервые)
ProdTypeGate: small_arms_factory -> result=0 (впервые)
ProdTypeGate: explosives_factory -> result=0 (впервые)
ProdTypeGate: small_arms_factory -> result=0 (впервые)
ProdTypeGate: explosives_factory -> result=0 (впервые)
ProdTypeGate: small_arms_factory -> result=0 (впервые)
ProdTypeGate: explosives_factory -> result=0 (впервые)
ProdTypeGate: small_arms_factory -> result=0 (впервые)
ProdTypeGate: explosives_factory -> result=0 (впервые)
ProdTypeGate: small_arms_factory -> result=0 (впервые)
ProdTypeGate: explosives_factory -> result=0 (впервые)
ProdTypeGate: small_arms_factory -> result=0 (впервые)
ProdTypeGate: explosives_factory -> result=0 (впервые)
ProdTypeGate: small_arms_factory -> result=0 (впервые)
ProdTypeGate: explosives_factory -> result=0 (впервые)
ProdTypeGate: small_arms_factory -> result=0 (впервые)
ProdTypeGate: explosives_factory -> result=0 (впервые)
ProdTypeGate: small_arms_factory -> result=0 (впервые)
ProdTypeGate: explosives_factory -> result=0 (впервые)
ProdTypeGate: explosives_factory -> result=0 (впервые)
ProdTypeGate: small_arms_factory -> result=0 (впервые)
ProdTypeGate: explosives_factory -> result=0 (впервые)
ProdTypeGate: small_arms_factory -> result=0 (впервые)
ProdTypeGate: explosives_factory -> result=0 (впервые)
ProdTypeGate: small_arms_factory -> result=0 (впервые)
ProdTypeGate: explosives_factory -> result=0 (впервые)
ProdTypeGate: small_arms_factory -> result=0 (впервые)
ProdTypeGate: explosives_factory -> result=0 (впервые)
ProdTypeGate: small_arms_factory -> result=0 (впервые)
ProdTypeGate: explosives_factory -> result=0 (впервые)
ProdTypeGate: small_arms_factory -> result=0 (впервые)
ProdTypeGate: explosives_factory -> result=0 (впервые)
ProdTypeGate: small_arms_factory -> result=0 (впервые)
ProdTypeGate: explosives_factory -> result=0 (впервые)
ProdTypeGate: small_arms_factory -> result=0 (впервые)
ProdTypeGate: explosives_factory -> result=0 (впервые)
ProdTypeGate: explosives_factory -> result=0 (впервые)
ProdTypeGate: small_arms_factory -> result=0 (впервые)
ProdTypeGate: explosives_factory -> result=0 (впервые)
ProdTypeGate: small_arms_factory -> result=0 (впервые)
ProdTypeGate: explosives_factory -> result=0 (впервые)
ProdTypeGate: small_arms_factory -> result=0 (впервые)
ProdTypeGate: explosives_factory -> result=0 (впервые)
ProdTypeGate: small_arms_factory -> result=0 (впервые)
ProdTypeGate: explosives_factory -> result=0 (впервые)
ProdTypeGate: small_arms_factory -> result=0 (впервые)
ProdTypeGate: explosives_factory -> result=0 (впервые)
ProdTypeGate: small_arms_factory -> result=0 (впервые)
ProdTypeGate: explosives_factory -> result=0 (впервые)
ProdTypeGate: small_arms_factory -> result=0 (впервые)
ProdTypeGate: explosives_factory -> result=0 (впервые)
ProdTypeGate: small_arms_factory -> result=0 (впервые)
ProdTypeGate: small_arms_factory -> result=0 (впервые)
ProdTypeGate: explosives_factory -> result=0 (впервые)
ProdTypeGate: small_arms_factory -> result=0 (впервые)
ProdTypeGate: explosives_factory -> result=0 (впервые)
ProdTypeGate: small_arms_factory -> result=0 (впервые)
ProdTypeGate: explosives_factory -> result=0 (впервые)
ProdTypeGate: explosives_factory -> result=0 (впервые)
ProdTypeGate: small_arms_factory -> result=0 (впервые)
ProdTypeGate: explosives_factory -> result=0 (впервые)
ProdTypeGate: small_arms_factory -> result=0 (впервые)
ProdTypeGate: explosives_factory -> result=0 (впервые)
ProdTypeGate: small_arms_factory -> result=0 (впервые)
ProdTypeGate: explosives_factory -> result=0 (впервые)
ProdTypeGate: small_arms_factory -> result=0 (впервые)
ProdTypeGate: explosives_factory -> result=0 (впервые)
ProdTypeGate: small_arms_factory -> result=0 (впервые)
ProdTypeGate: explosives_factory -> result=0 (впервые)
ProdTypeGate: small_arms_factory -> result=0 (впервые)
ProdTypeGate: explosives_factory -> result=0 (впервые)
ProdTypeGate: small_arms_factory -> result=0 (впервые)
ProdTypeGate: explosives_factory -> result=0 (впервые)
ProdTypeGate: small_arms_factory -> result=0 (впервые)
ProdTypeGate: explosives_factory -> result=0 (впервые)
ProdTypeGate: small_arms_factory -> result=0 (впервые)
ProdTypeGate: explosives_factory -> result=0 (впервые)
ProdTypeGate: small_arms_factory -> result=0 (впервые)
ProdTypeGate: explosives_factory -> result=0 (впервые)
ProdTypeGate: small_arms_factory -> result=0 (впервые)
ProdTypeGate: explosives_factory -> result=0 (впервые)
ProdTypeGate: small_arms_factory -> result=0 (впервые)
ProdTypeGate: small_arms_factory -> result=0 (впервые)
ProdTypeGate: explosives_factory -> result=0 (впервые)
ProdTypeGate: small_arms_factory -> result=0 (впервые)
ProdTypeGate: explosives_factory -> result=0 (впервые)
ProdTypeGate: small_arms_factory -> result=0 (впервые)
ProdTypeGate: explosives_factory -> result=0 (впервые)
ProdTypeGate: small_arms_factory -> result=0 (впервые)
ProdTypeGate: explosives_factory -> result=0 (впервые)
ProdTypeGate: small_arms_factory -> result=0 (впервые)
ProdTypeGate: explosives_factory -> result=0 (впервые)
ProdTypeGate: small_arms_factory -> result=0 (впервые)
ProdTypeGate: explosives_factory -> result=0 (впервые)
ProdTypeGate: small_arms_factory -> result=0 (впервые)
ProdTypeGate: explosives_factory -> result=0 (впервые)
ProdTypeGate: small_arms_factory -> result=0 (впервые)
ProdTypeGate: explosives_factory -> result=0 (впервые)
ProdTypeGate: small_arms_factory -> result=0 (впервые)
ProdTypeGate: explosives_factory -> result=0 (впервые)
ProdTypeGate: small_arms_factory -> result=0 (впервые)
ProdTypeGate: explosives_factory -> result=0 (впервые)
ProdTypeGate: small_arms_factory -> result=0 (впервые)
ProdTypeGate: explosives_factory -> result=0 (впервые)
ProdTypeGate: small_arms_factory -> result=0 (впервые)
ProdTypeGate: explosives_factory -> result=0 (впервые)
ProdTypeGate: small_arms_factory -> result=0 (впервые)
ProdTypeGate: explosives_factory -> result=0 (впервые)
ProdTypeGate: small_arms_factory -> result=0 (впервые)
ProdTypeGate: explosives_factory -> result=0 (впервые)
ProdTypeGate: small_arms_factory -> result=0 (впервые)
ProdTypeGate: explosives_factory -> result=0 (впервые)
ProdTypeGate: small_arms_factory -> result=0 (впервые)
ProdTypeGate: explosives_factory -> result=0 (впервые)
ProdTypeGate: small_arms_factory -> result=0 (впервые)
ProdTypeGate: explosives_factory -> result=0 (впервые)
ProdTypeGate: small_arms_factory -> result=0 (впервые)
ProdTypeGate: explosives_factory -> result=0 (впервые)
ProdTypeGate: small_arms_factory -> result=0 (впервые)
ProdTypeGate: explosives_factory -> result=0 (впервые)
ProdTypeGate: small_arms_factory -> result=0 (впервые)
ProdTypeGate: explosives_factory -> result=0 (впервые)
ProdTypeGate: small_arms_factory -> result=0 (впервые)
ProdTypeGate: explosives_factory -> result=0 (впервые)
ProdTypeGate: small_arms_factory -> result=0 (впервые)
ProdTypeGate: explosives_factory -> result=0 (впервые)
ProdTypeGate: small_arms_factory -> result=0 (впервые)
ProdTypeGate: explosives_factory -> result=0 (впервые)
ProdTypeGate: small_arms_factory -> result=0 (впервые)
ProdTypeGate: explosives_factory -> result=0 (впервые)
ProdTypeGate: small_arms_factory -> result=0 (впервые)
ProdTypeGate: explosives_factory -> result=0 (впервые)
ProdTypeGate: small_arms_factory -> result=0 (впервые)
ProdTypeGate: explosives_factory -> result=0 (впервые)
ProdTypeGate: small_arms_factory -> result=0 (впервые)
ProdTypeGate: explosives_factory -> result=0 (впервые)
ProdTypeGate: small_arms_factory -> result=0 (впервые)
ProdTypeGate: explosives_factory -> result=0 (впервые)
ProdTypeGate: small_arms_factory -> result=0 (впервые)
ProdTypeGate: explosives_factory -> result=0 (впервые)
ProdTypeGate: small_arms_factory -> result=0 (впервые)
ProdTypeGate: explosives_factory -> result=0 (впервые)
ProdTypeGate: small_arms_factory -> result=0 (впервые)
ProdTypeGate: pharmaceutical_plant -> result=0 (впервые)
ProdTypeGate: explosives_factory -> result=0 (впервые)
ProdTypeGate: small_arms_factory -> result=0 (впервые)
ProdTypeGate: explosives_factory -> result=0 (впервые)
ProdTypeGate: small_arms_factory -> result=0 (впервые)
ProdTypeGate: explosives_factory -> result=0 (впервые)
ProdTypeGate: small_arms_factory -> result=0 (впервые)
ProdTypeGate: explosives_factory -> result=0 (впервые)
ProdTypeGate: small_arms_factory -> result=0 (впервые)
ProdTypeGate: explosives_factory -> result=0 (впервые)
ProdTypeGate: small_arms_factory -> result=0 (впервые)
ProdTypeGate: pharmaceutical_plant -> result=0 (впервые)
ProdTypeGate: explosives_factory -> result=0 (впервые)
ProdTypeGate: small_arms_factory -> result=0 (впервые)
ProdTypeGate: explosives_factory -> result=0 (впервые)
ProdTypeGate: small_arms_factory -> result=0 (впервые)
ProdTypeGate: explosives_factory -> result=0 (впервые)
ProdTypeGate: small_arms_factory -> result=0 (впервые)
ProdTypeGate: explosives_factory -> result=0 (впервые)
ProdTypeGate: small_arms_factory -> result=0 (впервые)
ProdTypeGate: explosives_factory -> result=0 (впервые)
ProdTypeGate: small_arms_factory -> result=0 (впервые)
ProdTypeGate: explosives_factory -> result=0 (впервые)
ProdTypeGate: small_arms_factory -> result=0 (впервые)
ProdTypeGate: explosives_factory -> result=0 (впервые)
ProdTypeGate: small_arms_factory -> result=0 (впервые)
ProdTypeGate: explosives_factory -> result=0 (впервые)
ProdTypeGate: small_arms_factory -> result=0 (впервые)
ProdTypeGate: explosives_factory -> result=0 (впервые)
ProdTypeGate: small_arms_factory -> result=0 (впервые)
ProdTypeGate: explosives_factory -> result=0 (впервые)
ProdTypeGate: small_arms_factory -> result=0 (впервые)
ProdTypeGate: small_arms_factory -> result=0 (впервые)
ProdTypeGate: small_arms_factory -> result=0 (впервые)
ProdTypeGate: explosives_factory -> result=0 (впервые)
ProdTypeGate: small_arms_factory -> result=0 (впервые)
ProdTypeGate: explosives_factory -> result=0 (впервые)
ProdTypeGate: small_arms_factory -> result=0 (впервые)
ProdTypeGate: explosives_factory -> result=0 (впервые)
ProdTypeGate: small_arms_factory -> result=0 (впервые)
ProdTypeGate: explosives_factory -> result=0 (впервые)
ProdTypeGate: small_arms_factory -> result=0 (впервые)
ProdTypeGate: explosives_factory -> result=0 (впервые)
ProdTypeGate: small_arms_factory -> result=0 (впервые)
ProdTypeGate: explosives_factory -> result=0 (впервые)
ProdTypeGate: small_arms_factory -> result=0 (впервые)
ProdTypeGate: explosives_factory -> result=0 (впервые)
ProdTypeGate: small_arms_factory -> result=0 (впервые)
ProdTypeGate: explosives_factory -> result=0 (впервые)
ProdTypeGate: small_arms_factory -> result=0 (впервые)
ProdTypeGate: explosives_factory -> result=0 (впервые)
ProdTypeGate: small_arms_factory -> result=0 (впервые)
ProdTypeGate: explosives_factory -> result=0 (впервые)
ProdTypeGate: small_arms_factory -> result=0 (впервые)
ProdTypeGate: explosives_factory -> result=0 (впервые)
ProdTypeGate: small_arms_factory -> result=0 (впервые)
ProdTypeGate: explosives_factory -> result=0 (впервые)
ProdTypeGate: small_arms_factory -> result=0 (впервые)
ProdTypeGate: explosives_factory -> result=0 (впервые)
ProdTypeGate: small_arms_factory -> result=0 (впервые)
ProdTypeGate: explosives_factory -> result=0 (впервые)
ProdTypeGate: small_arms_factory -> result=0 (впервые)
ProdTypeGate: explosives_factory -> result=0 (впервые)
ProdTypeGate: small_arms_factory -> result=0 (впервые)
ProdTypeGate: small_arms_factory -> result=0 (впервые)
ProdTypeGate: explosives_factory -> result=0 (впервые)
ProdTypeGate: small_arms_factory -> result=0 (впервые)
ProdTypeGate: explosives_factory -> result=0 (впервые)
ProdTypeGate: small_arms_factory -> result=0 (впервые)
ProdTypeGate: explosives_factory -> result=0 (впервые)
ProdTypeGate: small_arms_factory -> result=0 (впервые)
ProdTypeGate: explosives_factory -> result=0 (впервые)
ProdTypeGate: small_arms_factory -> result=0 (впервые)
ProdTypeGate: explosives_factory -> result=0 (впервые)
ProdTypeGate: explosives_factory -> result=0 (впервые)
ProdTypeGate: small_arms_factory -> result=0 (впервые)
ProdTypeGate: explosives_factory -> result=0 (впервые)
ProdTypeGate: small_arms_factory -> result=0 (впервые)
ProdTypeGate: explosives_factory -> result=0 (впервые)
ProdTypeGate: small_arms_factory -> result=0 (впервые)
ProdTypeGate: explosives_factory -> result=0 (впервые)
ProdTypeGate: small_arms_factory -> result=0 (впервые)
ProdTypeGate: explosives_factory -> result=0 (впервые)
ProdTypeGate: small_arms_factory -> result=0 (впервые)
ProdTypeGate: explosives_factory -> result=0 (впервые)
ProdTypeGate: explosives_factory -> result=0 (впервые)
ProdTypeGate: small_arms_factory -> result=0 (впервые)
ProdTypeGate: explosives_factory -> result=0 (впервые)
ProdTypeGate: small_arms_factory -> result=0 (впервые)
ProdTypeGate: explosives_factory -> result=0 (впервые)
ProdTypeGate: small_arms_factory -> result=0 (впервые)
ProdTypeGate: explosives_factory -> result=0 (впервые)
ProdTypeGate: small_arms_factory -> result=0 (впервые)
ProdTypeGate: explosives_factory -> result=0 (впервые)
ProdTypeGate: small_arms_factory -> result=0 (впервые)
ProdTypeGate: explosives_factory -> result=0 (впервые)
ProdTypeGate: small_arms_factory -> result=0 (впервые)
ProdTypeGate: explosives_factory -> result=0 (впервые)
ProdTypeGate: small_arms_factory -> result=0 (впервые)
ProdTypeGate: explosives_factory -> result=0 (впервые)
ProdTypeGate: explosives_factory -> result=0 (впервые)
ProdTypeGate: small_arms_factory -> result=0 (впервые)
ProdTypeGate: explosives_factory -> result=0 (впервые)
ProdTypeGate: small_arms_factory -> result=0 (впервые)
ProdTypeGate: small_arms_factory -> result=0 (впервые)
ProdTypeGate: explosives_factory -> result=0 (впервые)
ProdTypeGate: explosives_factory -> result=0 (впервые)
ProdTypeGate: small_arms_factory -> result=0 (впервые)
ProdTypeGate: explosives_factory -> result=0 (впервые)
ProdTypeGate: small_arms_factory -> result=0 (впервые)
ProdTypeGate: explosives_factory -> result=0 (впервые)
ProdTypeGate: explosives_factory -> result=0 (впервые)
ProdTypeGate: explosives_factory -> result=0 (впервые)
ProdTypeGate: small_arms_factory -> result=0 (впервые)
ProdTypeGate: explosives_factory -> result=0 (впервые)
ProdTypeGate: small_arms_factory -> result=0 (впервые)
ProdTypeGate: explosives_factory -> result=0 (впервые)
ProdTypeGate: small_arms_factory -> result=0 (впервые)
ProdTypeGate: explosives_factory -> result=0 (впервые)
ProdTypeGate: small_arms_factory -> result=0 (впервые)
ProdTypeGate: explosives_factory -> result=0 (впервые)
ProdTypeGate: small_arms_factory -> result=0 (впервые)
ProdTypeGate: explosives_factory -> result=0 (впервые)
ProdTypeGate: explosives_factory -> result=0 (впервые)
ProdTypeGate: small_arms_factory -> result=0 (впервые)
ProdTypeGate: explosives_factory -> result=0 (впервые)
ProdTypeGate: small_arms_factory -> result=0 (впервые)
ProdTypeGate: explosives_factory -> result=0 (впервые)
ProdTypeGate: small_arms_factory -> result=0 (впервые)
ProdTypeGate: explosives_factory -> result=0 (впервые)
ProdTypeGate: explosives_factory -> result=0 (впервые)
ProdTypeGate: explosives_factory -> result=0 (впервые)
ProdTypeGate: small_arms_factory -> result=0 (впервые)
ProdTypeGate: explosives_factory -> result=0 (впервые)
ProdTypeGate: small_arms_factory -> result=0 (впервые)
ProdTypeGate: explosives_factory -> result=0 (впервые)
ProdTypeGate: explosives_factory -> result=0 (впервые)
ProdTypeGate: small_arms_factory -> result=0 (впервые)
ProdTypeGate: explosives_factory -> result=0 (впервые)
ProdTypeGate: small_arms_factory -> result=0 (впервые)
ProdTypeGate: explosives_factory -> result=0 (впервые)
ProdTypeGate: small_arms_factory -> result=0 (впервые)
ProdTypeGate: explosives_factory -> result=0 (впервые)
ProdTypeGate: explosives_factory -> result=0 (впервые)
ProdTypeGate: small_arms_factory -> result=0 (впервые)
ProdTypeGate: explosives_factory -> result=0 (впервые)
ProdTypeGate: small_arms_factory -> result=0 (впервые)
ProdTypeGate: explosives_factory -> result=0 (впервые)
ProdTypeGate: small_arms_factory -> result=0 (впервые)
ProdTypeGate: explosives_factory -> result=0 (впервые)
ProdTypeGate: small_arms_factory -> result=0 (впервые)
ProdTypeGate: explosives_factory -> result=0 (впервые)
ProdTypeGate: small_arms_factory -> result=0 (впервые)
ProdTypeGate: small_arms_factory -> result=0 (впервые)
ProdTypeGate: explosives_factory -> result=0 (впервые)
ProdTypeGate: small_arms_factory -> result=0 (впервые)
ProdTypeGate: explosives_factory -> result=0 (впервые)
ProdTypeGate: small_arms_factory -> result=0 (впервые)
ProdTypeGate: small_arms_factory -> result=0 (впервые)
ProdTypeGate: explosives_factory -> result=0 (впервые)
ProdTypeGate: small_arms_factory -> result=0 (впервые)
ProdTypeGate: explosives_factory -> result=0 (впервые)
ProdTypeGate: small_arms_factory -> result=0 (впервые)
ProdTypeGate: explosives_factory -> result=0 (впервые)
ProdTypeGate: small_arms_factory -> result=0 (впервые)
ProdTypeGate: small_arms_factory -> result=0 (впервые)
ProdTypeGate: explosives_factory -> result=0 (впервые)
ProdTypeGate: small_arms_factory -> result=0 (впервые)
ProdTypeGate: explosives_factory -> result=0 (впервые)
ProdTypeGate: small_arms_factory -> result=0 (впервые)
ProdTypeGate: explosives_factory -> result=0 (впервые)
ProdTypeGate: small_arms_factory -> result=0 (впервые)
ProdTypeGate: explosives_factory -> result=0 (впервые)
ProdTypeGate: small_arms_factory -> result=0 (впервые)
ProdTypeGate: explosives_factory -> result=0 (впервые)
ProdTypeGate: small_arms_factory -> result=0 (впервые)
ProdTypeGate: explosives_factory -> result=0 (впервые)
ProdTypeGate: small_arms_factory -> result=0 (впервые)
ProdTypeGate: explosives_factory -> result=0 (впервые)
ProdTypeGate: small_arms_factory -> result=0 (впервые)
ProdTypeGate: explosives_factory -> result=0 (впервые)
ProdTypeGate: small_arms_factory -> result=0 (впервые)
ProdTypeGate: explosives_factory -> result=0 (впервые)
ProdTypeGate: small_arms_factory -> result=0 (впервые)
ProdTypeGate: explosives_factory -> result=0 (впервые)
ProdTypeGate: small_arms_factory -> result=0 (впервые)
ProdTypeGate: explosives_factory -> result=0 (впервые)
ProdTypeGate: small_arms_factory -> result=0 (впервые)
ProdTypeGate: small_arms_factory -> result=0 (впервые)
ProdTypeGate: explosives_factory -> result=0 (впервые)
ProdTypeGate: small_arms_factory -> result=0 (впервые)
ProdTypeGate: explosives_factory -> result=0 (впервые)
ProdTypeGate: small_arms_factory -> result=0 (впервые)
ProdTypeGate: small_arms_factory -> result=0 (впервые)
ProdTypeGate: explosives_factory -> result=0 (впервые)
ProdTypeGate: small_arms_factory -> result=0 (впервые)
ProdTypeGate: explosives_factory -> result=0 (впервые)
ProdTypeGate: small_arms_factory -> result=0 (впервые)
ProdTypeGate: explosives_factory -> result=0 (впервые)
ProdTypeGate: small_arms_factory -> result=0 (впервые)
ProdTypeGate: explosives_factory -> result=0 (впервые)
ProdTypeGate: small_arms_factory -> result=0 (впервые)
ProdTypeGate: explosives_factory -> result=0 (впервые)
ProdTypeGate: small_arms_factory -> result=0 (впервые)
ProdTypeGate: explosives_factory -> result=0 (впервые)
ProdTypeGate: small_arms_factory -> result=0 (впервые)
ProdTypeGate: explosives_factory -> result=0 (впервые)
ProdTypeGate: small_arms_factory -> result=0 (впервые)
ProdTypeGate: explosives_factory -> result=0 (впервые)
ProdTypeGate: small_arms_factory -> result=0 (впервые)
ProdTypeGate: explosives_factory -> result=0 (впервые)
ProdTypeGate: small_arms_factory -> result=0 (впервые)
ProdTypeGate: explosives_factory -> result=0 (впервые)
ProdTypeGate: small_arms_factory -> result=0 (впервые)
ProdTypeGate: explosives_factory -> result=0 (впервые)
ProdTypeGate: small_arms_factory -> result=0 (впервые)
ProdTypeGate: explosives_factory -> result=0 (впервые)
ProdTypeGate: small_arms_factory -> result=0 (впервые)
ProdTypeGate: explosives_factory -> result=0 (впервые)
ProdTypeGate: small_arms_factory -> result=0 (впервые)
ProdTypeGate: explosives_factory -> result=0 (впервые)
ProdTypeGate: small_arms_factory -> result=0 (впервые)
ProdTypeGate: explosives_factory -> result=0 (впервые)
ProdTypeGate: small_arms_factory -> result=0 (впервые)
ProdTypeGate: explosives_factory -> result=0 (впервые)
ProdTypeGate: small_arms_factory -> result=0 (впервые)
ProdTypeGate: explosives_factory -> result=0 (впервые)
ProdTypeGate: small_arms_factory -> result=0 (впервые)
ProdTypeGate: explosives_factory -> result=0 (впервые)
ProdTypeGate: small_arms_factory -> result=0 (впервые)
ProdTypeGate: explosives_factory -> result=0 (впервые)
ProdTypeGate: small_arms_factory -> result=0 (впервые)
ProdTypeGate: explosives_factory -> result=0 (впервые)
ProdTypeGate: small_arms_factory -> result=0 (впервые)
ProdTypeGate: explosives_factory -> result=0 (впервые)
ProdTypeGate: small_arms_factory -> result=0 (впервые)
ProdTypeGate: small_arms_factory -> result=0 (впервые)
ProdTypeGate: explosives_factory -> result=0 (впервые)
ProdTypeGate: small_arms_factory -> result=0 (впервые)
ProdTypeGate: explosives_factory -> result=0 (впервые)
ProdTypeGate: small_arms_factory -> result=0 (впервые)
ProdTypeGate: explosives_factory -> result=0 (впервые)
ProdTypeGate: explosives_factory -> result=0 (впервые)
ProdTypeGate: small_arms_factory -> result=0 (впервые)
ProdTypeGate: explosives_factory -> result=0 (впервые)
ProdTypeGate: small_arms_factory -> result=0 (впервые)
ProdTypeGate: small_arms_factory -> result=0 (впервые)
ProdTypeGate: explosives_factory -> result=0 (впервые)
ProdTypeGate: small_arms_factory -> result=0 (впервые)
ProdTypeGate: explosives_factory -> result=0 (впервые)
ProdTypeGate: small_arms_factory -> result=0 (впервые)
ProdTypeGate: explosives_factory -> result=0 (впервые)
ProdTypeGate: small_arms_factory -> result=0 (впервые)
ProdTypeGate: explosives_factory -> result=0 (впервые)
ProdTypeGate: small_arms_factory -> result=0 (впервые)
ProdTypeGate: small_arms_factory -> result=0 (впервые)
ProdTypeGate: explosives_factory -> result=0 (впервые)
ProdTypeGate: small_arms_factory -> result=0 (впервые)
ProdTypeGate: explosives_factory -> result=0 (впервые)
ProdTypeGate: small_arms_factory -> result=0 (впервые)
ProdTypeGate: explosives_factory -> result=0 (впервые)
ProdTypeGate: small_arms_factory -> result=0 (впервые)
ProdTypeGate: explosives_factory -> result=0 (впервые)
ProdTypeGate: small_arms_factory -> result=0 (впервые)
ProdTypeGate: explosives_factory -> result=0 (впервые)
ProdTypeGate: small_arms_factory -> result=0 (впервые)
ProdTypeGate: explosives_factory -> result=0 (впервые)
ProdTypeGate: explosives_factory -> result=0 (впервые)
ProdTypeGate: small_arms_factory -> result=0 (впервые)
ProdTypeGate: explosives_factory -> result=0 (впервые)
ProdTypeGate: small_arms_factory -> result=0 (впервые)
ProdTypeGate: explosives_factory -> result=0 (впервые)
ProdTypeGate: small_arms_factory -> result=0 (впервые)
ProdTypeGate: explosives_factory -> result=0 (впервые)
ProdTypeGate: small_arms_factory -> result=0 (впервые)
ProdTypeGate: explosives_factory -> result=0 (впервые)
ProdTypeGate: small_arms_factory -> result=0 (впервые)
ProdTypeGate: explosives_factory -> result=0 (впервые)
ProdTypeGate: small_arms_factory -> result=0 (впервые)
ProdTypeGate: explosives_factory -> result=0 (впервые)
ProdTypeGate: small_arms_factory -> result=0 (впервые)
ProdTypeGate: explosives_factory -> result=0 (впервые)
ProdTypeGate: small_arms_factory -> result=0 (впервые)
ProdTypeGate: explosives_factory -> result=0 (впервые)
ProdTypeGate: small_arms_factory -> result=0 (впервые)
ProdTypeGate: explosives_factory -> result=0 (впервые)
ProdTypeGate: small_arms_factory -> result=0 (впервые)
ProdTypeGate: small_arms_factory -> result=0 (впервые)
ProdTypeGate: explosives_factory -> result=0 (впервые)
ProdTypeGate: small_arms_factory -> result=0 (впервые)
ProdTypeGate: explosives_factory -> result=0 (впервые)
ProdTypeGate: small_arms_factory -> result=0 (впервые)
ProdTypeGate: explosives_factory -> result=0 (впервые)
ProdTypeGate: small_arms_factory -> result=0 (впервые)
ProdTypeGate: explosives_factory -> result=0 (впервые)
ProdTypeGate: small_arms_factory -> result=0 (впервые)
ProdTypeGate: explosives_factory -> result=0 (впервые)
ProdTypeGate: small_arms_factory -> result=0 (впервые)
ProdTypeGate: explosives_factory -> result=0 (впервые)
ProdTypeGate: small_arms_factory -> result=0 (впервые)
ProdTypeGate: explosives_factory -> result=0 (впервые)
ProdTypeGate: small_arms_factory -> result=0 (впервые)
ProdTypeGate: explosives_factory -> result=0 (впервые)
ProdTypeGate: small_arms_factory -> result=0 (впервые)
ProdTypeGate: explosives_factory -> result=0 (впервые)
ProdTypeGate: small_arms_factory -> result=0 (впервые)
ProdTypeGate: explosives_factory -> result=0 (впервые)
ProdTypeGate: small_arms_factory -> result=0 (впервые)
ProdTypeGate: explosives_factory -> result=0 (впервые)
ProdTypeGate: small_arms_factory -> result=0 (впервые)
ProdTypeGate: explosives_factory -> result=0 (впервые)
ProdTypeGate: small_arms_factory -> result=0 (впервые)
ProdTypeGate: explosives_factory -> result=0 (впервые)
ProdTypeGate: small_arms_factory -> result=0 (впервые)
ProdTypeGate: explosives_factory -> result=0 (впервые)
ProdTypeGate: small_arms_factory -> result=0 (впервые)
ProdTypeGate: explosives_factory -> result=0 (впервые)
ProdTypeGate: small_arms_factory -> result=0 (впервые)
ProdTypeGate: explosives_factory -> result=0 (впервые)
ProdTypeGate: small_arms_factory -> result=0 (впервые)
ProdTypeGate: explosives_factory -> result=0 (впервые)
ProdTypeGate: explosives_factory -> result=0 (впервые)
ProdTypeGate: small_arms_factory -> result=0 (впервые)
ProdTypeGate: small_arms_factory -> result=0 (впервые)
ProdTypeGate: explosives_factory -> result=0 (впервые)
ProdTypeGate: small_arms_factory -> result=0 (впервые)
ProdTypeGate: explosives_factory -> result=0 (впервые)
ProdTypeGate: small_arms_factory -> result=0 (впервые)
ProdTypeGate: explosives_factory -> result=0 (впервые)
ProdTypeGate: small_arms_factory -> result=0 (впервые)
ProdTypeGate: explosives_factory -> result=0 (впервые)
ProdTypeGate: small_arms_factory -> result=0 (впервые)
ProdTypeGate: explosives_factory -> result=0 (впервые)
ProdTypeGate: small_arms_factory -> result=0 (впервые)
ProdTypeGate: explosives_factory -> result=0 (впервые)
ProdTypeGate: small_arms_factory -> result=0 (впервые)
ProdTypeGate: explosives_factory -> result=0 (впервые)
ProdTypeGate: small_arms_factory -> result=0 (впервые)
ProdTypeGate: explosives_factory -> result=0 (впервые)
ProdTypeGate: small_arms_factory -> result=0 (впервые)
ProdTypeGate: explosives_factory -> result=0 (впервые)
ProdTypeGate: small_arms_factory -> result=0 (впервые)
ProdTypeGate: explosives_factory -> result=0 (впервые)
ProdTypeGate: small_arms_factory -> result=0 (впервые)
ProdTypeGate: explosives_factory -> result=0 (впервые)
ProdTypeGate: small_arms_factory -> result=0 (впервые)
ProdTypeGate: explosives_factory -> result=0 (впервые)
ProdTypeGate: small_arms_factory -> result=0 (впервые)
ProdTypeGate: explosives_factory -> result=0 (впервые)
ProdTypeGate: small_arms_factory -> result=0 (впервые)
ProdTypeGate: small_arms_factory -> result=0 (впервые)
ProdTypeGate: explosives_factory -> result=0 (впервые)
ProdTypeGate: small_arms_factory -> result=0 (впервые)
ProdTypeGate: small_arms_factory -> result=0 (впервые)
ProdTypeGate: explosives_factory -> result=0 (впервые)
ProdTypeGate: small_arms_factory -> result=0 (впервые)
ProdTypeGate: explosives_factory -> result=0 (впервые)
ProdTypeGate: small_arms_factory -> result=0 (впервые)
ProdTypeGate: explosives_factory -> result=0 (впервые)
ProdTypeGate: small_arms_factory -> result=0 (впервые)
ProdTypeGate: explosives_factory -> result=0 (впервые)
ProdTypeGate: small_arms_factory -> result=0 (впервые)
ProdTypeGate: explosives_factory -> result=0 (впервые)
ProdTypeGate: small_arms_factory -> result=0 (впервые)
ProdTypeGate: explosives_factory -> result=0 (впервые)
ProdTypeGate: small_arms_factory -> result=0 (впервые)
ProdTypeGate: explosives_factory -> result=0 (впервые)
ProdTypeGate: small_arms_factory -> result=0 (впервые)
ProdTypeGate: explosives_factory -> result=0 (впервые)
ProdTypeGate: small_arms_factory -> result=0 (впервые)
ProdTypeGate: explosives_factory -> result=0 (впервые)
ProdTypeGate: explosives_factory -> result=0 (впервые)
ProdTypeGate: small_arms_factory -> result=0 (впервые)
ProdTypeGate: explosives_factory -> result=0 (впервые)
ProdTypeGate: small_arms_factory -> result=0 (впервые)
ProdTypeGate: explosives_factory -> result=0 (впервые)
ProdTypeGate: small_arms_factory -> result=0 (впервые)
ProdTypeGate: explosives_factory -> result=0 (впервые)
ProdTypeGate: small_arms_factory -> result=0 (впервые)
ProdTypeGate: explosives_factory -> result=0 (впервые)
ProdTypeGate: small_arms_factory -> result=0 (впервые)
ProdTypeGate: explosives_factory -> result=0 (впервые)
ProdTypeGate: small_arms_factory -> result=0 (впервые)
ProdTypeGate: explosives_factory -> result=0 (впервые)
ProdTypeGate: small_arms_factory -> result=0 (впервые)
ProdTypeGate: explosives_factory -> result=0 (впервые)
ProdTypeGate: small_arms_factory -> result=0 (впервые)
ProdTypeGate: explosives_factory -> result=0 (впервые)
ProdTypeGate: small_arms_factory -> result=0 (впервые)
ProdTypeGate: explosives_factory -> result=0 (впервые)
ProdTypeGate: small_arms_factory -> result=0 (впервые)
ProdTypeGate: explosives_factory -> result=0 (впервые)
ProdTypeGate: small_arms_factory -> result=0 (впервые)
ProdTypeGate: explosives_factory -> result=0 (впервые)
ProdTypeGate: small_arms_factory -> result=0 (впервые)
ProdTypeGate: explosives_factory -> result=0 (впервые)
ProdTypeGate: small_arms_factory -> result=0 (впервые)
ProdTypeGate: explosives_factory -> result=0 (впервые)
ProdTypeGate: small_arms_factory -> result=0 (впервые)
ProdTypeGate: explosives_factory -> result=0 (впервые)
ProdTypeGate: small_arms_factory -> result=0 (впервые)
ProdTypeGate: explosives_factory -> result=0 (впервые)
ProdTypeGate: small_arms_factory -> result=0 (впервые)
ProdTypeGate: explosives_factory -> result=0 (впервые)
ProdTypeGate: small_arms_factory -> result=0 (впервые)
ProdTypeGate: explosives_factory -> result=0 (впервые)
ProdTypeGate: small_arms_factory -> result=0 (впервые)
ProdTypeGate: explosives_factory -> result=0 (впервые)
ProdTypeGate: small_arms_factory -> result=0 (впервые)
ProdTypeGate: explosives_factory -> result=0 (впервые)
ProdTypeGate: small_arms_factory -> result=0 (впервые)
ProdTypeGate: explosives_factory -> result=0 (впервые)
ProdTypeGate: small_arms_factory -> result=0 (впервые)
ProdTypeGate: explosives_factory -> result=0 (впервые)
ProdTypeGate: explosives_factory -> result=0 (впервые)
ProdTypeGate: small_arms_factory -> result=0 (впервые)
ProdTypeGate: explosives_factory -> result=0 (впервые)
ProdTypeGate: small_arms_factory -> result=0 (впервые)
ProdTypeGate: explosives_factory -> result=0 (впервые)
ProdTypeGate: small_arms_factory -> result=0 (впервые)
ProdTypeGate: explosives_factory -> result=0 (впервые)
ProdTypeGate: small_arms_factory -> result=0 (впервые)
ProdTypeGate: explosives_factory -> result=0 (впервые)
ProdTypeGate: small_arms_factory -> result=0 (впервые)
ProdTypeGate: explosives_factory -> result=0 (впервые)
ProdTypeGate: small_arms_factory -> result=0 (впервые)
ProdTypeGate: explosives_factory -> result=0 (впервые)
ProdTypeGate: small_arms_factory -> result=0 (впервые)
ProdTypeGate: explosives_factory -> result=0 (впервые)
ProdTypeGate: small_arms_factory -> result=0 (впервые)
ProdTypeGate: explosives_factory -> result=0 (впервые)
ProdTypeGate: small_arms_factory -> result=0 (впервые)
ProdTypeGate: explosives_factory -> result=0 (впервые)
ProdTypeGate: small_arms_factory -> result=0 (впервые)
ProdTypeGate: explosives_factory -> result=0 (впервые)
ProdTypeGate: small_arms_factory -> result=0 (впервые)
ProdTypeGate: explosives_factory -> result=0 (впервые)
ProdTypeGate: small_arms_factory -> result=0 (впервые)
ProdTypeGate: explosives_factory -> result=0 (впервые)
ProdTypeGate: small_arms_factory -> result=0 (впервые)
ProdTypeGate: explosives_factory -> result=0 (впервые)
ProdTypeGate: small_arms_factory -> result=0 (впервые)
ProdTypeGate: explosives_factory -> result=0 (впервые)
ProdTypeGate: small_arms_factory -> result=0 (впервые)
ProdTypeGate: explosives_factory -> result=0 (впервые)
ProdTypeGate: small_arms_factory -> result=0 (впервые)
ProdTypeGate: small_arms_factory -> result=0 (впервые)
ProdTypeGate: explosives_factory -> result=0 (впервые)
ProdTypeGate: small_arms_factory -> result=0 (впервые)
ProdTypeGate: explosives_factory -> result=0 (впервые)
ProdTypeGate: small_arms_factory -> result=0 (впервые)
ProdTypeGate: explosives_factory -> result=0 (впервые)
ProdTypeGate: small_arms_factory -> result=0 (впервые)
ProdTypeGate: explosives_factory -> result=0 (впервые)
ProdTypeGate: explosives_factory -> result=0 (впервые)
ProdTypeGate: small_arms_factory -> result=0 (впервые)
ProdTypeGate: explosives_factory -> result=0 (впервые)
ProdTypeGate: small_arms_factory -> result=0 (впервые)
ProdTypeGate: explosives_factory -> result=0 (впервые)
ProdTypeGate: small_arms_factory -> result=0 (впервые)
ProdTypeGate: small_arms_factory -> result=0 (впервые)
ProdTypeGate: explosives_factory -> result=0 (впервые)
ProdTypeGate: small_arms_factory -> result=0 (впервые)
ProdTypeGate: explosives_factory -> result=0 (впервые)
ProdTypeGate: small_arms_factory -> result=0 (впервые)
ProdTypeGate: explosives_factory -> result=0 (впервые)
ProdTypeGate: small_arms_factory -> result=0 (впервые)
ProdTypeGate: explosives_factory -> result=0 (впервые)
ProdTypeGate: small_arms_factory -> result=0 (впервые)
ProdTypeGate: explosives_factory -> result=0 (впервые)
ProdTypeGate: small_arms_factory -> result=0 (впервые)
ProdTypeGate: small_arms_factory -> result=0 (впервые)
ProdTypeGate: explosives_factory -> result=0 (впервые)
ProdTypeGate: small_arms_factory -> result=0 (впервые)
ProdTypeGate: explosives_factory -> result=0 (впервые)
ProdTypeGate: small_arms_factory -> result=0 (впервые)
ProdTypeGate: explosives_factory -> result=0 (впервые)
ProdTypeGate: small_arms_factory -> result=0 (впервые)
ProdTypeGate: small_arms_factory -> result=0 (впервые)
ProdTypeGate: explosives_factory -> result=0 (впервые)
ProdTypeGate: small_arms_factory -> result=0 (впервые)
ProdTypeGate: explosives_factory -> result=0 (впервые)
ProdTypeGate: small_arms_factory -> result=0 (впервые)
ProdTypeGate: explosives_factory -> result=0 (впервые)
ProdTypeGate: small_arms_factory -> result=0 (впервые)
ProdTypeGate: explosives_factory -> result=0 (впервые)
ProdTypeGate: small_arms_factory -> result=0 (впервые)
ProdTypeGate: explosives_factory -> result=0 (впервые)
ProdTypeGate: small_arms_factory -> result=0 (впервые)
ProdTypeGate: small_arms_factory -> result=0 (впервые)
ProdTypeGate: explosives_factory -> result=0 (впервые)
ProdTypeGate: small_arms_factory -> result=0 (впервые)
ProdTypeGate: small_arms_factory -> result=0 (впервые)
ProdTypeGate: explosives_factory -> result=0 (впервые)
ProdTypeGate: small_arms_factory -> result=0 (впервые)
ProdTypeGate: small_arms_factory -> result=0 (впервые)
ProdTypeGate: explosives_factory -> result=0 (впервые)
ProdTypeGate: small_arms_factory -> result=0 (впервые)
ProdTypeGate: explosives_factory -> result=0 (впервые)
ProdTypeGate: small_arms_factory -> result=0 (впервые)
ProdTypeGate: small_arms_factory -> result=0 (впервые)
ProdTypeGate: small_arms_factory -> result=0 (впервые)
ProdTypeGate: explosives_factory -> result=0 (впервые)
ProdTypeGate: small_arms_factory -> result=0 (впервые)
ProdTypeGate: explosives_factory -> result=0 (впервые)
ProdTypeGate: small_arms_factory -> result=0 (впервые)
ProdTypeGate: explosives_factory -> result=0 (впервые)
ProdTypeGate: small_arms_factory -> result=0 (впервые)
ProdTypeGate: explosives_factory -> result=0 (впервые)
ProdTypeGate: small_arms_factory -> result=0 (впервые)
ProdTypeGate: explosives_factory -> result=0 (впервые)
ProdTypeGate: small_arms_factory -> result=0 (впервые)
ProdTypeGate: explosives_factory -> result=0 (впервые)
ProdTypeGate: small_arms_factory -> result=0 (впервые)
ProdTypeGate: explosives_factory -> result=0 (впервые)
ProdTypeGate: small_arms_factory -> result=0 (впервые)
ProdTypeGate: explosives_factory -> result=0 (впервые)
ProdTypeGate: small_arms_factory -> result=0 (впервые)
ProdTypeGate: explosives_factory -> result=0 (впервые)
ProdTypeGate: small_arms_factory -> result=0 (впервые)
ProdTypeGate: explosives_factory -> result=0 (впервые)
ProdTypeGate: small_arms_factory -> result=0 (впервые)
ProdTypeGate: explosives_factory -> result=0 (впервые)
ProdTypeGate: small_arms_factory -> result=0 (впервые)
ProdTypeGate: small_arms_factory -> result=0 (впервые)
ProdTypeGate: explosives_factory -> result=0 (впервые)
ProdTypeGate: small_arms_factory -> result=0 (впервые)
ProdTypeGate: explosives_factory -> result=0 (впервые)
ProdTypeGate: small_arms_factory -> result=0 (впервые)
ProdTypeGate: explosives_factory -> result=0 (впервые)
ProdTypeGate: small_arms_factory -> result=0 (впервые)
ProdTypeGate: explosives_factory -> result=0 (впервые)
ProdTypeGate: small_arms_factory -> result=0 (впервые)
ProdTypeGate: explosives_factory -> result=0 (впервые)
ProdTypeGate: small_arms_factory -> result=0 (впервые)
ProdTypeGate: explosives_factory -> result=0 (впервые)
ProdTypeGate: small_arms_factory -> result=0 (впервые)
ProdTypeGate: explosives_factory -> result=0 (впервые)
ProdTypeGate: small_arms_factory -> result=0 (впервые)
ProdTypeGate: explosives_factory -> result=0 (впервые)
ProdTypeGate: small_arms_factory -> result=0 (впервые)
ProdTypeGate: small_arms_factory -> result=0 (впервые)
ProdTypeGate: explosives_factory -> result=0 (впервые)
ProdTypeGate: small_arms_factory -> result=0 (впервые)
ProdTypeGate: explosives_factory -> result=0 (впервые)
ProdTypeGate: small_arms_factory -> result=0 (впервые)
ProdTypeGate: explosives_factory -> result=0 (впервые)
ProdTypeGate: small_arms_factory -> result=0 (впервые)
ProdTypeGate: small_arms_factory -> result=0 (впервые)
ProdTypeGate: explosives_factory -> result=0 (впервые)
ProdTypeGate: small_arms_factory -> result=0 (впервые)
ProdTypeGate: explosives_factory -> result=0 (впервые)
ProdTypeGate: small_arms_factory -> result=0 (впервые)
ProdTypeGate: explosives_factory -> result=0 (впервые)
ProdTypeGate: small_arms_factory -> result=0 (впервые)
ProdTypeGate: explosives_factory -> result=0 (впервые)
ProdTypeGate: small_arms_factory -> result=0 (впервые)
ProdTypeGate: explosives_factory -> result=0 (впервые)
ProdTypeGate: small_arms_factory -> result=0 (впервые)
ProdTypeGate: explosives_factory -> result=0 (впервые)
ProdTypeGate: small_arms_factory -> result=0 (впервые)
ProdTypeGate: small_arms_factory -> result=0 (впервые)
ProdTypeGate: explosives_factory -> result=0 (впервые)
ProdTypeGate: small_arms_factory -> result=0 (впервые)
ProdTypeGate: explosives_factory -> result=0 (впервые)
ProdTypeGate: small_arms_factory -> result=0 (впервые)
ProdTypeGate: explosives_factory -> result=0 (впервые)
ProdTypeGate: small_arms_factory -> result=0 (впервые)
ProdTypeGate: explosives_factory -> result=0 (впервые)
ProdTypeGate: small_arms_factory -> result=0 (впервые)
ProdTypeGate: explosives_factory -> result=0 (впервые)
ProdTypeGate: small_arms_factory -> result=0 (впервые)
ProdTypeGate: explosives_factory -> result=0 (впервые)
ProdTypeGate: small_arms_factory -> result=0 (впервые)
ProdTypeGate: explosives_factory -> result=0 (впервые)
ProdTypeGate: small_arms_factory -> result=0 (впервые)
ProdTypeGate: explosives_factory -> result=0 (впервые)
ProdTypeGate: small_arms_factory -> result=0 (впервые)
ProdTypeGate: explosives_factory -> result=0 (впервые)
ProdTypeGate: small_arms_factory -> result=0 (впервые)
ProdTypeGate: explosives_factory -> result=0 (впервые)
ProdTypeGate: small_arms_factory -> result=0 (впервые)
ProdTypeGate: explosives_factory -> result=0 (впервые)
ProdTypeGate: small_arms_factory -> result=0 (впервые)
ProdTypeGate: explosives_factory -> result=0 (впервые)
ProdTypeGate: small_arms_factory -> result=0 (впервые)
ProdTypeGate: explosives_factory -> result=0 (впервые)
ProdTypeGate: explosives_factory -> result=0 (впервые)
ProdTypeGate: small_arms_factory -> result=0 (впервые)
ProdTypeGate: explosives_factory -> result=0 (впервые)
ProdTypeGate: small_arms_factory -> result=0 (впервые)
ProdTypeGate: explosives_factory -> result=0 (впервые)
ProdTypeGate: small_arms_factory -> result=0 (впервые)
ProdTypeGate: small_arms_factory -> result=0 (впервые)
ProdTypeGate: explosives_factory -> result=0 (впервые)
ProdTypeGate: explosives_factory -> result=0 (впервые)
ProdTypeGate: small_arms_factory -> result=0 (впервые)
ProdTypeGate: explosives_factory -> result=0 (впервые)
ProdTypeGate: small_arms_factory -> result=0 (впервые)
ProdTypeGate: explosives_factory -> result=0 (впервые)
ProdTypeGate: small_arms_factory -> result=0 (впервые)
ProdTypeGate: explosives_factory -> result=0 (впервые)
ProdTypeGate: explosives_factory -> result=0 (впервые)
ProdTypeGate: small_arms_factory -> result=0 (впервые)
ProdTypeGate: explosives_factory -> result=0 (впервые)
ProdTypeGate: small_arms_factory -> result=0 (впервые)
ProdTypeGate: explosives_factory -> result=0 (впервые)
ProdTypeGate: small_arms_factory -> result=0 (впервые)
ProdTypeGate: explosives_factory -> result=0 (впервые)
ProdTypeGate: small_arms_factory -> result=0 (впервые)
ProdTypeGate: explosives_factory -> result=0 (впервые)
ProdTypeGate: small_arms_factory -> result=0 (впервые)
ProdTypeGate: explosives_factory -> result=0 (впервые)
ProdTypeGate: small_arms_factory -> result=0 (впервые)
ProdTypeGate: explosives_factory -> result=0 (впервые)
ProdTypeGate: small_arms_factory -> result=0 (впервые)
ProdTypeGate: explosives_factory -> result=0 (впервые)
ProdTypeGate: small_arms_factory -> result=0 (впервые)
ProdTypeGate: small_arms_factory -> result=0 (впервые)
ProdTypeGate: explosives_factory -> result=0 (впервые)
ProdTypeGate: small_arms_factory -> result=0 (впервые)
ProdTypeGate: explosives_factory -> result=0 (впервые)
ProdTypeGate: small_arms_factory -> result=0 (впервые)
ProdTypeGate: explosives_factory -> result=0 (впервые)
ProdTypeGate: small_arms_factory -> result=0 (впервые)
ProdTypeGate: small_arms_factory -> result=0 (впервые)
ProdTypeGate: small_arms_factory -> result=0 (впервые)
ProdTypeGate: explosives_factory -> result=0 (впервые)
ProdTypeGate: small_arms_factory -> result=0 (впервые)
ProdTypeGate: explosives_factory -> result=0 (впервые)
ProdTypeGate: small_arms_factory -> result=0 (впервые)
ProdTypeGate: explosives_factory -> result=0 (впервые)
ProdTypeGate: small_arms_factory -> result=0 (впервые)
ProdTypeGate: explosives_factory -> result=0 (впервые)
ProdTypeGate: small_arms_factory -> result=0 (впервые)
ProdTypeGate: explosives_factory -> result=0 (впервые)
ProdTypeGate: small_arms_factory -> result=0 (впервые)
ProdTypeGate: explosives_factory -> result=0 (впервые)
ProdTypeGate: small_arms_factory -> result=0 (впервые)
ProdTypeGate: small_arms_factory -> result=0 (впервые)
ProdTypeGate: explosives_factory -> result=0 (впервые)
ProdTypeGate: small_arms_factory -> result=0 (впервые)
ProdTypeGate: explosives_factory -> result=0 (впервые)
ProdTypeGate: small_arms_factory -> result=0 (впервые)
ProdTypeGate: small_arms_factory -> result=0 (впервые)
ProdTypeGate: explosives_factory -> result=0 (впервые)
ProdTypeGate: small_arms_factory -> result=0 (впервые)
ProdTypeGate: explosives_factory -> result=0 (впервые)
ProdTypeGate: explosives_factory -> result=0 (впервые)
ProdTypeGate: small_arms_factory -> result=0 (впервые)
ProdTypeGate: explosives_factory -> result=0 (впервые)
ProdTypeGate: small_arms_factory -> result=0 (впервые)
ProdTypeGate: explosives_factory -> result=0 (впервые)
ProdTypeGate: small_arms_factory -> result=0 (впервые)
ProdTypeGate: explosives_factory -> result=0 (впервые)
ProdTypeGate: explosives_factory -> result=0 (впервые)
ProdTypeGate: small_arms_factory -> result=0 (впервые)
ProdTypeGate: explosives_factory -> result=0 (впервые)
ProdTypeGate: small_arms_factory -> result=0 (впервые)
ProdTypeGate: explosives_factory -> result=0 (впервые)
ProdTypeGate: small_arms_factory -> result=0 (впервые)
ProdTypeGate: explosives_factory -> result=0 (впервые)
ProdTypeGate: small_arms_factory -> result=0 (впервые)
ProdTypeGate: explosives_factory -> result=0 (впервые)
ProdTypeGate: small_arms_factory -> result=0 (впервые)
ProdTypeGate: explosives_factory -> result=0 (впервые)
ProdTypeGate: small_arms_factory -> result=0 (впервые)
ProdTypeGate: explosives_factory -> result=0 (впервые)
ProdTypeGate: small_arms_factory -> result=0 (впервые)
ProdTypeGate: explosives_factory -> result=0 (впервые)
ProdTypeGate: small_arms_factory -> result=0 (впервые)
ProdTypeGate: explosives_factory -> result=0 (впервые)
ProdTypeGate: small_arms_factory -> result=0 (впервые)
ProdTypeGate: explosives_factory -> result=0 (впервые)
ProdTypeGate: small_arms_factory -> result=0 (впервые)
ProdTypeGate: explosives_factory -> result=0 (впервые)
ProdTypeGate: small_arms_factory -> result=0 (впервые)
ProdTypeGate: explosives_factory -> result=0 (впервые)
ProdTypeGate: small_arms_factory -> result=0 (впервые)
ProdTypeGate: explosives_factory -> result=0 (впервые)
ProdTypeGate: small_arms_factory -> result=0 (впервые)
ProdTypeGate: explosives_factory -> result=0 (впервые)
ProdTypeGate: small_arms_factory -> result=0 (впервые)
ProdTypeGate: explosives_factory -> result=0 (впервые)
ProdTypeGate: small_arms_factory -> result=0 (впервые)
ProdTypeGate: explosives_factory -> result=0 (впервые)
ProdTypeGate: small_arms_factory -> result=0 (впервые)
ProdTypeGate: explosives_factory -> result=0 (впервые)
ProdTypeGate: small_arms_factory -> result=0 (впервые)
ProdTypeGate: explosives_factory -> result=0 (впервые)
ProdTypeGate: small_arms_factory -> result=0 (впервые)
ProdTypeGate: small_arms_factory -> result=0 (впервые)
ProdTypeGate: explosives_factory -> result=0 (впервые)
ProdTypeGate: small_arms_factory -> result=0 (впервые)
ProdTypeGate: explosives_factory -> result=0 (впервые)
ProdTypeGate: small_arms_factory -> result=0 (впервые)
ProdTypeGate: explosives_factory -> result=0 (впервые)
ProdTypeGate: small_arms_factory -> result=0 (впервые)
ProdTypeGate: explosives_factory -> result=0 (впервые)
ProdTypeGate: small_arms_factory -> result=0 (впервые)
ProdTypeGate: explosives_factory -> result=0 (впервые)
ProdTypeGate: small_arms_factory -> result=0 (впервые)
ProdTypeGate: explosives_factory -> result=0 (впервые)
ProdTypeGate: small_arms_factory -> result=0 (впервые)
ProdTypeGate: explosives_factory -> result=0 (впервые)
ProdTypeGate: small_arms_factory -> result=0 (впервые)
ProdTypeGate: explosives_factory -> result=0 (впервые)
ProdTypeGate: small_arms_factory -> result=0 (впервые)
ProdTypeGate: explosives_factory -> result=0 (впервые)
ProdTypeGate: small_arms_factory -> result=0 (впервые)
ProdTypeGate: explosives_factory -> result=0 (впервые)
ProdTypeGate: small_arms_factory -> result=0 (впервые)
ProdTypeGate: small_arms_factory -> result=0 (впервые)
ProdTypeGate: explosives_factory -> result=0 (впервые)
ProdTypeGate: small_arms_factory -> result=0 (впервые)
ProdTypeGate: small_arms_factory -> result=0 (впервые)
ProdTypeGate: explosives_factory -> result=0 (впервые)
ProdTypeGate: small_arms_factory -> result=0 (впервые)
ProdTypeGate: explosives_factory -> result=0 (впервые)
ProdTypeGate: small_arms_factory -> result=0 (впервые)
ProdTypeGate: explosives_factory -> result=0 (впервые)
ProdTypeGate: small_arms_factory -> result=0 (впервые)
ProdTypeGate: explosives_factory -> result=0 (впервые)
ProdTypeGate: small_arms_factory -> result=0 (впервые)
ProdTypeGate: explosives_factory -> result=0 (впервые)
ProdTypeGate: small_arms_factory -> result=0 (впервые)
ProdTypeGate: explosives_factory -> result=0 (впервые)
ProdTypeGate: small_arms_factory -> result=0 (впервые)
ProdTypeGate: explosives_factory -> result=0 (впервые)
ProdTypeGate: small_arms_factory -> result=0 (впервые)
ProdTypeGate: explosives_factory -> result=0 (впервые)
ProdTypeGate: small_arms_factory -> result=0 (впервые)
ProdTypeGate: explosives_factory -> result=0 (впервые)
ProdTypeGate: small_arms_factory -> result=0 (впервые)
ProdTypeGate: explosives_factory -> result=0 (впервые)
ProdTypeGate: small_arms_factory -> result=0 (впервые)
ProdTypeGate: explosives_factory -> result=0 (впервые)
ProdTypeGate: explosives_factory -> result=0 (впервые)
ProdTypeGate: small_arms_factory -> result=0 (впервые)
ProdTypeGate: small_arms_factory -> result=0 (впервые)
ProdTypeGate: explosives_factory -> result=0 (впервые)
ProdTypeGate: small_arms_factory -> result=0 (впервые)
ProdTypeGate: explosives_factory -> result=0 (впервые)
ProdTypeGate: small_arms_factory -> result=0 (впервые)
ProdTypeGate: small_arms_factory -> result=0 (впервые)
ProdTypeGate: explosives_factory -> result=0 (впервые)
ProdTypeGate: small_arms_factory -> result=0 (впервые)
ProdTypeGate: explosives_factory -> result=0 (впервые)
ProdTypeGate: small_arms_factory -> result=0 (впервые)
ProdTypeGate: explosives_factory -> result=0 (впервые)
ProdTypeGate: small_arms_factory -> result=0 (впервые)
ProdTypeGate: explosives_factory -> result=0 (впервые)
ProdTypeGate: small_arms_factory -> result=0 (впервые)
ProdTypeGate: explosives_factory -> result=0 (впервые)
ProdTypeGate: small_arms_factory -> result=0 (впервые)
ProdTypeGate: explosives_factory -> result=0 (впервые)
ProdTypeGate: small_arms_factory -> result=0 (впервые)
ProdTypeGate: explosives_factory -> result=0 (впервые)
ProdTypeGate: small_arms_factory -> result=0 (впервые)
ProdTypeGate: explosives_factory -> result=0 (впервые)
ProdTypeGate: explosives_factory -> result=0 (впервые)
ProdTypeGate: small_arms_factory -> result=0 (впервые)
ProdTypeGate: explosives_factory -> result=0 (впервые)
ProdTypeGate: small_arms_factory -> result=0 (впервые)
ProdTypeGate: explosives_factory -> result=0 (впервые)
ProdTypeGate: small_arms_factory -> result=0 (впервые)
ProdTypeGate: explosives_factory -> result=0 (впервые)
ProdTypeGate: small_arms_factory -> result=0 (впервые)
ProdTypeGate: explosives_factory -> result=0 (впервые)
ProdTypeGate: small_arms_factory -> result=0 (впервые)
ProdTypeGate: explosives_factory -> result=0 (впервые)
ProdTypeGate: small_arms_factory -> result=0 (впервые)
ProdTypeGate: small_arms_factory -> result=0 (впервые)
ProdTypeGate: explosives_factory -> result=0 (впервые)
ProdTypeGate: small_arms_factory -> result=0 (впервые)
ProdTypeGate: explosives_factory -> result=0 (впервые)
ProdTypeGate: small_arms_factory -> result=0 (впервые)
ProdTypeGate: explosives_factory -> result=0 (впервые)
ProdTypeGate: small_arms_factory -> result=0 (впервые)
ProdTypeGate: explosives_factory -> result=0 (впервые)
ProdTypeGate: small_arms_factory -> result=0 (впервые)
ProdTypeGate: explosives_factory -> result=0 (впервые)
ProdTypeGate: small_arms_factory -> result=0 (впервые)
ProdTypeGate: explosives_factory -> result=0 (впервые)
ProdTypeGate: small_arms_factory -> result=0 (впервые)
ProdTypeGate: explosives_factory -> result=0 (впервые)
ProdTypeGate: small_arms_factory -> result=0 (впервые)
ProdTypeGate: explosives_factory -> result=0 (впервые)
ProdTypeGate: small_arms_factory -> result=0 (впервые)
ProdTypeGate: small_arms_factory -> result=0 (впервые)
ProdTypeGate: explosives_factory -> result=0 (впервые)
ProdTypeGate: small_arms_factory -> result=0 (впервые)
ProdTypeGate: explosives_factory -> result=0 (впервые)
ProdTypeGate: small_arms_factory -> result=0 (впервые)
ProdTypeGate: explosives_factory -> result=0 (впервые)
ProdTypeGate: explosives_factory -> result=0 (впервые)
ProdTypeGate: small_arms_factory -> result=0 (впервые)
ProdTypeGate: explosives_factory -> result=0 (впервые)
ProdTypeGate: small_arms_factory -> result=0 (впервые)
ProdTypeGate: explosives_factory -> result=0 (впервые)
ProdTypeGate: explosives_factory -> result=0 (впервые)
ProdTypeGate: small_arms_factory -> result=0 (впервые)
ProdTypeGate: explosives_factory -> result=0 (впервые)
ProdTypeGate: small_arms_factory -> result=0 (впервые)
ProdTypeGate: explosives_factory -> result=0 (впервые)
ProdTypeGate: small_arms_factory -> result=0 (впервые)
ProdTypeGate: explosives_factory -> result=0 (впервые)
ProdTypeGate: small_arms_factory -> result=0 (впервые)
ProdTypeGate: explosives_factory -> result=0 (впервые)
ProdTypeGate: small_arms_factory -> result=0 (впервые)
ProdTypeGate: explosives_factory -> result=0 (впервые)
ProdTypeGate: small_arms_factory -> result=0 (впервые)
ProdTypeGate: explosives_factory -> result=0 (впервые)
ProdTypeGate: small_arms_factory -> result=0 (впервые)
ProdTypeGate: explosives_factory -> result=0 (впервые)
ProdTypeGate: small_arms_factory -> result=0 (впервые)
ProdTypeGate: explosives_factory -> result=0 (впервые)
ProdTypeGate: small_arms_factory -> result=0 (впервые)
ProdTypeGate: small_arms_factory -> result=0 (впервые)
ProdTypeGate: explosives_factory -> result=0 (впервые)
ProdTypeGate: small_arms_factory -> result=0 (впервые)
ProdTypeGate: explosives_factory -> result=0 (впервые)
ProdTypeGate: small_arms_factory -> result=0 (впервые)
ProdTypeGate: explosives_factory -> result=0 (впервые)
ProdTypeGate: small_arms_factory -> result=0 (впервые)
ProdTypeGate: explosives_factory -> result=0 (впервые)
ProdTypeGate: small_arms_factory -> result=0 (впервые)
ProdTypeGate: explosives_factory -> result=0 (впервые)
ProdTypeGate: small_arms_factory -> result=0 (впервые)
ProdTypeGate: explosives_factory -> result=0 (впервые)
ProdTypeGate: small_arms_factory -> result=0 (впервые)
ProdTypeGate: small_arms_factory -> result=0 (впервые)
ProdTypeGate: explosives_factory -> result=0 (впервые)
ProdTypeGate: small_arms_factory -> result=0 (впервые)
ProdTypeGate: small_arms_factory -> result=0 (впервые)
ProdTypeGate: explosives_factory -> result=0 (впервые)
ProdTypeGate: small_arms_factory -> result=0 (впервые)
ProdTypeGate: explosives_factory -> result=0 (впервые)
ProdTypeGate: small_arms_factory -> result=0 (впервые)
ProdTypeGate: small_arms_factory -> result=0 (впервые)
ProdTypeGate: explosives_factory -> result=0 (впервые)
ProdTypeGate: small_arms_factory -> result=0 (впервые)
ProdTypeGate: explosives_factory -> result=0 (впервые)
ProdTypeGate: small_arms_factory -> result=0 (впервые)
ProdTypeGate: small_arms_factory -> result=0 (впервые)
ProdTypeGate: explosives_factory -> result=0 (впервые)
ProdTypeGate: small_arms_factory -> result=0 (впервые)
ProdTypeGate: explosives_factory -> result=0 (впервые)
ProdTypeGate: small_arms_factory -> result=0 (впервые)
ProdTypeGate: explosives_factory -> result=0 (впервые)
ProdTypeGate: explosives_factory -> result=0 (впервые)
ProdTypeGate: small_arms_factory -> result=0 (впервые)
ProdTypeGate: explosives_factory -> result=0 (впервые)
ProdTypeGate: small_arms_factory -> result=0 (впервые)
ProdTypeGate: small_arms_factory -> result=0 (впервые)
ProdTypeGate: explosives_factory -> result=0 (впервые)
ProdTypeGate: small_arms_factory -> result=0 (впервые)
ProdTypeGate: explosives_factory -> result=0 (впервые)
ProdTypeGate: small_arms_factory -> result=0 (впервые)
ProdTypeGate: small_arms_factory -> result=0 (впервые)
ProdTypeGate: explosives_factory -> result=0 (впервые)
ProdTypeGate: small_arms_factory -> result=0 (впервые)
ProdTypeGate: explosives_factory -> result=0 (впервые)
ProdTypeGate: small_arms_factory -> result=0 (впервые)
ProdTypeGate: explosives_factory -> result=0 (впервые)
ProdTypeGate: explosives_factory -> result=0 (впервые)
ProdTypeGate: small_arms_factory -> result=0 (впервые)
ProdTypeGate: explosives_factory -> result=0 (впервые)
ProdTypeGate: small_arms_factory -> result=0 (впервые)
ProdTypeGate: explosives_factory -> result=0 (впервые)
ProdTypeGate: small_arms_factory -> result=0 (впервые)
ProdTypeGate: explosives_factory -> result=0 (впервые)
ProdTypeGate: small_arms_factory -> result=0 (впервые)
ProdTypeGate: explosives_factory -> result=0 (впервые)
ProdTypeGate: small_arms_factory -> result=0 (впервые)
ProdTypeGate: explosives_factory -> result=0 (впервые)
ProdTypeGate: small_arms_factory -> result=0 (впервые)
ProdTypeGate: explosives_factory -> result=0 (впервые)
ProdTypeGate: small_arms_factory -> result=0 (впервые)
ProdTypeGate: explosives_factory -> result=0 (впервые)
ProdTypeGate: small_arms_factory -> result=0 (впервые)
ProdTypeGate: explosives_factory -> result=0 (впервые)
ProdTypeGate: small_arms_factory -> result=0 (впервые)
ProdTypeGate: explosives_factory -> result=0 (впервые)
ProdTypeGate: small_arms_factory -> result=0 (впервые)
ProdTypeGate: explosives_factory -> result=0 (впервые)
ProdTypeGate: small_arms_factory -> result=0 (впервые)
ProdTypeGate: explosives_factory -> result=0 (впервые)
ProdTypeGate: small_arms_factory -> result=0 (впервые)
ProdTypeGate: explosives_factory -> result=0 (впервые)
ProdTypeGate: small_arms_factory -> result=0 (впервые)
ProdTypeGate: explosives_factory -> result=0 (впервые)
ProdTypeGate: explosives_factory -> result=0 (впервые)
ProdTypeGate: small_arms_factory -> result=0 (впервые)
ProdTypeGate: explosives_factory -> result=0 (впервые)
ProdTypeGate: explosives_factory -> result=0 (впервые)
ProdTypeGate: small_arms_factory -> result=0 (впервые)
ProdTypeGate: explosives_factory -> result=0 (впервые)
ProdTypeGate: small_arms_factory -> result=0 (впервые)
ProdTypeGate: explosives_factory -> result=0 (впервые)
ProdTypeGate: small_arms_factory -> result=0 (впервые)
ProdTypeGate: explosives_factory -> result=0 (впервые)
ProdTypeGate: small_arms_factory -> result=0 (впервые)
ProdTypeGate: small_arms_factory -> result=0 (впервые)
ProdTypeGate: explosives_factory -> result=0 (впервые)
ProdTypeGate: small_arms_factory -> result=0 (впервые)
ProdTypeGate: small_arms_factory -> result=0 (впервые)
ProdTypeGate: explosives_factory -> result=0 (впервые)
ProdTypeGate: small_arms_factory -> result=0 (впервые)
ProdTypeGate: explosives_factory -> result=0 (впервые)
ProdTypeGate: small_arms_factory -> result=0 (впервые)
ProdTypeGate: explosives_factory -> result=0 (впервые)
ProdTypeGate: small_arms_factory -> result=0 (впервые)
ProdTypeGate: explosives_factory -> result=0 (впервые)
ProdTypeGate: small_arms_factory -> result=0 (впервые)
ProdTypeGate: explosives_factory -> result=0 (впервые)
ProdTypeGate: small_arms_factory -> result=0 (впервые)
ProdTypeGate: explosives_factory -> result=0 (впервые)
ProdTypeGate: small_arms_factory -> result=0 (впервые)
ProdTypeGate: explosives_factory -> result=0 (впервые)
ProdTypeGate: small_arms_factory -> result=0 (впервые)
ProdTypeGate: explosives_factory -> result=0 (впервые)
ProdTypeGate: small_arms_factory -> result=0 (впервые)
ProdTypeGate: explosives_factory -> result=0 (впервые)
ProdTypeGate: small_arms_factory -> result=0 (впервые)
ProdTypeGate: explosives_factory -> result=0 (впервые)
ProdTypeGate: small_arms_factory -> result=0 (впервые)
ProdTypeGate: explosives_factory -> result=0 (впервые)
ProdTypeGate: small_arms_factory -> result=0 (впервые)
ProdTypeGate: explosives_factory -> result=0 (впервые)
ProdTypeGate: small_arms_factory -> result=0 (впервые)
ProdTypeGate: explosives_factory -> result=0 (впервые)
ProdTypeGate: small_arms_factory -> result=0 (впервые)
ProdTypeGate: explosives_factory -> result=0 (впервые)
ProdTypeGate: small_arms_factory -> result=0 (впервые)
ProdTypeGate: explosives_factory -> result=0 (впервые)
ProdTypeGate: small_arms_factory -> result=0 (впервые)
ProdTypeGate: explosives_factory -> result=0 (впервые)
ProdTypeGate: small_arms_factory -> result=0 (впервые)
ProdTypeGate: explosives_factory -> result=0 (впервые)
ProdTypeGate: small_arms_factory -> result=0 (впервые)
ProdTypeGate: explosives_factory -> result=0 (впервые)
ProdTypeGate: small_arms_factory -> result=0 (впервые)
ProdTypeGate: explosives_factory -> result=0 (впервые)
ProdTypeGate: small_arms_factory -> result=0 (впервые)
ProdTypeGate: explosives_factory -> result=0 (впервые)
ProdTypeGate: small_arms_factory -> result=0 (впервые)
ProdTypeGate: explosives_factory -> result=0 (впервые)
ProdTypeGate: small_arms_factory -> result=0 (впервые)
ProdTypeGate: small_arms_factory -> result=0 (впервые)
ProdTypeGate: explosives_factory -> result=0 (впервые)
ProdTypeGate: small_arms_factory -> result=0 (впервые)
ProdTypeGate: explosives_factory -> result=0 (впервые)
ProdTypeGate: small_arms_factory -> result=0 (впервые)
ProdTypeGate: explosives_factory -> result=0 (впервые)
ProdTypeGate: small_arms_factory -> result=0 (впервые)
ProdTypeGate: small_arms_factory -> result=0 (впервые)
ProdTypeGate: explosives_factory -> result=0 (впервые)
ProdTypeGate: small_arms_factory -> result=0 (впервые)
ProdTypeGate: explosives_factory -> result=0 (впервые)
ProdTypeGate: small_arms_factory -> result=0 (впервые)
ProdTypeGate: explosives_factory -> result=0 (впервые)
ProdTypeGate: small_arms_factory -> result=0 (впервые)
ProdTypeGate: explosives_factory -> result=0 (впервые)
ProdTypeGate: small_arms_factory -> result=0 (впервые)
ProdTypeGate: explosives_factory -> result=0 (впервые)
ProdTypeGate: small_arms_factory -> result=0 (впервые)
ProdTypeGate: explosives_factory -> result=0 (впервые)
ProdTypeGate: small_arms_factory -> result=0 (впервые)
ProdTypeGate: explosives_factory -> result=0 (впервые)
ProdTypeGate: explosives_factory -> result=0 (впервые)
ProdTypeGate: small_arms_factory -> result=0 (впервые)
ProdTypeGate: explosives_factory -> result=0 (впервые)
ProdTypeGate: small_arms_factory -> result=0 (впервые)
ProdTypeGate: explosives_factory -> result=0 (впервые)
ProdTypeGate: small_arms_factory -> result=0 (впервые)
ProdTypeGate: explosives_factory -> result=0 (впервые)
ProdTypeGate: small_arms_factory -> result=0 (впервые)
ProdTypeGate: explosives_factory -> result=0 (впервые)
ProdTypeGate: small_arms_factory -> result=0 (впервые)
ProdTypeGate: small_arms_factory -> result=0 (впервые)
ProdTypeGate: explosives_factory -> result=0 (впервые)
ProdTypeGate: small_arms_factory -> result=0 (впервые)
ProdTypeGate: explosives_factory -> result=0 (впервые)
ProdTypeGate: small_arms_factory -> result=0 (впервые)
ProdTypeGate: explosives_factory -> result=0 (впервые)
ProdTypeGate: small_arms_factory -> result=0 (впервые)
ProdTypeGate: explosives_factory -> result=0 (впервые)
ProdTypeGate: explosives_factory -> result=0 (впервые)
ProdTypeGate: small_arms_factory -> result=0 (впервые)
ProdTypeGate: small_arms_factory -> result=0 (впервые)
ProdTypeGate: explosives_factory -> result=0 (впервые)
ProdTypeGate: explosives_factory -> result=0 (впервые)
ProdTypeGate: small_arms_factory -> result=0 (впервые)
ProdTypeGate: explosives_factory -> result=0 (впервые)
ProdTypeGate: small_arms_factory -> result=0 (впервые)
ProdTypeGate: explosives_factory -> result=0 (впервые)
ProdTypeGate: small_arms_factory -> result=0 (впервые)
ProdTypeGate: small_arms_factory -> result=0 (впервые)
ProdTypeGate: explosives_factory -> result=0 (впервые)
ProdTypeGate: small_arms_factory -> result=0 (впервые)
ProdTypeGate: explosives_factory -> result=0 (впервые)
ProdTypeGate: explosives_factory -> result=0 (впервые)
ProdTypeGate: explosives_factory -> result=0 (впервые)
ProdTypeGate: small_arms_factory -> result=0 (впервые)
ProdTypeGate: explosives_factory -> result=0 (впервые)
ProdTypeGate: explosives_factory -> result=0 (впервые)
ProdTypeGate: small_arms_factory -> result=0 (впервые)
ProdTypeGate: explosives_factory -> result=0 (впервые)
ProdTypeGate: small_arms_factory -> result=0 (впервые)
ProdTypeGate: explosives_factory -> result=0 (впервые)
ProdTypeGate: small_arms_factory -> result=0 (впервые)
ProdTypeGate: explosives_factory -> result=0 (впервые)
ProdTypeGate: small_arms_factory -> result=0 (впервые)
ProdTypeGate: explosives_factory -> result=0 (впервые)
ProdTypeGate: small_arms_factory -> result=0 (впервые)
ProdTypeGate: explosives_factory -> result=0 (впервые)
ProdTypeGate: small_arms_factory -> result=0 (впервые)
ProdTypeGate: explosives_factory -> result=0 (впервые)
ProdTypeGate: small_arms_factory -> result=0 (впервые)
ProdTypeGate: explosives_factory -> result=0 (впервые)
ProdTypeGate: small_arms_factory -> result=0 (впервые)
ProdTypeGate: explosives_factory -> result=0 (впервые)
ProdTypeGate: small_arms_factory -> result=0 (впервые)
ProdTypeGate: small_arms_factory -> result=0 (впервые)
ProdTypeGate: explosives_factory -> result=0 (впервые)
ProdTypeGate: small_arms_factory -> result=0 (впервые)
ProdTypeGate: explosives_factory -> result=0 (впервые)
ProdTypeGate: small_arms_factory -> result=0 (впервые)
ProdTypeGate: explosives_factory -> result=0 (впервые)
ProdTypeGate: small_arms_factory -> result=0 (впервые)
ProdTypeGate: explosives_factory -> result=0 (впервые)
ProdTypeGate: small_arms_factory -> result=0 (впервые)
ProdTypeGate: explosives_factory -> result=0 (впервые)
ProdTypeGate: small_arms_factory -> result=0 (впервые)
ProdTypeGate: explosives_factory -> result=0 (впервые)
ProdTypeGate: small_arms_factory -> result=0 (впервые)
ProdTypeGate: explosives_factory -> result=0 (впервые)
ProdTypeGate: small_arms_factory -> result=0 (впервые)
ProdTypeGate: explosives_factory -> result=0 (впервые)
ProdTypeGate: small_arms_factory -> result=0 (впервые)
ProdTypeGate: explosives_factory -> result=0 (впервые)
ProdTypeGate: small_arms_factory -> result=0 (впервые)
ProdTypeGate: explosives_factory -> result=0 (впервые)
ProdTypeGate: small_arms_factory -> result=0 (впервые)
ProdTypeGate: explosives_factory -> result=0 (впервые)
ProdTypeGate: small_arms_factory -> result=0 (впервые)
ProdTypeGate: explosives_factory -> result=0 (впервые)
ProdTypeGate: explosives_factory -> result=0 (впервые)
ProdTypeGate: explosives_factory -> result=0 (впервые)
ProdTypeGate: small_arms_factory -> result=0 (впервые)
ProdTypeGate: explosives_factory -> result=0 (впервые)
ProdTypeGate: small_arms_factory -> result=0 (впервые)
ProdTypeGate: explosives_factory -> result=0 (впервые)
ProdTypeGate: small_arms_factory -> result=0 (впервые)
ProdTypeGate: explosives_factory -> result=0 (впервые)
ProdTypeGate: small_arms_factory -> result=0 (впервые)
ProdTypeGate: small_arms_factory -> result=0 (впервые)
ProdTypeGate: explosives_factory -> result=0 (впервые)
ProdTypeGate: small_arms_factory -> result=0 (впервые)
ProdTypeGate: pharmaceutical_plant -> result=0 (впервые)
ProdTypeGate: explosives_factory -> result=0 (впервые)
ProdTypeGate: small_arms_factory -> result=0 (впервые)
ProdTypeGate: explosives_factory -> result=0 (впервые)
ProdTypeGate: small_arms_factory -> result=0 (впервые)
ProdTypeGate: explosives_factory -> result=0 (впервые)
ProdTypeGate: small_arms_factory -> result=0 (впервые)
ProdTypeGate: explosives_factory -> result=0 (впервые)
ProdTypeGate: small_arms_factory -> result=0 (впервые)
ProdTypeGate: explosives_factory -> result=0 (впервые)
ProdTypeGate: explosives_factory -> result=0 (впервые)
ProdTypeGate: small_arms_factory -> result=0 (впервые)
ProdTypeGate: explosives_factory -> result=0 (впервые)
ProdTypeGate: small_arms_factory -> result=0 (впервые)
ProdTypeGate: pharmaceutical_plant -> result=0 (впервые)
ProdTypeGate: explosives_factory -> result=0 (впервые)
ProdTypeGate: small_arms_factory -> result=0 (впервые)
ProdTypeGate: explosives_factory -> result=0 (впервые)
ProdTypeGate: small_arms_factory -> result=0 (впервые)
ProdTypeGate: explosives_factory -> result=0 (впервые)
ProdTypeGate: small_arms_factory -> result=0 (впервые)
ProdTypeGate: explosives_factory -> result=0 (впервые)
ProdTypeGate: small_arms_factory -> result=0 (впервые)
ProdTypeGate: small_arms_factory -> result=0 (впервые)
ProdTypeGate: explosives_factory -> result=0 (впервые)
ProdTypeGate: small_arms_factory -> result=0 (впервые)
ProdTypeGate: explosives_factory -> result=0 (впервые)
ProdTypeGate: small_arms_factory -> result=0 (впервые)
ProdTypeGate: explosives_factory -> result=0 (впервые)
ProdTypeGate: small_arms_factory -> result=0 (впервые)
ProdTypeGate: explosives_factory -> result=0 (впервые)
ProdTypeGate: small_arms_factory -> result=0 (впервые)
ProdTypeGate: explosives_factory -> result=0 (впервые)
ProdTypeGate: small_arms_factory -> result=0 (впервые)
ProdTypeGate: explosives_factory -> result=0 (впервые)
ProdTypeGate: small_arms_factory -> result=0 (впервые)
ProdTypeGate: explosives_factory -> result=0 (впервые)
ProdTypeGate: small_arms_factory -> result=0 (впервые)
ProdTypeGate: explosives_factory -> result=0 (впервые)
ProdTypeGate: small_arms_factory -> result=0 (впервые)
ProdTypeGate: explosives_factory -> result=0 (впервые)
ProdTypeGate: small_arms_factory -> result=0 (впервые)
ProdTypeGate: explosives_factory -> result=0 (впервые)
ProdTypeGate: small_arms_factory -> result=0 (впервые)
ProdTypeGate: explosives_factory -> result=0 (впервые)
ProdTypeGate: explosives_factory -> result=0 (впервые)
ProdTypeGate: small_arms_factory -> result=0 (впервые)
ProdTypeGate: explosives_factory -> result=0 (впервые)
ProdTypeGate: small_arms_factory -> result=0 (впервые)
ProdTypeGate: explosives_factory -> result=0 (впервые)
ProdTypeGate: small_arms_factory -> result=0 (впервые)
ProdTypeGate: explosives_factory -> result=0 (впервые)
ProdTypeGate: small_arms_factory -> result=0 (впервые)
ProdTypeGate: explosives_factory -> result=0 (впервые)
ProdTypeGate: small_arms_factory -> result=0 (впервые)
ProdTypeGate: explosives_factory -> result=0 (впервые)
ProdTypeGate: small_arms_factory -> result=0 (впервые)
ProdTypeGate: explosives_factory -> result=0 (впервые)
ProdTypeGate: small_arms_factory -> result=0 (впервые)
ProdTypeGate: explosives_factory -> result=0 (впервые)
ProdTypeGate: small_arms_factory -> result=0 (впервые)
ProdTypeGate: explosives_factory -> result=0 (впервые)
ProdTypeGate: small_arms_factory -> result=0 (впервые)
ProdTypeGate: explosives_factory -> result=0 (впервые)
ProdTypeGate: small_arms_factory -> result=0 (впервые)
ProdTypeGate: explosives_factory -> result=0 (впервые)
ProdTypeGate: small_arms_factory -> result=0 (впервые)
ProdTypeGate: explosives_factory -> result=0 (впервые)
ProdTypeGate: small_arms_factory -> result=0 (впервые)
ProdTypeGate: explosives_factory -> result=0 (впервые)
ProdTypeGate: small_arms_factory -> result=0 (впервые)
ProdTypeGate: explosives_factory -> result=0 (впервые)
ProdTypeGate: small_arms_factory -> result=0 (впервые)
ProdTypeGate: explosives_factory -> result=0 (впервые)
ProdTypeGate: small_arms_factory -> result=0 (впервые)
ProdTypeGate: explosives_factory -> result=0 (впервые)
ProdTypeGate: small_arms_factory -> result=0 (впервые)
ProdTypeGate: explosives_factory -> result=0 (впервые)
ProdTypeGate: small_arms_factory -> result=0 (впервые)
ProdTypeGate: explosives_factory -> result=0 (впервые)
ProdTypeGate: small_arms_factory -> result=0 (впервые)
ProdTypeGate: small_arms_factory -> result=0 (впервые)
ProdTypeGate: explosives_factory -> result=0 (впервые)
ProdTypeGate: small_arms_factory -> result=0 (впервые)
ProdTypeGate: explosives_factory -> result=0 (впервые)
ProdTypeGate: small_arms_factory -> result=0 (впервые)
ProdTypeGate: explosives_factory -> result=0 (впервые)
ProdTypeGate: small_arms_factory -> result=0 (впервые)
ProdTypeGate: explosives_factory -> result=0 (впервые)
ProdTypeGate: small_arms_factory -> result=0 (впервые)
ProdTypeGate: explosives_factory -> result=0 (впервые)
ProdTypeGate: small_arms_factory -> result=0 (впервые)
ProdTypeGate: explosives_factory -> result=0 (впервые)
ProdTypeGate: small_arms_factory -> result=0 (впервые)
ProdTypeGate: explosives_factory -> result=0 (впервые)
ProdTypeGate: small_arms_factory -> result=0 (впервые)
ProdTypeGate: explosives_factory -> result=0 (впервые)
ProdTypeGate: explosives_factory -> result=0 (впервые)
ProdTypeGate: small_arms_factory -> result=0 (впервые)
ProdTypeGate: explosives_factory -> result=0 (впервые)
ProdTypeGate: small_arms_factory -> result=0 (впервые)
ProdTypeGate: explosives_factory -> result=0 (впервые)
ProdTypeGate: small_arms_factory -> result=0 (впервые)
ProdTypeGate: explosives_factory -> result=0 (впервые)
ProdTypeGate: explosives_factory -> result=0 (впервые)
ProdTypeGate: small_arms_factory -> result=0 (впервые)
ProdTypeGate: explosives_factory -> result=0 (впервые)
ProdTypeGate: small_arms_factory -> result=0 (впервые)
ProdTypeGate: explosives_factory -> result=0 (впервые)
ProdTypeGate: small_arms_factory -> result=0 (впервые)
ProdTypeGate: explosives_factory -> result=0 (впервые)
ProdTypeGate: explosives_factory -> result=0 (впервые)
ProdTypeGate: small_arms_factory -> result=0 (впервые)
ProdTypeGate: explosives_factory -> result=0 (впервые)
ProdTypeGate: small_arms_factory -> result=0 (впервые)
ProdTypeGate: explosives_factory -> result=0 (впервые)
ProdTypeGate: small_arms_factory -> result=0 (впервые)
ProdTypeGate: explosives_factory -> result=0 (впервые)
ProdTypeGate: small_arms_factory -> result=0 (впервые)
ProdTypeGate: small_arms_factory -> result=0 (впервые)
ProdTypeGate: explosives_factory -> result=0 (впервые)
ProdTypeGate: small_arms_factory -> result=0 (впервые)
ProdTypeGate: explosives_factory -> result=0 (впервые)
ProdTypeGate: small_arms_factory -> result=0 (впервые)
ProdTypeGate: explosives_factory -> result=0 (впервые)
ProdTypeGate: small_arms_factory -> result=0 (впервые)
ProdTypeGate: explosives_factory -> result=0 (впервые)
ProdTypeGate: small_arms_factory -> result=0 (впервые)
ProdTypeGate: explosives_factory -> result=0 (впервые)
ProdTypeGate: small_arms_factory -> result=0 (впервые)
ProdTypeGate: explosives_factory -> result=0 (впервые)
ProdTypeGate: small_arms_factory -> result=0 (впервые)
ProdTypeGate: explosives_factory -> result=0 (впервые)
ProdTypeGate: small_arms_factory -> result=0 (впервые)
ProdTypeGate: small_arms_factory -> result=0 (впервые)
ProdTypeGate: explosives_factory -> result=0 (впервые)
ProdTypeGate: small_arms_factory -> result=0 (впервые)
ProdTypeGate: explosives_factory -> result=0 (впервые)
ProdTypeGate: small_arms_factory -> result=0 (впервые)
ProdTypeGate: explosives_factory -> result=0 (впервые)
ProdTypeGate: small_arms_factory -> result=0 (впервые)
ProdTypeGate: explosives_factory -> result=0 (впервые)
ProdTypeGate: small_arms_factory -> result=0 (впервые)
ProdTypeGate: explosives_factory -> result=0 (впервые)
ProdTypeGate: small_arms_factory -> result=0 (впервые)
ProdTypeGate: small_arms_factory -> result=0 (впервые)
ProdTypeGate: explosives_factory -> result=0 (впервые)
ProdTypeGate: small_arms_factory -> result=0 (впервые)
ProdTypeGate: explosives_factory -> result=0 (впервые)
ProdTypeGate: small_arms_factory -> result=0 (впервые)
ProdTypeGate: explosives_factory -> result=0 (впервые)
ProdTypeGate: small_arms_factory -> result=0 (впервые)
ProdTypeGate: explosives_factory -> result=0 (впервые)
ProdTypeGate: small_arms_factory -> result=0 (впервые)
ProdTypeGate: explosives_factory -> result=0 (впервые)
ProdTypeGate: small_arms_factory -> result=0 (впервые)
ProdTypeGate: explosives_factory -> result=0 (впервые)
ProdTypeGate: small_arms_factory -> result=0 (впервые)
ProdTypeGate: explosives_factory -> result=0 (впервые)
ProdTypeGate: small_arms_factory -> result=0 (впервые)
ProdTypeGate: explosives_factory -> result=0 (впервые)
ProdTypeGate: small_arms_factory -> result=0 (впервые)
ProdTypeGate: explosives_factory -> result=0 (впервые)
ProdTypeGate: small_arms_factory -> result=0 (впервые)
ProdTypeGate: small_arms_factory -> result=0 (впервые)
ProdTypeGate: explosives_factory -> result=0 (впервые)
ProdTypeGate: small_arms_factory -> result=0 (впервые)
ProdTypeGate: small_arms_factory -> result=0 (впервые)
ProdTypeGate: explosives_factory -> result=0 (впервые)
ProdTypeGate: small_arms_factory -> result=0 (впервые)
ProdTypeGate: explosives_factory -> result=0 (впервые)
ProdTypeGate: small_arms_factory -> result=0 (впервые)
ProdTypeGate: explosives_factory -> result=0 (впервые)
ProdTypeGate: small_arms_factory -> result=0 (впервые)
ProdTypeGate: explosives_factory -> result=0 (впервые)
ProdTypeGate: small_arms_factory -> result=0 (впервые)
ProdTypeGate: explosives_factory -> result=0 (впервые)
ProdTypeGate: small_arms_factory -> result=0 (впервые)
ProdTypeGate: explosives_factory -> result=0 (впервые)
ProdTypeGate: explosives_factory -> result=0 (впервые)
ProdTypeGate: small_arms_factory -> result=0 (впервые)
ProdTypeGate: small_arms_factory -> result=0 (впервые)
ProdTypeGate: explosives_factory -> result=0 (впервые)
ProdTypeGate: small_arms_factory -> result=0 (впервые)
ProdTypeGate: explosives_factory -> result=0 (впервые)
ProdTypeGate: small_arms_factory -> result=0 (впервые)
ProdTypeGate: small_arms_factory -> result=0 (впервые)
ProdTypeGate: explosives_factory -> result=0 (впервые)
ProdTypeGate: small_arms_factory -> result=0 (впервые)
ProdTypeGate: explosives_factory -> result=0 (впервые)
ProdTypeGate: small_arms_factory -> result=0 (впервые)
ProdTypeGate: explosives_factory -> result=0 (впервые)
ProdTypeGate: small_arms_factory -> result=0 (впервые)
ProdTypeGate: explosives_factory -> result=0 (впервые)
ProdTypeGate: small_arms_factory -> result=0 (впервые)
ProdTypeGate: explosives_factory -> result=0 (впервые)
ProdTypeGate: small_arms_factory -> result=0 (впервые)
ProdTypeGate: explosives_factory -> result=0 (впервые)
ProdTypeGate: small_arms_factory -> result=0 (впервые)
ProdTypeGate: explosives_factory -> result=0 (впервые)
ProdTypeGate: small_arms_factory -> result=0 (впервые)
ProdTypeGate: explosives_factory -> result=0 (впервые)
ProdTypeGate: small_arms_factory -> result=0 (впервые)
ProdTypeGate: explosives_factory -> result=0 (впервые)
ProdTypeGate: small_arms_factory -> result=0 (впервые)
ProdTypeGate: explosives_factory -> result=0 (впервые)
ProdTypeGate: small_arms_factory -> result=0 (впервые)
ProdTypeGate: pharmaceutical_plant -> result=0 (впервые)
ProdTypeGate: explosives_factory -> result=0 (впервые)
ProdTypeGate: small_arms_factory -> result=0 (впервые)
ProdTypeGate: explosives_factory -> result=0 (впервые)
ProdTypeGate: small_arms_factory -> result=0 (впервые)
ProdTypeGate: explosives_factory -> result=0 (впервые)
ProdTypeGate: small_arms_factory -> result=0 (впервые)
ProdTypeGate: explosives_factory -> result=0 (впервые)
ProdTypeGate: small_arms_factory -> result=0 (впервые)
ProdTypeGate: explosives_factory -> result=0 (впервые)
ProdTypeGate: small_arms_factory -> result=0 (впервые)
ProdTypeGate: explosives_factory -> result=0 (впервые)
ProdTypeGate: explosives_factory -> result=0 (впервые)
ProdTypeGate: small_arms_factory -> result=0 (впервые)
ProdTypeGate: explosives_factory -> result=0 (впервые)
ProdTypeGate: small_arms_factory -> result=0 (впервые)
ProdTypeGate: explosives_factory -> result=0 (впервые)
ProdTypeGate: small_arms_factory -> result=0 (впервые)
ProdTypeGate: explosives_factory -> result=0 (впервые)
ProdTypeGate: small_arms_factory -> result=0 (впервые)
ProdTypeGate: explosives_factory -> result=0 (впервые)
ProdTypeGate: small_arms_factory -> result=0 (впервые)
ProdTypeGate: explosives_factory -> result=0 (впервые)
ProdTypeGate: small_arms_factory -> result=0 (впервые)
ProdTypeGate: explosives_factory -> result=0 (впервые)
ProdTypeGate: small_arms_factory -> result=0 (впервые)
ProdTypeGate: explosives_factory -> result=0 (впервые)
ProdTypeGate: small_arms_factory -> result=0 (впервые)
ProdTypeGate: explosives_factory -> result=0 (впервые)
ProdTypeGate: small_arms_factory -> result=0 (впервые)
ProdTypeGate: small_arms_factory -> result=0 (впервые)
ProdTypeGate: explosives_factory -> result=0 (впервые)
ProdTypeGate: small_arms_factory -> result=0 (впервые)
ProdTypeGate: explosives_factory -> result=0 (впервые)
ProdTypeGate: small_arms_factory -> result=0 (впервые)
ProdTypeGate: explosives_factory -> result=0 (впервые)
ProdTypeGate: small_arms_factory -> result=0 (впервые)
ProdTypeGate: explosives_factory -> result=0 (впервые)
ProdTypeGate: small_arms_factory -> result=0 (впервые)
ProdTypeGate: explosives_factory -> result=0 (впервые)
ProdTypeGate: small_arms_factory -> result=0 (впервые)
ProdTypeGate: explosives_factory -> result=0 (впервые)
ProdTypeGate: small_arms_factory -> result=0 (впервые)
ProdTypeGate: explosives_factory -> result=0 (впервые)
ProdTypeGate: small_arms_factory -> result=0 (впервые)
ProdTypeGate: explosives_factory -> result=0 (впервые)
ProdTypeGate: small_arms_factory -> result=0 (впервые)
ProdTypeGate: explosives_factory -> result=0 (впервые)
ProdTypeGate: small_arms_factory -> result=0 (впервые)
ProdTypeGate: explosives_factory -> result=0 (впервые)
ProdTypeGate: small_arms_factory -> result=0 (впервые)
ProdTypeGate: explosives_factory -> result=0 (впервые)
ProdTypeGate: explosives_factory -> result=0 (впервые)
ProdTypeGate: small_arms_factory -> result=0 (впервые)
ProdTypeGate: explosives_factory -> result=0 (впервые)
ProdTypeGate: small_arms_factory -> result=0 (впервые)
ProdTypeGate: explosives_factory -> result=0 (впервые)
ProdTypeGate: small_arms_factory -> result=0 (впервые)
ProdTypeGate: explosives_factory -> result=0 (впервые)
ProdTypeGate: small_arms_factory -> result=0 (впервые)
ProdTypeGate: explosives_factory -> result=0 (впервые)
ProdTypeGate: explosives_factory -> result=0 (впервые)
ProdTypeGate: small_arms_factory -> result=0 (впервые)
ProdTypeGate: explosives_factory -> result=0 (впервые)
ProdTypeGate: small_arms_factory -> result=0 (впервые)
ProdTypeGate: explosives_factory -> result=0 (впервые)
ProdTypeGate: small_arms_factory -> result=0 (впервые)
ProdTypeGate: explosives_factory -> result=0 (впервые)
ProdTypeGate: small_arms_factory -> result=0 (впервые)
ProdTypeGate: explosives_factory -> result=0 (впервые)
ProdTypeGate: small_arms_factory -> result=0 (впервые)
ProdTypeGate: small_arms_factory -> result=0 (впервые)
ProdTypeGate: explosives_factory -> result=0 (впервые)
ProdTypeGate: small_arms_factory -> result=0 (впервые)
ProdTypeGate: explosives_factory -> result=0 (впервые)
ProdTypeGate: small_arms_factory -> result=0 (впервые)
ProdTypeGate: explosives_factory -> result=0 (впервые)
ProdTypeGate: small_arms_factory -> result=0 (впервые)
ProdTypeGate: explosives_factory -> result=0 (впервые)
ProdTypeGate: small_arms_factory -> result=0 (впервые)
ProdTypeGate: explosives_factory -> result=0 (впервые)
ProdTypeGate: small_arms_factory -> result=0 (впервые)
ProdTypeGate: explosives_factory -> result=0 (впервые)
ProdTypeGate: small_arms_factory -> result=0 (впервые)
ProdTypeGate: explosives_factory -> result=0 (впервые)
ProdTypeGate: small_arms_factory -> result=0 (впервые)
ProdTypeGate: explosives_factory -> result=0 (впервые)
ProdTypeGate: small_arms_factory -> result=0 (впервые)
ProdTypeGate: explosives_factory -> result=0 (впервые)
ProdTypeGate: small_arms_factory -> result=0 (впервые)
ProdTypeGate: explosives_factory -> result=0 (впервые)
ProdTypeGate: small_arms_factory -> result=0 (впервые)
ProdTypeGate: explosives_factory -> result=0 (впервые)
ProdTypeGate: small_arms_factory -> result=0 (впервые)
ProdTypeGate: explosives_factory -> result=0 (впервые)
ProdTypeGate: explosives_factory -> result=0 (впервые)
ProdTypeGate: small_arms_factory -> result=0 (впервые)
ProdTypeGate: small_arms_factory -> result=0 (впервые)
ProdTypeGate: explosives_factory -> result=0 (впервые)
ProdTypeGate: small_arms_factory -> result=0 (впервые)
ProdTypeGate: explosives_factory -> result=0 (впервые)
ProdTypeGate: small_arms_factory -> result=0 (впервые)
ProdTypeGate: explosives_factory -> result=0 (впервые)
ProdTypeGate: small_arms_factory -> result=0 (впервые)
ProdTypeGate: explosives_factory -> result=0 (впервые)
ProdTypeGate: small_arms_factory -> result=0 (впервые)
ProdTypeGate: explosives_factory -> result=0 (впервые)
ProdTypeGate: small_arms_factory -> result=0 (впервые)
ProdTypeGate: small_arms_factory -> result=0 (впервые)
ProdTypeGate: explosives_factory -> result=0 (впервые)
ProdTypeGate: small_arms_factory -> result=0 (впервые)
ProdTypeGate: explosives_factory -> result=0 (впервые)
ProdTypeGate: small_arms_factory -> result=0 (впервые)
ProdTypeGate: small_arms_factory -> result=0 (впервые)
ProdTypeGate: explosives_factory -> result=0 (впервые)
ProdTypeGate: small_arms_factory -> result=0 (впервые)
ProdTypeGate: explosives_factory -> result=0 (впервые)
ProdTypeGate: small_arms_factory -> result=0 (впервые)
ProdTypeGate: explosives_factory -> result=0 (впервые)
ProdTypeGate: small_arms_factory -> result=0 (впервые)
ProdTypeGate: explosives_factory -> result=0 (впервые)
ProdTypeGate: small_arms_factory -> result=0 (впервые)
ProdTypeGate: explosives_factory -> result=0 (впервые)
ProdTypeGate: small_arms_factory -> result=0 (впервые)
ProdTypeGate: small_arms_factory -> result=0 (впервые)
ProdTypeGate: explosives_factory -> result=0 (впервые)
ProdTypeGate: small_arms_factory -> result=0 (впервые)
ProdTypeGate: explosives_factory -> result=0 (впервые)
ProdTypeGate: small_arms_factory -> result=0 (впервые)
ProdTypeGate: explosives_factory -> result=0 (впервые)
ProdTypeGate: small_arms_factory -> result=0 (впервые)
ProdTypeGate: explosives_factory -> result=0 (впервые)
ProdTypeGate: small_arms_factory -> result=0 (впервые)
ProdTypeGate: explosives_factory -> result=0 (впервые)
ProdTypeGate: small_arms_factory -> result=0 (впервые)
ProdTypeGate: explosives_factory -> result=0 (впервые)
ProdTypeGate: small_arms_factory -> result=0 (впервые)
ProdTypeGate: small_arms_factory -> result=0 (впервые)
ProdTypeGate: explosives_factory -> result=0 (впервые)
ProdTypeGate: small_arms_factory -> result=0 (впервые)
ProdTypeGate: small_arms_factory -> result=0 (впервые)
ProdTypeGate: explosives_factory -> result=0 (впервые)
ProdTypeGate: small_arms_factory -> result=0 (впервые)
ProdTypeGate: explosives_factory -> result=0 (впервые)
ProdTypeGate: small_arms_factory -> result=0 (впервые)
ProdTypeGate: explosives_factory -> result=0 (впервые)
ProdTypeGate: small_arms_factory -> result=0 (впервые)
ProdTypeGate: explosives_factory -> result=0 (впервые)
ProdTypeGate: small_arms_factory -> result=0 (впервые)
ProdTypeGate: explosives_factory -> result=0 (впервые)
ProdTypeGate: small_arms_factory -> result=0 (впервые)
ProdTypeGate: explosives_factory -> result=0 (впервые)
ProdTypeGate: small_arms_factory -> result=0 (впервые)
ProdTypeGate: explosives_factory -> result=0 (впервые)
ProdTypeGate: small_arms_factory -> result=0 (впервые)
ProdTypeGate: explosives_factory -> result=0 (впервые)
ProdTypeGate: small_arms_factory -> result=0 (впервые)
ProdTypeGate: small_arms_factory -> result=0 (впервые)
ProdTypeGate: explosives_factory -> result=0 (впервые)
ProdTypeGate: small_arms_factory -> result=0 (впервые)
ProdTypeGate: explosives_factory -> result=0 (впервые)
ProdTypeGate: small_arms_factory -> result=0 (впервые)
ProdTypeGate: explosives_factory -> result=0 (впервые)
ProdTypeGate: small_arms_factory -> result=0 (впервые)
ProdTypeGate: explosives_factory -> result=0 (впервые)
ProdTypeGate: small_arms_factory -> result=0 (впервые)
ProdTypeGate: explosives_factory -> result=0 (впервые)
ProdTypeGate: small_arms_factory -> result=0 (впервые)
ProdTypeGate: explosives_factory -> result=0 (впервые)
ProdTypeGate: small_arms_factory -> result=0 (впервые)
ProdTypeGate: explosives_factory -> result=0 (впервые)
ProdTypeGate: small_arms_factory -> result=0 (впервые)
ProdTypeGate: explosives_factory -> result=0 (впервые)
ProdTypeGate: small_arms_factory -> result=0 (впервые)
ProdTypeGate: explosives_factory -> result=0 (впервые)
ProdTypeGate: small_arms_factory -> result=0 (впервые)
ProdTypeGate: explosives_factory -> result=0 (впервые)
ProdTypeGate: small_arms_factory -> result=0 (впервые)
ProdTypeGate: small_arms_factory -> result=0 (впервые)
ProdTypeGate: explosives_factory -> result=0 (впервые)
ProdTypeGate: small_arms_factory -> result=0 (впервые)
ProdTypeGate: explosives_factory -> result=0 (впервые)
ProdTypeGate: small_arms_factory -> result=0 (впервые)
ProdTypeGate: explosives_factory -> result=0 (впервые)
ProdTypeGate: small_arms_factory -> result=0 (впервые)
ProdTypeGate: explosives_factory -> result=0 (впервые)
ProdTypeGate: small_arms_factory -> result=0 (впервые)
ProdTypeGate: explosives_factory -> result=0 (впервые)
ProdTypeGate: small_arms_factory -> result=0 (впервые)
ProdTypeGate: explosives_factory -> result=0 (впервые)
ProdTypeGate: small_arms_factory -> result=0 (впервые)
ProdTypeGate: explosives_factory -> result=0 (впервые)
ProdTypeGate: small_arms_factory -> result=0 (впервые)
ProdTypeGate: explosives_factory -> result=0 (впервые)
ProdTypeGate: small_arms_factory -> result=0 (впервые)
ProdTypeGate: explosives_factory -> result=0 (впервые)
ProdTypeGate: small_arms_factory -> result=0 (впервые)
ProdTypeGate: explosives_factory -> result=0 (впервые)
ProdTypeGate: small_arms_factory -> result=0 (впервые)
ProdTypeGate: explosives_factory -> result=0 (впервые)
ProdTypeGate: small_arms_factory -> result=0 (впервые)
ProdTypeGate: explosives_factory -> result=0 (впервые)
ProdTypeGate: small_arms_factory -> result=0 (впервые)
ProdTypeGate: explosives_factory -> result=0 (впервые)
ProdTypeGate: small_arms_factory -> result=0 (впервые)
ProdTypeGate: explosives_factory -> result=0 (впервые)
ProdTypeGate: small_arms_factory -> result=0 (впервые)
ProdTypeGate: explosives_factory -> result=0 (впервые)
ProdTypeGate: small_arms_factory -> result=0 (впервые)
ProdTypeGate: explosives_factory -> result=0 (впервые)
ProdTypeGate: small_arms_factory -> result=0 (впервые)
ProdTypeGate: explosives_factory -> result=0 (впервые)
ProdTypeGate: small_arms_factory -> result=0 (впервые)
ProdTypeGate: explosives_factory -> result=0 (впервые)
ProdTypeGate: small_arms_factory -> result=0 (впервые)
ProdTypeGate: explosives_factory -> result=0 (впервые)
ProdTypeGate: small_arms_factory -> result=0 (впервые)
ProdTypeGate: small_arms_factory -> result=0 (впервые)
ProdTypeGate: explosives_factory -> result=0 (впервые)
ProdTypeGate: small_arms_factory -> result=0 (впервые)
ProdTypeGate: explosives_factory -> result=0 (впервые)
ProdTypeGate: small_arms_factory -> result=0 (впервые)
ProdTypeGate: explosives_factory -> result=0 (впервые)
ProdTypeGate: small_arms_factory -> result=0 (впервые)
ProdTypeGate: explosives_factory -> result=0 (впервые)
ProdTypeGate: small_arms_factory -> result=0 (впервые)
ProdTypeGate: explosives_factory -> result=0 (впервые)
ProdTypeGate: small_arms_factory -> result=0 (впервые)
ProdTypeGate: explosives_factory -> result=0 (впервые)
ProdTypeGate: small_arms_factory -> result=0 (впервые)
ProdTypeGate: explosives_factory -> result=0 (впервые)
ProdTypeGate: small_arms_factory -> result=0 (впервые)
ProdTypeGate: explosives_factory -> result=0 (впервые)
ProdTypeGate: small_arms_factory -> result=0 (впервые)
ProdTypeGate: explosives_factory -> result=0 (впервые)
ProdTypeGate: small_arms_factory -> result=0 (впервые)
ProdTypeGate: explosives_factory -> result=0 (впервые)
ProdTypeGate: small_arms_factory -> result=0 (впервые)
ProdTypeGate: explosives_factory -> result=0 (впервые)
ProdTypeGate: small_arms_factory -> result=0 (впервые)
ProdTypeGate: explosives_factory -> result=0 (впервые)
ProdTypeGate: small_arms_factory -> result=0 (впервые)
ProdTypeGate: explosives_factory -> result=0 (впервые)
ProdTypeGate: small_arms_factory -> result=0 (впервые)
ProdTypeGate: explosives_factory -> result=0 (впервые)
ProdTypeGate: small_arms_factory -> result=0 (впервые)
ProdTypeGate: explosives_factory -> result=0 (впервые)
ProdTypeGate: small_arms_factory -> result=0 (впервые)
ProdTypeGate: explosives_factory -> result=0 (впервые)
ProdTypeGate: small_arms_factory -> result=0 (впервые)
ProdTypeGate: explosives_factory -> result=0 (впервые)
ProdTypeGate: small_arms_factory -> result=0 (впервые)
ProdTypeGate: explosives_factory -> result=0 (впервые)
ProdTypeGate: small_arms_factory -> result=0 (впервые)
ProdTypeGate: explosives_factory -> result=0 (впервые)
ProdTypeGate: small_arms_factory -> result=0 (впервые)
ProdTypeGate: small_arms_factory -> result=0 (впервые)
ProdTypeGate: explosives_factory -> result=0 (впервые)
ProdTypeGate: small_arms_factory -> result=0 (впервые)
ProdTypeGate: explosives_factory -> result=0 (впервые)
ProdTypeGate: small_arms_factory -> result=0 (впервые)
ProdTypeGate: explosives_factory -> result=0 (впервые)
ProdTypeGate: small_arms_factory -> result=0 (впервые)
ProdTypeGate: explosives_factory -> result=0 (впервые)
ProdTypeGate: small_arms_factory -> result=0 (впервые)
ProdTypeGate: explosives_factory -> result=0 (впервые)
ProdTypeGate: small_arms_factory -> result=0 (впервые)
ProdTypeGate: small_arms_factory -> result=0 (впервые)
ProdTypeGate: explosives_factory -> result=0 (впервые)
ProdTypeGate: small_arms_factory -> result=0 (впервые)
ProdTypeGate: explosives_factory -> result=0 (впервые)
ProdTypeGate: small_arms_factory -> result=0 (впервые)
ProdTypeGate: explosives_factory -> result=0 (впервые)
ProdTypeGate: small_arms_factory -> result=0 (впервые)
ProdTypeGate: explosives_factory -> result=0 (впервые)
ProdTypeGate: small_arms_factory -> result=0 (впервые)
ProdTypeGate: explosives_factory -> result=0 (впервые)
ProdTypeGate: small_arms_factory -> result=0 (впервые)
ProdTypeGate: explosives_factory -> result=0 (впервые)
ProdTypeGate: small_arms_factory -> result=0 (впервые)
ProdTypeGate: explosives_factory -> result=0 (впервые)
ProdTypeGate: small_arms_factory -> result=0 (впервые)
ProdTypeGate: explosives_factory -> result=0 (впервые)
ProdTypeGate: small_arms_factory -> result=0 (впервые)
ProdTypeGate: explosives_factory -> result=0 (впервые)
ProdTypeGate: small_arms_factory -> result=0 (впервые)
ProdTypeGate: explosives_factory -> result=0 (впервые)
ProdTypeGate: small_arms_factory -> result=0 (впервые)
ProdTypeGate: explosives_factory -> result=0 (впервые)
ProdTypeGate: small_arms_factory -> result=0 (впервые)
ProdTypeGate: explosives_factory -> result=0 (впервые)
ProdTypeGate: small_arms_factory -> result=0 (впервые)
ProdTypeGate: explosives_factory -> result=0 (впервые)
ProdTypeGate: small_arms_factory -> result=0 (впервые)
ProdTypeGate: explosives_factory -> result=0 (впервые)
ProdTypeGate: small_arms_factory -> result=0 (впервые)
ProdTypeGate: explosives_factory -> result=0 (впервые)
ProdTypeGate: small_arms_factory -> result=0 (впервые)
ProdTypeGate: explosives_factory -> result=0 (впервые)
ProdTypeGate: small_arms_factory -> result=0 (впервые)
ProdTypeGate: explosives_factory -> result=0 (впервые)
ProdTypeGate: small_arms_factory -> result=0 (впервые)
ProdTypeGate: explosives_factory -> result=0 (впервые)
ProdTypeGate: small_arms_factory -> result=0 (впервые)
ProdTypeGate: explosives_factory -> result=0 (впервые)
ProdTypeGate: small_arms_factory -> result=0 (впервые)
ProdTypeGate: explosives_factory -> result=0 (впервые)
ProdTypeGate: small_arms_factory -> result=0 (впервые)
ProdTypeGate: explosives_factory -> result=0 (впервые)
ProdTypeGate: small_arms_factory -> result=0 (впервые)
ProdTypeGate: explosives_factory -> result=0 (впервые)
ProdTypeGate: small_arms_factory -> result=0 (впервые)
ProdTypeGate: explosives_factory -> result=0 (впервые)
ProdTypeGate: small_arms_factory -> result=0 (впервые)
ProdTypeGate: explosives_factory -> result=0 (впервые)
ProdTypeGate: small_arms_factory -> result=0 (впервые)
ProdTypeGate: explosives_factory -> result=0 (впервые)
ProdTypeGate: small_arms_factory -> result=0 (впервые)
ProdTypeGate: small_arms_factory -> result=0 (впервые)
ProdTypeGate: small_arms_factory -> result=0 (впервые)
ProdTypeGate: explosives_factory -> result=0 (впервые)
ProdTypeGate: small_arms_factory -> result=0 (впервые)
ProdTypeGate: explosives_factory -> result=0 (впервые)
ProdTypeGate: small_arms_factory -> result=0 (впервые)
ProdTypeGate: explosives_factory -> result=0 (впервые)
ProdTypeGate: small_arms_factory -> result=0 (впервые)
ProdTypeGate: explosives_factory -> result=0 (впервые)
ProdTypeGate: small_arms_factory -> result=0 (впервые)
ProdTypeGate: explosives_factory -> result=0 (впервые)
ProdTypeGate: small_arms_factory -> result=0 (впервые)
ProdTypeGate: explosives_factory -> result=0 (впервые)
ProdTypeGate: small_arms_factory -> result=0 (впервые)
ProdTypeGate: explosives_factory -> result=0 (впервые)
ProdTypeGate: small_arms_factory -> result=0 (впервые)
ProdTypeGate: explosives_factory -> result=0 (впервые)
ProdTypeGate: small_arms_factory -> result=0 (впервые)
ProdTypeGate: explosives_factory -> result=0 (впервые)
ProdTypeGate: small_arms_factory -> result=0 (впервые)
ProdTypeGate: explosives_factory -> result=0 (впервые)
ProdTypeGate: small_arms_factory -> result=0 (впервые)
ProdTypeGate: explosives_factory -> result=0 (впервые)
ProdTypeGate: small_arms_factory -> result=0 (впервые)
ProdTypeGate: explosives_factory -> result=0 (впервые)
ProdTypeGate: small_arms_factory -> result=0 (впервые)
ProdTypeGate: explosives_factory -> result=0 (впервые)
ProdTypeGate: small_arms_factory -> result=0 (впервые)
ProdTypeGate: explosives_factory -> result=0 (впервые)
ProdTypeGate: small_arms_factory -> result=0 (впервые)
ProdTypeGate: explosives_factory -> result=0 (впервые)
ProdTypeGate: small_arms_factory -> result=0 (впервые)
ProdTypeGate: explosives_factory -> result=0 (впервые)
ProdTypeGate: explosives_factory -> result=0 (впервые)
ProdTypeGate: small_arms_factory -> result=0 (впервые)
ProdTypeGate: explosives_factory -> result=0 (впервые)
ProdTypeGate: small_arms_factory -> result=0 (впервые)
ProdTypeGate: explosives_factory -> result=0 (впервые)
ProdTypeGate: small_arms_factory -> result=0 (впервые)
ProdTypeGate: explosives_factory -> result=0 (впервые)
ProdTypeGate: explosives_factory -> result=0 (впервые)
ProdTypeGate: small_arms_factory -> result=0 (впервые)
ProdTypeGate: explosives_factory -> result=0 (впервые)
ProdTypeGate: small_arms_factory -> result=0 (впервые)
ProdTypeGate: explosives_factory -> result=0 (впервые)
ProdTypeGate: small_arms_factory -> result=0 (впервые)
ProdTypeGate: explosives_factory -> result=0 (впервые)
ProdTypeGate: small_arms_factory -> result=0 (впервые)
ProdTypeGate: explosives_factory -> result=0 (впервые)
ProdTypeGate: small_arms_factory -> result=0 (впервые)
ProdTypeGate: explosives_factory -> result=0 (впервые)
ProdTypeGate: explosives_factory -> result=0 (впервые)
ProdTypeGate: small_arms_factory -> result=0 (впервые)
ProdTypeGate: small_arms_factory -> result=0 (впервые)
ProdTypeGate: explosives_factory -> result=0 (впервые)
ProdTypeGate: small_arms_factory -> result=0 (впервые)
ProdTypeGate: explosives_factory -> result=0 (впервые)
ProdTypeGate: small_arms_factory -> result=0 (впервые)
ProdTypeGate: explosives_factory -> result=0 (впервые)
ProdTypeGate: small_arms_factory -> result=0 (впервые)
ProdTypeGate: explosives_factory -> result=0 (впервые)
ProdTypeGate: small_arms_factory -> result=0 (впервые)
ProdTypeGate: explosives_factory -> result=0 (впервые)
ProdTypeGate: small_arms_factory -> result=0 (впервые)
ProdTypeGate: explosives_factory -> result=0 (впервые)
ProdTypeGate: small_arms_factory -> result=0 (впервые)
ProdTypeGate: explosives_factory -> result=0 (впервые)
ProdTypeGate: small_arms_factory -> result=0 (впервые)
ProdTypeGate: explosives_factory -> result=0 (впервые)
ProdTypeGate: small_arms_factory -> result=0 (впервые)
ProdTypeGate: explosives_factory -> result=0 (впервые)
ProdTypeGate: small_arms_factory -> result=0 (впервые)
ProdTypeGate: explosives_factory -> result=0 (впервые)
ProdTypeGate: small_arms_factory -> result=0 (впервые)
ProdTypeGate: explosives_factory -> result=0 (впервые)
ProdTypeGate: small_arms_factory -> result=0 (впервые)
ProdTypeGate: explosives_factory -> result=0 (впервые)
ProdTypeGate: small_arms_factory -> result=0 (впервые)
ProdTypeGate: explosives_factory -> result=0 (впервые)
ProdTypeGate: small_arms_factory -> result=0 (впервые)
ProdTypeGate: explosives_factory -> result=0 (впервые)
ProdTypeGate: small_arms_factory -> result=0 (впервые)
ProdTypeGate: explosives_factory -> result=0 (впервые)
ProdTypeGate: small_arms_factory -> result=0 (впервые)
ProdTypeGate: explosives_factory -> result=0 (впервые)
ProdTypeGate: small_arms_factory -> result=0 (впервые)
ProdTypeGate: explosives_factory -> result=0 (впервые)
ProdTypeGate: small_arms_factory -> result=0 (впервые)
ProdTypeGate: explosives_factory -> result=0 (впервые)
ProdTypeGate: small_arms_factory -> result=0 (впервые)
ProdTypeGate: explosives_factory -> result=0 (впервые)
ProdTypeGate: small_arms_factory -> result=0 (впервые)
ProdTypeGate: explosives_factory -> result=0 (впервые)
ProdTypeGate: small_arms_factory -> result=0 (впервые)
ProdTypeGate: explosives_factory -> result=0 (впервые)
ProdTypeGate: small_arms_factory -> result=0 (впервые)
ProdTypeGate: explosives_factory -> result=0 (впервые)
ProdTypeGate: small_arms_factory -> result=0 (впервые)
ProdTypeGate: explosives_factory -> result=0 (впервые)
ProdTypeGate: small_arms_factory -> result=0 (впервые)
ProdTypeGate: explosives_factory -> result=0 (впервые)
ProdTypeGate: small_arms_factory -> result=0 (впервые)
ProdTypeGate: explosives_factory -> result=0 (впервые)
ProdTypeGate: small_arms_factory -> result=0 (впервые)
ProdTypeGate: explosives_factory -> result=0 (впервые)
ProdTypeGate: small_arms_factory -> result=0 (впервые)
ProdTypeGate: explosives_factory -> result=0 (впервые)
ProdTypeGate: small_arms_factory -> result=0 (впервые)
ProdTypeGate: explosives_factory -> result=0 (впервые)
ProdTypeGate: small_arms_factory -> result=0 (впервые)
ProdTypeGate: explosives_factory -> result=0 (впервые)
ProdTypeGate: small_arms_factory -> result=0 (впервые)
Update[CTechnologyView]: вызван, view=4E98BC80
ProdTypeGate: explosives_factory -> result=0 (впервые)
ProdTypeGate: small_arms_factory -> result=0 (впервые)
ProdTypeGate: explosives_factory -> result=0 (впервые)
ProdTypeGate: small_arms_factory -> result=0 (впервые)
ProdTypeGate: explosives_factory -> result=0 (впервые)
ProdTypeGate: small_arms_factory -> result=0 (впервые)
ProdTypeGate: explosives_factory -> result=0 (впервые)
ProdTypeGate: small_arms_factory -> result=0 (впервые)
ProdTypeGate: explosives_factory -> result=0 (впервые)
ProdTypeGate: small_arms_factory -> result=0 (впервые)
ProdTypeGate: explosives_factory -> result=0 (впервые)
ProdTypeGate: small_arms_factory -> result=0 (впервые)
ProdTypeGate: explosives_factory -> result=0 (впервые)
ProdTypeGate: small_arms_factory -> result=0 (впервые)
ProdTypeGate: small_arms_factory -> result=0 (впервые)
ProdTypeGate: explosives_factory -> result=0 (впервые)
ProdTypeGate: small_arms_factory -> result=0 (впервые)
ProdTypeGate: explosives_factory -> result=0 (впервые)
ProdTypeGate: small_arms_factory -> result=0 (впервые)
ProdTypeGate: explosives_factory -> result=0 (впервые)
ProdTypeGate: small_arms_factory -> result=0 (впервые)
ProdTypeGate: explosives_factory -> result=0 (впервые)
ProdTypeGate: small_arms_factory -> result=0 (впервые)
ProdTypeGate: explosives_factory -> result=0 (впервые)
ProdTypeGate: small_arms_factory -> result=0 (впервые)
ProdTypeGate: explosives_factory -> result=0 (впервые)
ProdTypeGate: small_arms_factory -> result=0 (впервые)
ProdTypeGate: explosives_factory -> result=0 (впервые)
ProdTypeGate: small_arms_factory -> result=0 (впервые)
ProdTypeGate: small_arms_factory -> result=0 (впервые)
ProdTypeGate: explosives_factory -> result=0 (впервые)
ProdTypeGate: small_arms_factory -> result=0 (впервые)
ProdTypeGate: explosives_factory -> result=0 (впервые)
ProdTypeGate: small_arms_factory -> result=0 (впервые)
ProdTypeGate: small_arms_factory -> result=0 (впервые)
ProdTypeGate: small_arms_factory -> result=0 (впервые)
ProdTypeGate: explosives_factory -> result=0 (впервые)
ProdTypeGate: small_arms_factory -> result=0 (впервые)
ProdTypeGate: small_arms_factory -> result=0 (впервые)
ProdTypeGate: explosives_factory -> result=0 (впервые)
ProdTypeGate: small_arms_factory -> result=0 (впервые)
ProdTypeGate: explosives_factory -> result=0 (впервые)
ProdTypeGate: small_arms_factory -> result=0 (впервые)
ProdTypeGate: explosives_factory -> result=0 (впервые)
ProdTypeGate: small_arms_factory -> result=0 (впервые)
ProdTypeGate: explosives_factory -> result=0 (впервые)
ProdTypeGate: small_arms_factory -> result=0 (впервые)
ProdTypeGate: explosives_factory -> result=0 (впервые)
ProdTypeGate: explosives_factory -> result=0 (впервые)
ProdTypeGate: small_arms_factory -> result=0 (впервые)
ProdTypeGate: explosives_factory -> result=0 (впервые)
ProdTypeGate: small_arms_factory -> result=0 (впервые)
ProdTypeGate: explosives_factory -> result=0 (впервые)
ProdTypeGate: small_arms_factory -> result=0 (впервые)
ProdTypeGate: explosives_factory -> result=0 (впервые)
ProdTypeGate: small_arms_factory -> result=0 (впервые)
ProdTypeGate: explosives_factory -> result=0 (впервые)
ProdTypeGate: small_arms_factory -> result=0 (впервые)
ProdTypeGate: explosives_factory -> result=0 (впервые)
ProdTypeGate: small_arms_factory -> result=0 (впервые)
ProdTypeGate: explosives_factory -> result=0 (впервые)
ProdTypeGate: small_arms_factory -> result=0 (впервые)
ProdTypeGate: explosives_factory -> result=0 (впервые)
ProdTypeGate: small_arms_factory -> result=0 (впервые)
ProdTypeGate: explosives_factory -> result=0 (впервые)
ProdTypeGate: small_arms_factory -> result=0 (впервые)
ProdTypeGate: small_arms_factory -> result=0 (впервые)
ProdTypeGate: explosives_factory -> result=0 (впервые)
ProdTypeGate: small_arms_factory -> result=0 (впервые)
ProdTypeGate: small_arms_factory -> result=0 (впервые)
ProdTypeGate: explosives_factory -> result=0 (впервые)
ProdTypeGate: small_arms_factory -> result=0 (впервые)
ProdTypeGate: explosives_factory -> result=0 (впервые)
ProdTypeGate: small_arms_factory -> result=0 (впервые)
ProdTypeGate: explosives_factory -> result=0 (впервые)
ProdTypeGate: small_arms_factory -> result=0 (впервые)
ProdTypeGate: explosives_factory -> result=0 (впервые)
ProdTypeGate: small_arms_factory -> result=0 (впервые)
ProdTypeGate: explosives_factory -> result=0 (впервые)
ProdTypeGate: explosives_factory -> result=0 (впервые)
ProdTypeGate: small_arms_factory -> result=0 (впервые)
ProdTypeGate: small_arms_factory -> result=0 (впервые)
ProdTypeGate: explosives_factory -> result=0 (впервые)
ProdTypeGate: small_arms_factory -> result=0 (впервые)
ProdTypeGate: explosives_factory -> result=0 (впервые)
ProdTypeGate: small_arms_factory -> result=0 (впервые)
ProdTypeGate: explosives_factory -> result=0 (впервые)
ProdTypeGate: small_arms_factory -> result=0 (впервые)
ProdTypeGate: explosives_factory -> result=0 (впервые)
ProdTypeGate: small_arms_factory -> result=0 (впервые)
ProdTypeGate: explosives_factory -> result=0 (впервые)
ProdTypeGate: small_arms_factory -> result=0 (впервые)
ProdTypeGate: small_arms_factory -> result=0 (впервые)
ProdTypeGate: explosives_factory -> result=0 (впервые)
ProdTypeGate: small_arms_factory -> result=0 (впервые)
ProdTypeGate: explosives_factory -> result=0 (впервые)
ProdTypeGate: small_arms_factory -> result=0 (впервые)
ProdTypeGate: explosives_factory -> result=0 (впервые)
ProdTypeGate: small_arms_factory -> result=0 (впервые)
ProdTypeGate: explosives_factory -> result=0 (впервые)
ProdTypeGate: small_arms_factory -> result=0 (впервые)
ProdTypeGate: explosives_factory -> result=0 (впервые)
ProdTypeGate: small_arms_factory -> result=0 (впервые)
ProdTypeGate: explosives_factory -> result=0 (впервые)
ProdTypeGate: small_arms_factory -> result=0 (впервые)
ProdTypeGate: explosives_factory -> result=0 (впервые)
ProdTypeGate: small_arms_factory -> result=0 (впервые)
ProdTypeGate: small_arms_factory -> result=0 (впервые)
ProdTypeGate: explosives_factory -> result=0 (впервые)
ProdTypeGate: small_arms_factory -> result=0 (впервые)
ProdTypeGate: small_arms_factory -> result=0 (впервые)
ProdTypeGate: explosives_factory -> result=0 (впервые)
ProdTypeGate: small_arms_factory -> result=0 (впервые)
ProdTypeGate: small_arms_factory -> result=0 (впервые)
ProdTypeGate: explosives_factory -> result=0 (впервые)
ProdTypeGate: small_arms_factory -> result=0 (впервые)
ProdTypeGate: explosives_factory -> result=0 (впервые)
ProdTypeGate: small_arms_factory -> result=0 (впервые)
ProdTypeGate: explosives_factory -> result=0 (впервые)
ProdTypeGate: small_arms_factory -> result=0 (впервые)
ProdTypeGate: explosives_factory -> result=0 (впервые)
ProdTypeGate: small_arms_factory -> result=0 (впервые)
ProdTypeGate: small_arms_factory -> result=0 (впервые)
ProdTypeGate: explosives_factory -> result=0 (впервые)
ProdTypeGate: small_arms_factory -> result=0 (впервые)
ProdTypeGate: explosives_factory -> result=0 (впервые)
ProdTypeGate: small_arms_factory -> result=0 (впервые)
ProdTypeGate: explosives_factory -> result=0 (впервые)
ProdTypeGate: small_arms_factory -> result=0 (впервые)
ProdTypeGate: explosives_factory -> result=0 (впервые)
ProdTypeGate: small_arms_factory -> result=0 (впервые)
ProdTypeGate: rubber_factory -> result=1 (впервые)
ProdTypeGate: explosives_factory -> result=0 (впервые)
ProdTypeGate: small_arms_factory -> result=0 (впервые)
ProdTypeGate: rubber_factory -> result=1 (впервые)
ProdTypeGate: explosives_factory -> result=0 (впервые)
ProdTypeGate: small_arms_factory -> result=0 (впервые)
ProdTypeGate: rubber_factory -> result=1 (впервые)
ProdTypeGate: explosives_factory -> result=0 (впервые)
ProdTypeGate: small_arms_factory -> result=0 (впервые)
ProdTypeGate: rubber_factory -> result=1 (впервые)
ProdTypeGate: explosives_factory -> result=0 (впервые)
ProdTypeGate: small_arms_factory -> result=0 (впервые)
ProdTypeGate: explosives_factory -> result=0 (впервые)
ProdTypeGate: rubber_factory -> result=1 (впервые)
ProdTypeGate: explosives_factory -> result=0 (впервые)
ProdTypeGate: small_arms_factory -> result=0 (впервые)
ProdTypeGate: explosives_factory -> result=0 (впервые)
ProdTypeGate: small_arms_factory -> result=0 (впервые)
ProdTypeGate: explosives_factory -> result=0 (впервые)
ProdTypeGate: small_arms_factory -> result=0 (впервые)
ProdTypeGate: small_arms_factory -> result=0 (впервые)
ProdTypeGate: explosives_factory -> result=0 (впервые)
ProdTypeGate: small_arms_factory -> result=0 (впервые)
ProdTypeGate: explosives_factory -> result=0 (впервые)
ProdTypeGate: rubber_factory -> result=1 (впервые)
ProdTypeGate: explosives_factory -> result=0 (впервые)
ProdTypeGate: small_arms_factory -> result=0 (впервые)
ProdTypeGate: explosives_factory -> result=0 (впервые)
ProdTypeGate: small_arms_factory -> result=0 (впервые)
ProdTypeGate: explosives_factory -> result=0 (впервые)
ProdTypeGate: small_arms_factory -> result=0 (впервые)
ProdTypeGate: rubber_factory -> result=1 (впервые)
ProdTypeGate: explosives_factory -> result=0 (впервые)
ProdTypeGate: small_arms_factory -> result=0 (впервые)
ProdTypeGate: rubber_factory -> result=1 (впервые)
ProdTypeGate: explosives_factory -> result=0 (впервые)
ProdTypeGate: small_arms_factory -> result=0 (впервые)
ProdTypeGate: rubber_factory -> result=1 (впервые)
ProdTypeGate: small_arms_factory -> result=0 (впервые)
ProdTypeGate: explosives_factory -> result=0 (впервые)
ProdTypeGate: small_arms_factory -> result=0 (впервые)
ProdTypeGate: rubber_factory -> result=1 (впервые)
ProdTypeGate: explosives_factory -> result=0 (впервые)
ProdTypeGate: small_arms_factory -> result=0 (впервые)
ProdTypeGate: explosives_factory -> result=0 (впервые)
ProdTypeGate: small_arms_factory -> result=0 (впервые)
ProdTypeGate: small_arms_factory -> result=0 (впервые)
ProdTypeGate: rubber_factory -> result=1 (впервые)
ProdTypeGate: explosives_factory -> result=0 (впервые)
ProdTypeGate: small_arms_factory -> result=0 (впервые)
ProdTypeGate: rubber_factory -> result=1 (впервые)
ProdTypeGate: explosives_factory -> result=0 (впервые)
ProdTypeGate: small_arms_factory -> result=0 (впервые)
ProdTypeGate: explosives_factory -> result=0 (впервые)
ProdTypeGate: small_arms_factory -> result=0 (впервые)
ProdTypeGate: small_arms_factory -> result=0 (впервые)
ProdTypeGate: rubber_factory -> result=1 (впервые)
ProdTypeGate: explosives_factory -> result=0 (впервые)
ProdTypeGate: small_arms_factory -> result=0 (впервые)
ProdTypeGate: explosives_factory -> result=0 (впервые)
ProdTypeGate: small_arms_factory -> result=0 (впервые)
ProdTypeGate: explosives_factory -> result=0 (впервые)
ProdTypeGate: small_arms_factory -> result=0 (впервые)
ProdTypeGate: small_arms_factory -> result=0 (впервые)
ProdTypeGate: rubber_factory -> result=1 (впервые)
ProdTypeGate: explosives_factory -> result=0 (впервые)
ProdTypeGate: small_arms_factory -> result=0 (впервые)
ProdTypeGate: rubber_factory -> result=1 (впервые)
ProdTypeGate: explosives_factory -> result=0 (впервые)
ProdTypeGate: small_arms_factory -> result=0 (впервые)
ProdTypeGate: rubber_factory -> result=1 (впервые)
ProdTypeGate: small_arms_factory -> result=0 (впервые)
ProdTypeGate: rubber_factory -> result=1 (впервые)
ProdTypeGate: explosives_factory -> result=0 (впервые)
ProdTypeGate: small_arms_factory -> result=0 (впервые)
ProdTypeGate: explosives_factory -> result=0 (впервые)
ProdTypeGate: small_arms_factory -> result=0 (впервые)
ProdTypeGate: explosives_factory -> result=0 (впервые)
ProdTypeGate: small_arms_factory -> result=0 (впервые)
ProdTypeGate: explosives_factory -> result=0 (впервые)
ProdTypeGate: small_arms_factory -> result=0 (впервые)
ProdTypeGate: small_arms_factory -> result=0 (впервые)
ProdTypeGate: rubber_factory -> result=1 (впервые)
ProdTypeGate: explosives_factory -> result=0 (впервые)
ProdTypeGate: small_arms_factory -> result=0 (впервые)
ProdTypeGate: rubber_factory -> result=1 (впервые)
ProdTypeGate: explosives_factory -> result=0 (впервые)
ProdTypeGate: small_arms_factory -> result=0 (впервые)
ProdTypeGate: small_arms_factory -> result=0 (впервые)
ProdTypeGate: explosives_factory -> result=0 (впервые)
ProdTypeGate: small_arms_factory -> result=0 (впервые)
ProdTypeGate: rubber_factory -> result=1 (впервые)
ProdTypeGate: explosives_factory -> result=0 (впервые)
ProdTypeGate: small_arms_factory -> result=0 (впервые)
ProdTypeGate: rubber_factory -> result=1 (впервые)
ProdTypeGate: explosives_factory -> result=0 (впервые)
ProdTypeGate: small_arms_factory -> result=0 (впервые)
ProdTypeGate: rubber_factory -> result=1 (впервые)
ProdTypeGate: explosives_factory -> result=0 (впервые)
ProdTypeGate: small_arms_factory -> result=0 (впервые)
ProdTypeGate: rubber_factory -> result=1 (впервые)
ProdTypeGate: explosives_factory -> result=0 (впервые)
ProdTypeGate: small_arms_factory -> result=0 (впервые)
ProdTypeGate: explosives_factory -> result=0 (впервые)
ProdTypeGate: small_arms_factory -> result=0 (впервые)
ProdTypeGate: rubber_factory -> result=1 (впервые)
ProdTypeGate: explosives_factory -> result=0 (впервые)
ProdTypeGate: small_arms_factory -> result=0 (впервые)
ProdTypeGate: rubber_factory -> result=1 (впервые)
ProdTypeGate: explosives_factory -> result=0 (впервые)
ProdTypeGate: small_arms_factory -> result=0 (впервые)
ProdTypeGate: rubber_factory -> result=1 (впервые)
ProdTypeGate: explosives_factory -> result=0 (впервые)
ProdTypeGate: small_arms_factory -> result=0 (впервые)
ProdTypeGate: rubber_factory -> result=1 (впервые)
ProdTypeGate: explosives_factory -> result=0 (впервые)
ProdTypeGate: small_arms_factory -> result=0 (впервые)
ProdTypeGate: explosives_factory -> result=0 (впервые)
ProdTypeGate: small_arms_factory -> result=0 (впервые)
ProdTypeGate: rubber_factory -> result=1 (впервые)
ProdTypeGate: explosives_factory -> result=0 (впервые)
ProdTypeGate: small_arms_factory -> result=0 (впервые)
ProdTypeGate: explosives_factory -> result=0 (впервые)
ProdTypeGate: small_arms_factory -> result=0 (впервые)
ProdTypeGate: rubber_factory -> result=1 (впервые)
ProdTypeGate: explosives_factory -> result=0 (впервые)
ProdTypeGate: small_arms_factory -> result=0 (впервые)
ProdTypeGate: rubber_factory -> result=1 (впервые)
ProdTypeGate: small_arms_factory -> result=0 (впервые)
ProdTypeGate: rubber_factory -> result=1 (впервые)
ProdTypeGate: explosives_factory -> result=0 (впервые)
ProdTypeGate: small_arms_factory -> result=0 (впервые)
ProdTypeGate: rubber_factory -> result=1 (впервые)
ProdTypeGate: explosives_factory -> result=0 (впервые)
ProdTypeGate: small_arms_factory -> result=0 (впервые)
ProdTypeGate: explosives_factory -> result=0 (впервые)
ProdTypeGate: small_arms_factory -> result=0 (впервые)
ProdTypeGate: explosives_factory -> result=0 (впервые)
ProdTypeGate: rubber_factory -> result=1 (впервые)
ProdTypeGate: explosives_factory -> result=0 (впервые)
ProdTypeGate: small_arms_factory -> result=0 (впервые)
ProdTypeGate: explosives_factory -> result=0 (впервые)
ProdTypeGate: small_arms_factory -> result=0 (впервые)
ProdTypeGate: rubber_factory -> result=1 (впервые)
ProdTypeGate: explosives_factory -> result=0 (впервые)
ProdTypeGate: small_arms_factory -> result=0 (впервые)
ProdTypeGate: explosives_factory -> result=0 (впервые)
ProdTypeGate: small_arms_factory -> result=0 (впервые)
ProdTypeGate: explosives_factory -> result=0 (впервые)
ProdTypeGate: small_arms_factory -> result=0 (впервые)
ProdTypeGate: rubber_factory -> result=1 (впервые)
ProdTypeGate: explosives_factory -> result=0 (впервые)
ProdTypeGate: small_arms_factory -> result=0 (впервые)
ProdTypeGate: explosives_factory -> result=0 (впервые)
ProdTypeGate: small_arms_factory -> result=0 (впервые)
ProdTypeGate: explosives_factory -> result=0 (впервые)
ProdTypeGate: small_arms_factory -> result=0 (впервые)
ProdTypeGate: explosives_factory -> result=0 (впервые)
ProdTypeGate: small_arms_factory -> result=0 (впервые)
ProdTypeGate: explosives_factory -> result=0 (впервые)
ProdTypeGate: small_arms_factory -> result=0 (впервые)
ProdTypeGate: explosives_factory -> result=0 (впервые)
ProdTypeGate: small_arms_factory -> result=0 (впервые)
ProdTypeGate: explosives_factory -> result=0 (впервые)
ProdTypeGate: small_arms_factory -> result=0 (впервые)
ProdTypeGate: small_arms_factory -> result=0 (впервые)
ProdTypeGate: rubber_factory -> result=1 (впервые)
ProdTypeGate: explosives_factory -> result=0 (впервые)
ProdTypeGate: small_arms_factory -> result=0 (впервые)
ProdTypeGate: explosives_factory -> result=0 (впервые)
ProdTypeGate: small_arms_factory -> result=0 (впервые)
ProdTypeGate: explosives_factory -> result=0 (впервые)
ProdTypeGate: small_arms_factory -> result=0 (впервые)
ProdTypeGate: small_arms_factory -> result=0 (впервые)
ProdTypeGate: rubber_factory -> result=1 (впервые)
ProdTypeGate: explosives_factory -> result=0 (впервые)
ProdTypeGate: small_arms_factory -> result=0 (впервые)
ProdTypeGate: rubber_factory -> result=1 (впервые)
ProdTypeGate: explosives_factory -> result=0 (впервые)
ProdTypeGate: small_arms_factory -> result=0 (впервые)
ProdTypeGate: rubber_factory -> result=1 (впервые)
ProdTypeGate: explosives_factory -> result=0 (впервые)
ProdTypeGate: small_arms_factory -> result=0 (впервые)
ProdTypeGate: rubber_factory -> result=1 (впервые)
ProdTypeGate: small_arms_factory -> result=0 (впервые)
ProdTypeGate: rubber_factory -> result=1 (впервые)
ProdTypeGate: explosives_factory -> result=0 (впервые)
ProdTypeGate: small_arms_factory -> result=0 (впервые)
ProdTypeGate: rubber_factory -> result=1 (впервые)
ProdTypeGate: explosives_factory -> result=0 (впервые)
ProdTypeGate: small_arms_factory -> result=0 (впервые)
ProdTypeGate: explosives_factory -> result=0 (впервые)
ProdTypeGate: small_arms_factory -> result=0 (впервые)
ProdTypeGate: rubber_factory -> result=1 (впервые)
ProdTypeGate: explosives_factory -> result=0 (впервые)
ProdTypeGate: small_arms_factory -> result=0 (впервые)
ProdTypeGate: rubber_factory -> result=1 (впервые)
ProdTypeGate: explosives_factory -> result=0 (впервые)
ProdTypeGate: small_arms_factory -> result=0 (впервые)
ProdTypeGate: explosives_factory -> result=0 (впервые)
ProdTypeGate: small_arms_factory -> result=0 (впервые)
ProdTypeGate: rubber_factory -> result=1 (впервые)
ProdTypeGate: small_arms_factory -> result=0 (впервые)
ProdTypeGate: rubber_factory -> result=1 (впервые)
ProdTypeGate: explosives_factory -> result=0 (впервые)
ProdTypeGate: small_arms_factory -> result=0 (впервые)
ProdTypeGate: explosives_factory -> result=0 (впервые)
ProdTypeGate: small_arms_factory -> result=0 (впервые)
ProdTypeGate: explosives_factory -> result=0 (впервые)
ProdTypeGate: small_arms_factory -> result=0 (впервые)
ProdTypeGate: rubber_factory -> result=1 (впервые)
ProdTypeGate: explosives_factory -> result=0 (впервые)
ProdTypeGate: small_arms_factory -> result=0 (впервые)
ProdTypeGate: rubber_factory -> result=1 (впервые)
ProdTypeGate: explosives_factory -> result=0 (впервые)
ProdTypeGate: small_arms_factory -> result=0 (впервые)
ProdTypeGate: explosives_factory -> result=0 (впервые)
ProdTypeGate: small_arms_factory -> result=0 (впервые)
ProdTypeGate: small_arms_factory -> result=0 (впервые)
ProdTypeGate: explosives_factory -> result=0 (впервые)
ProdTypeGate: small_arms_factory -> result=0 (впервые)
ProdTypeGate: rubber_factory -> result=1 (впервые)
ProdTypeGate: explosives_factory -> result=0 (впервые)
ProdTypeGate: small_arms_factory -> result=0 (впервые)
ProdTypeGate: rubber_factory -> result=1 (впервые)
ProdTypeGate: explosives_factory -> result=0 (впервые)
ProdTypeGate: small_arms_factory -> result=0 (впервые)
ProdTypeGate: explosives_factory -> result=0 (впервые)
ProdTypeGate: small_arms_factory -> result=0 (впервые)
ProdTypeGate: rubber_factory -> result=1 (впервые)
ProdTypeGate: explosives_factory -> result=0 (впервые)
ProdTypeGate: small_arms_factory -> result=0 (впервые)
ProdTypeGate: explosives_factory -> result=0 (впервые)
ProdTypeGate: small_arms_factory -> result=0 (впервые)
ProdTypeGate: small_arms_factory -> result=0 (впервые)
ProdTypeGate: explosives_factory -> result=0 (впервые)
ProdTypeGate: explosives_factory -> result=0 (впервые)
ProdTypeGate: rubber_factory -> result=1 (впервые)
ProdTypeGate: explosives_factory -> result=0 (впервые)
ProdTypeGate: small_arms_factory -> result=0 (впервые)
ProdTypeGate: rubber_factory -> result=1 (впервые)
ProdTypeGate: explosives_factory -> result=0 (впервые)
ProdTypeGate: small_arms_factory -> result=0 (впервые)
ProdTypeGate: explosives_factory -> result=0 (впервые)
ProdTypeGate: small_arms_factory -> result=0 (впервые)
ProdTypeGate: explosives_factory -> result=0 (впервые)
ProdTypeGate: small_arms_factory -> result=0 (впервые)
ProdTypeGate: explosives_factory -> result=0 (впервые)
ProdTypeGate: small_arms_factory -> result=0 (впервые)
ProdTypeGate: small_arms_factory -> result=0 (впервые)
ProdTypeGate: rubber_factory -> result=1 (впервые)
ProdTypeGate: explosives_factory -> result=0 (впервые)
ProdTypeGate: small_arms_factory -> result=0 (впервые)
ProdTypeGate: small_arms_factory -> result=0 (впервые)
ProdTypeGate: explosives_factory -> result=0 (впервые)
ProdTypeGate: small_arms_factory -> result=0 (впервые)
ProdTypeGate: rubber_factory -> result=1 (впервые)
ProdTypeGate: explosives_factory -> result=0 (впервые)
ProdTypeGate: small_arms_factory -> result=0 (впервые)
ProdTypeGate: rubber_factory -> result=1 (впервые)
ProdTypeGate: explosives_factory -> result=0 (впервые)
ProdTypeGate: small_arms_factory -> result=0 (впервые)
ProdTypeGate: explosives_factory -> result=0 (впервые)
ProdTypeGate: small_arms_factory -> result=0 (впервые)
ProdTypeGate: rubber_factory -> result=1 (впервые)
ProdTypeGate: explosives_factory -> result=0 (впервые)
ProdTypeGate: small_arms_factory -> result=0 (впервые)
ProdTypeGate: explosives_factory -> result=0 (впервые)
ProdTypeGate: small_arms_factory -> result=0 (впервые)
ProdTypeGate: explosives_factory -> result=0 (впервые)
ProdTypeGate: small_arms_factory -> result=0 (впервые)
ProdTypeGate: explosives_factory -> result=0 (впервые)
ProdTypeGate: explosives_factory -> result=0 (впервые)
ProdTypeGate: small_arms_factory -> result=0 (впервые)
ProdTypeGate: rubber_factory -> result=1 (впервые)
ProdTypeGate: explosives_factory -> result=0 (впервые)
ProdTypeGate: small_arms_factory -> result=0 (впервые)
ProdTypeGate: rubber_factory -> result=1 (впервые)
ProdTypeGate: explosives_factory -> result=0 (впервые)
ProdTypeGate: small_arms_factory -> result=0 (впервые)
ProdTypeGate: rubber_factory -> result=1 (впервые)
ProdTypeGate: explosives_factory -> result=0 (впервые)
ProdTypeGate: small_arms_factory -> result=0 (впервые)
ProdTypeGate: explosives_factory -> result=0 (впервые)
ProdTypeGate: small_arms_factory -> result=0 (впервые)
ProdTypeGate: rubber_factory -> result=1 (впервые)
ProdTypeGate: explosives_factory -> result=0 (впервые)
ProdTypeGate: small_arms_factory -> result=0 (впервые)
ProdTypeGate: explosives_factory -> result=0 (впервые)
ProdTypeGate: small_arms_factory -> result=0 (впервые)
ProdTypeGate: rubber_factory -> result=1 (впервые)
ProdTypeGate: explosives_factory -> result=0 (впервые)
ProdTypeGate: small_arms_factory -> result=0 (впервые)
ProdTypeGate: explosives_factory -> result=0 (впервые)
ProdTypeGate: small_arms_factory -> result=0 (впервые)
ProdTypeGate: explosives_factory -> result=0 (впервые)
ProdTypeGate: small_arms_factory -> result=0 (впервые)
ProdTypeGate: explosives_factory -> result=0 (впервые)
ProdTypeGate: small_arms_factory -> result=0 (впервые)
ProdTypeGate: rubber_factory -> result=1 (впервые)
ProdTypeGate: explosives_factory -> result=0 (впервые)
ProdTypeGate: small_arms_factory -> result=0 (впервые)
ProdTypeGate: small_arms_factory -> result=0 (впервые)
ProdTypeGate: rubber_factory -> result=1 (впервые)
ProdTypeGate: explosives_factory -> result=0 (впервые)
ProdTypeGate: small_arms_factory -> result=0 (впервые)
ProdTypeGate: rubber_factory -> result=1 (впервые)
ProdTypeGate: explosives_factory -> result=0 (впервые)
ProdTypeGate: small_arms_factory -> result=0 (впервые)
ProdTypeGate: rubber_factory -> result=1 (впервые)
ProdTypeGate: explosives_factory -> result=0 (впервые)
ProdTypeGate: small_arms_factory -> result=0 (впервые)
ProdTypeGate: rubber_factory -> result=1 (впервые)
ProdTypeGate: explosives_factory -> result=0 (впервые)
ProdTypeGate: small_arms_factory -> result=0 (впервые)
ProdTypeGate: explosives_factory -> result=0 (впервые)
ProdTypeGate: small_arms_factory -> result=0 (впервые)
ProdTypeGate: explosives_factory -> result=0 (впервые)
ProdTypeGate: small_arms_factory -> result=0 (впервые)
ProdTypeGate: small_arms_factory -> result=0 (впервые)
ProdTypeGate: rubber_factory -> result=1 (впервые)
ProdTypeGate: small_arms_factory -> result=0 (впервые)
ProdTypeGate: rubber_factory -> result=1 (впервые)
ProdTypeGate: explosives_factory -> result=0 (впервые)
ProdTypeGate: small_arms_factory -> result=0 (впервые)
ProdTypeGate: explosives_factory -> result=0 (впервые)
ProdTypeGate: small_arms_factory -> result=0 (впервые)
ProdTypeGate: rubber_factory -> result=1 (впервые)
ProdTypeGate: explosives_factory -> result=0 (впервые)
ProdTypeGate: small_arms_factory -> result=0 (впервые)
ProdTypeGate: explosives_factory -> result=0 (впервые)
ProdTypeGate: small_arms_factory -> result=0 (впервые)
ProdTypeGate: explosives_factory -> result=0 (впервые)
ProdTypeGate: small_arms_factory -> result=0 (впервые)
ProdTypeGate: rubber_factory -> result=1 (впервые)
ProdTypeGate: explosives_factory -> result=0 (впервые)
ProdTypeGate: small_arms_factory -> result=0 (впервые)
ProdTypeGate: rubber_factory -> result=1 (впервые)
ProdTypeGate: explosives_factory -> result=0 (впервые)
ProdTypeGate: small_arms_factory -> result=0 (впервые)
ProdTypeGate: rubber_factory -> result=1 (впервые)
ProdTypeGate: small_arms_factory -> result=0 (впервые)
ProdTypeGate: explosives_factory -> result=0 (впервые)
ProdTypeGate: small_arms_factory -> result=0 (впервые)
ProdTypeGate: explosives_factory -> result=0 (впервые)
ProdTypeGate: small_arms_factory -> result=0 (впервые)
ProdTypeGate: small_arms_factory -> result=0 (впервые)
ProdTypeGate: rubber_factory -> result=1 (впервые)
ProdTypeGate: explosives_factory -> result=0 (впервые)
ProdTypeGate: small_arms_factory -> result=0 (впервые)
ProdTypeGate: rubber_factory -> result=1 (впервые)
ProdTypeGate: small_arms_factory -> result=0 (впервые)
ProdTypeGate: explosives_factory -> result=0 (впервые)
ProdTypeGate: small_arms_factory -> result=0 (впервые)
ProdTypeGate: explosives_factory -> result=0 (впервые)
ProdTypeGate: small_arms_factory -> result=0 (впервые)
ProdTypeGate: explosives_factory -> result=0 (впервые)
ProdTypeGate: small_arms_factory -> result=0 (впервые)
ProdTypeGate: explosives_factory -> result=0 (впервые)
ProdTypeGate: small_arms_factory -> result=0 (впервые)
ProdTypeGate: explosives_factory -> result=0 (впервые)
ProdTypeGate: small_arms_factory -> result=0 (впервые)
ProdTypeGate: explosives_factory -> result=0 (впервые)
ProdTypeGate: small_arms_factory -> result=0 (впервые)
ProdTypeGate: explosives_factory -> result=0 (впервые)
ProdTypeGate: small_arms_factory -> result=0 (впервые)
ProdTypeGate: rubber_factory -> result=1 (впервые)
ProdTypeGate: explosives_factory -> result=0 (впервые)
ProdTypeGate: small_arms_factory -> result=0 (впервые)
ProdTypeGate: explosives_factory -> result=0 (впервые)
ProdTypeGate: small_arms_factory -> result=0 (впервые)
ProdTypeGate: small_arms_factory -> result=0 (впервые)
ProdTypeGate: explosives_factory -> result=0 (впервые)
ProdTypeGate: small_arms_factory -> result=0 (впервые)
ProdTypeGate: explosives_factory -> result=0 (впервые)
ProdTypeGate: small_arms_factory -> result=0 (впервые)
ProdTypeGate: explosives_factory -> result=0 (впервые)
ProdTypeGate: small_arms_factory -> result=0 (впервые)
ProdTypeGate: explosives_factory -> result=0 (впервые)
ProdTypeGate: small_arms_factory -> result=0 (впервые)
ProdTypeGate: rubber_factory -> result=1 (впервые)
ProdTypeGate: explosives_factory -> result=0 (впервые)
ProdTypeGate: small_arms_factory -> result=0 (впервые)
ProdTypeGate: rubber_factory -> result=1 (впервые)
ProdTypeGate: explosives_factory -> result=0 (впервые)
ProdTypeGate: small_arms_factory -> result=0 (впервые)
ProdTypeGate: explosives_factory -> result=0 (впервые)
ProdTypeGate: small_arms_factory -> result=0 (впервые)
ProdTypeGate: explosives_factory -> result=0 (впервые)
ProdTypeGate: small_arms_factory -> result=0 (впервые)
ProdTypeGate: rubber_factory -> result=1 (впервые)
ProdTypeGate: explosives_factory -> result=0 (впервые)
ProdTypeGate: small_arms_factory -> result=0 (впервые)
ProdTypeGate: rubber_factory -> result=1 (впервые)
ProdTypeGate: explosives_factory -> result=0 (впервые)
ProdTypeGate: small_arms_factory -> result=0 (впервые)
ProdTypeGate: rubber_factory -> result=1 (впервые)
ProdTypeGate: small_arms_factory -> result=0 (впервые)
ProdTypeGate: explosives_factory -> result=0 (впервые)
ProdTypeGate: small_arms_factory -> result=0 (впервые)
ProdTypeGate: explosives_factory -> result=0 (впервые)
ProdTypeGate: small_arms_factory -> result=0 (впервые)
Update[CProductionView]: вызван, view=536A6430
SetupHideColonialButton: подписана
ProdTypeGate: rubber_factory -> result=1 (впервые)
ProdTypeGate: explosives_factory -> result=0 (впервые)
ProdTypeGate: small_arms_factory -> result=0 (впервые)
Update[CProductionView]: вызван, view=536A6430
ProdTypeGate: explosives_factory -> result=0 (впервые)
ProdTypeGate: small_arms_factory -> result=0 (впервые)
ProdTypeGate: small_arms_factory -> result=0 (впервые)
ProdTypeGate: rubber_factory -> result=1 (впервые)
ProdTypeGate: explosives_factory -> result=0 (впервые)
ProdTypeGate: small_arms_factory -> result=0 (впервые)
ProdTypeGate: rubber_factory -> result=1 (впервые)
ProdTypeGate: explosives_factory -> result=0 (впервые)
ProdTypeGate: small_arms_factory -> result=0 (впервые)
ProdTypeGate: rubber_factory -> result=1 (впервые)
ProdTypeGate: explosives_factory -> result=0 (впервые)
ProdTypeGate: small_arms_factory -> result=0 (впервые)
ProdTypeGate: explosives_factory -> result=0 (впервые)
ProdTypeGate: small_arms_factory -> result=0 (впервые)
ProdTypeGate: rubber_factory -> result=1 (впервые)
ProdTypeGate: explosives_factory -> result=0 (впервые)
ProdTypeGate: small_arms_factory -> result=0 (впервые)
ProdTypeGate: explosives_factory -> result=0 (впервые)
ProdTypeGate: small_arms_factory -> result=0 (впервые)
ProdTypeGate: rubber_factory -> result=1 (впервые)
ProdTypeGate: explosives_factory -> result=0 (впервые)
ProdTypeGate: small_arms_factory -> result=0 (впервые)
ProdTypeGate: rubber_factory -> result=1 (впервые)
ProdTypeGate: small_arms_factory -> result=0 (впервые)
ProdTypeGate: explosives_factory -> result=0 (впервые)
ProdTypeGate: small_arms_factory -> result=0 (впервые)
ProdTypeGate: rubber_factory -> result=1 (впервые)
ProdTypeGate: explosives_factory -> result=0 (впервые)
ProdTypeGate: small_arms_factory -> result=0 (впервые)
ProdTypeGate: rubber_factory -> result=1 (впервые)
ProdTypeGate: explosives_factory -> result=0 (впервые)
ProdTypeGate: small_arms_factory -> result=0 (впервые)
ProdTypeGate: explosives_factory -> result=0 (впервые)
ProdTypeGate: small_arms_factory -> result=0 (впервые)
ProdTypeGate: pharmaceutical_plant -> result=0 (впервые)
ProdTypeGate: small_arms_factory -> result=0 (впервые)
ProdTypeGate: rubber_factory -> result=1 (впервые)
ProdTypeGate: explosives_factory -> result=0 (впервые)
ProdTypeGate: small_arms_factory -> result=0 (впервые)
ProdTypeGate: rubber_factory -> result=1 (впервые)
ProdTypeGate: explosives_factory -> result=0 (впервые)
ProdTypeGate: small_arms_factory -> result=0 (впервые)
ProdTypeGate: rubber_factory -> result=1 (впервые)
ProdTypeGate: explosives_factory -> result=0 (впервые)
ProdTypeGate: small_arms_factory -> result=0 (впервые)
ProdTypeGate: rubber_factory -> result=1 (впервые)
ProdTypeGate: explosives_factory -> result=0 (впервые)
ProdTypeGate: small_arms_factory -> result=0 (впервые)
ProdTypeGate: rubber_factory -> result=1 (впервые)
ProdTypeGate: small_arms_factory -> result=0 (впервые)
ProdTypeGate: rubber_factory -> result=1 (впервые)
ProdTypeGate: explosives_factory -> result=0 (впервые)
ProdTypeGate: small_arms_factory -> result=0 (впервые)
ProdTypeGate: explosives_factory -> result=0 (впервые)
ProdTypeGate: small_arms_factory -> result=0 (впервые)
HideNoSupply: cattle_factory -> hide=0 (впервые)
HideNoSupply: grain_factory -> hide=0 (впервые)
HideNoSupply: fruit_factory -> hide=0 (впервые)
HideNoSupply: timber_factory -> hide=0 (впервые)
HideNoSupply: iron_factory -> hide=1 (впервые)
HideNoSupply: coal_factory -> hide=1 (впервые)
HideNoSupply: sulphur_factory -> hide=1 (впервые)
HideNoSupply: coffee_factory -> hide=1 (впервые)
HideNoSupply: tea_factory -> hide=1 (впервые)
HideNoSupply: tobacco_factory -> hide=1 (впервые)
HideNoSupply: cotton_factory -> hide=1 (впервые)
HideNoSupply: dye_factory -> hide=1 (впервые)
HideNoSupply: opium_factory -> hide=1 (впервые)
HideNoSupply: rubber_factory -> hide=1 (впервые)
HideNoSupply: silk_factory -> hide=1 (впервые)
HideNoSupply: tropical_wood_factory -> hide=1 (впервые)
ProdTypeGate: telephone_factory -> result=0 (впервые)
ProdTypeGate: electric_gear_factory -> result=0 (впервые)
ProdTypeGate: explosives_factory -> result=0 (впервые)
ProdTypeGate: rubber_factory -> result=1 (впервые)
ProdTypeGate: explosives_factory -> result=0 (впервые)
ProdTypeGate: small_arms_factory -> result=0 (впервые)
ProdTypeGate: explosives_factory -> result=0 (впервые)
ProdTypeGate: small_arms_factory -> result=0 (впервые)
ProdTypeGate: rubber_factory -> result=1 (впервые)
ProdTypeGate: explosives_factory -> result=0 (впервые)
ProdTypeGate: small_arms_factory -> result=0 (впервые)
ProdTypeGate: rubber_factory -> result=1 (впервые)
ProdTypeGate: explosives_factory -> result=0 (впервые)
ProdTypeGate: small_arms_factory -> result=0 (впервые)
ProdTypeGate: explosives_factory -> result=0 (впервые)
ProdTypeGate: small_arms_factory -> result=0 (впервые)
ProdTypeGate: telephone_factory -> result=0 (впервые)
ProdTypeGate: telephone_factory -> result=0 (впервые)
ProdTypeGate: telephone_factory -> result=0 (впервые)
ProdTypeGate: telephone_factory -> result=0 (впервые)
ProdTypeGate: telephone_factory -> result=0 (впервые)
ProdTypeGate: telephone_factory -> result=0 (впервые)
ProdTypeGate: telephone_factory -> result=0 (впервые)
ProdTypeGate: telephone_factory -> result=0 (впервые)
ProdTypeGate: telephone_factory -> result=0 (впервые)
ProdTypeGate: telephone_factory -> result=0 (впервые)
ProdTypeGate: telephone_factory -> result=0 (впервые)
ProdTypeGate: telephone_factory -> result=0 (впервые)
ProdTypeGate: telephone_factory -> result=0 (впервые)
ProdTypeGate: telephone_factory -> result=0 (впервые)
ProdTypeGate: telephone_factory -> result=0 (впервые)
ProdTypeGate: telephone_factory -> result=0 (впервые)
ProdTypeGate: telephone_factory -> result=0 (впервые)
ProdTypeGate: telephone_factory -> result=0 (впервые)
ProdTypeGate: telephone_factory -> result=0 (впервые)
ProdTypeGate: telephone_factory -> result=0 (впервые)
ProdTypeGate: telephone_factory -> result=0 (впервые)
ProdTypeGate: electric_gear_factory -> result=0 (впервые)
ProdTypeGate: electric_gear_factory -> result=0 (впервые)
ProdTypeGate: electric_gear_factory -> result=0 (впервые)
ProdTypeGate: electric_gear_factory -> result=0 (впервые)
ProdTypeGate: electric_gear_factory -> result=0 (впервые)
ProdTypeGate: electric_gear_factory -> result=0 (впервые)
ProdTypeGate: electric_gear_factory -> result=0 (впервые)
ProdTypeGate: electric_gear_factory -> result=0 (впервые)
ProdTypeGate: electric_gear_factory -> result=0 (впервые)
ProdTypeGate: electric_gear_factory -> result=0 (впервые)
ProdTypeGate: electric_gear_factory -> result=0 (впервые)
ProdTypeGate: electric_gear_factory -> result=0 (впервые)
ProdTypeGate: electric_gear_factory -> result=0 (впервые)
ProdTypeGate: electric_gear_factory -> result=0 (впервые)
ProdTypeGate: electric_gear_factory -> result=0 (впервые)
ProdTypeGate: electric_gear_factory -> result=0 (впервые)
ProdTypeGate: electric_gear_factory -> result=0 (впервые)
ProdTypeGate: electric_gear_factory -> result=0 (впервые)
ProdTypeGate: electric_gear_factory -> result=0 (впервые)
ProdTypeGate: electric_gear_factory -> result=0 (впервые)
ProdTypeGate: electric_gear_factory -> result=0 (впервые)
ProdTypeGate: electric_gear_factory -> result=0 (впервые)
ProdTypeGate: electric_gear_factory -> result=0 (впервые)
ProdTypeGate: electric_gear_factory -> result=0 (впервые)
ProdTypeGate: electric_gear_factory -> result=0 (впервые)
ProdTypeGate: electric_gear_factory -> result=0 (впервые)
ProdTypeGate: electric_gear_factory -> result=0 (впервые)
ProdTypeGate: electric_gear_factory -> result=0 (впервые)
ProdTypeGate: electric_gear_factory -> result=0 (впервые)
ProdTypeGate: electric_gear_factory -> result=0 (впервые)
ProdTypeGate: electric_gear_factory -> result=0 (впервые)
ProdTypeGate: electric_gear_factory -> result=0 (впервые)
ProdTypeGate: electric_gear_factory -> result=0 (впервые)
ProdTypeGate: electric_gear_factory -> result=0 (впервые)
ProdTypeGate: electric_gear_factory -> result=0 (впервые)
ProdTypeGate: electric_gear_factory -> result=0 (впервые)
ProdTypeGate: electric_gear_factory -> result=0 (впервые)
ProdTypeGate: electric_gear_factory -> result=0 (впервые)
ProdTypeGate: electric_gear_factory -> result=0 (впервые)
ProdTypeGate: electric_gear_factory -> result=0 (впервые)
ProdTypeGate: electric_gear_factory -> result=0 (впервые)
ProdTypeGate: electric_gear_factory -> result=0 (впервые)
ProdTypeGate: electric_gear_factory -> result=0 (впервые)
ProdTypeGate: electric_gear_factory -> result=0 (впервые)
ProdTypeGate: electric_gear_factory -> result=0 (впервые)
ProdTypeGate: electric_gear_factory -> result=0 (впервые)
ProdTypeGate: electric_gear_factory -> result=0 (впервые)
ProdTypeGate: electric_gear_factory -> result=0 (впервые)
ProdTypeGate: electric_gear_factory -> result=0 (впервые)
ProdTypeGate: electric_gear_factory -> result=0 (впервые)
ProdTypeGate: electric_gear_factory -> result=0 (впервые)
ProdTypeGate: electric_gear_factory -> result=0 (впервые)
ProdTypeGate: electric_gear_factory -> result=0 (впервые)
ProdTypeGate: electric_gear_factory -> result=0 (впервые)
ProdTypeGate: electric_gear_factory -> result=0 (впервые)
ProdTypeGate: electric_gear_factory -> result=0 (впервые)
ProdTypeGate: electric_gear_factory -> result=0 (впервые)
ProdTypeGate: electric_gear_factory -> result=0 (впервые)
ProdTypeGate: electric_gear_factory -> result=0 (впервые)
ProdTypeGate: electric_gear_factory -> result=0 (впервые)
ProdTypeGate: electric_gear_factory -> result=0 (впервые)
ProdTypeGate: electric_gear_factory -> result=0 (впервые)
ProdTypeGate: electric_gear_factory -> result=0 (впервые)
ProdTypeGate: electric_gear_factory -> result=0 (впервые)
ProdTypeGate: electric_gear_factory -> result=0 (впервые)
ProdTypeGate: electric_gear_factory -> result=0 (впервые)
ProdTypeGate: electric_gear_factory -> result=0 (впервые)
ProdTypeGate: electric_gear_factory -> result=0 (впервые)
ProdTypeGate: electric_gear_factory -> result=0 (впервые)
ProdTypeGate: electric_gear_factory -> result=0 (впервые)
ProdTypeGate: electric_gear_factory -> result=0 (впервые)
ProdTypeGate: electric_gear_factory -> result=0 (впервые)
ProdTypeGate: electric_gear_factory -> result=0 (впервые)
ProdTypeGate: electric_gear_factory -> result=0 (впервые)
ProdTypeGate: electric_gear_factory -> result=0 (впервые)
ProdTypeGate: electric_gear_factory -> result=0 (впервые)
ProdTypeGate: electric_gear_factory -> result=0 (впервые)
ProdTypeGate: electric_gear_factory -> result=0 (впервые)
ProdTypeGate: electric_gear_factory -> result=0 (впервые)
ProdTypeGate: electric_gear_factory -> result=0 (впервые)
ProdTypeGate: electric_gear_factory -> result=0 (впервые)
ProdTypeGate: electric_gear_factory -> result=0 (впервые)
ProdTypeGate: electric_gear_factory -> result=0 (впервые)
ProdTypeGate: electric_gear_factory -> result=0 (впервые)
ProdTypeGate: electric_gear_factory -> result=0 (впервые)
ProdTypeGate: electric_gear_factory -> result=0 (впервые)
ProdTypeGate: electric_gear_factory -> result=0 (впервые)
ProdTypeGate: electric_gear_factory -> result=0 (впервые)
ProdTypeGate: electric_gear_factory -> result=0 (впервые)
ProdTypeGate: electric_gear_factory -> result=0 (впервые)
ProdTypeGate: electric_gear_factory -> result=0 (впервые)
ProdTypeGate: electric_gear_factory -> result=0 (впервые)
ProdTypeGate: electric_gear_factory -> result=0 (впервые)
ProdTypeGate: electric_gear_factory -> result=0 (впервые)
ProdTypeGate: electric_gear_factory -> result=0 (впервые)
ProdTypeGate: electric_gear_factory -> result=0 (впервые)
ProdTypeGate: electric_gear_factory -> result=0 (впервые)
ProdTypeGate: electric_gear_factory -> result=0 (впервые)
ProdTypeGate: electric_gear_factory -> result=0 (впервые)
ProdTypeGate: electric_gear_factory -> result=0 (впервые)
ProdTypeGate: electric_gear_factory -> result=0 (впервые)
ProdTypeGate: electric_gear_factory -> result=0 (впервые)
ProdTypeGate: explosives_factory -> result=0 (впервые)
ProdTypeGate: small_arms_factory -> result=0 (впервые)
ProdTypeGate: small_arms_factory -> result=0 (впервые)
ProdTypeGate: explosives_factory -> result=0 (впервые)
ProdTypeGate: small_arms_factory -> result=0 (впервые)
ProdTypeGate: rubber_factory -> result=1 (впервые)
ProdTypeGate: explosives_factory -> result=0 (впервые)
ProdTypeGate: small_arms_factory -> result=0 (впервые)
ProdTypeGate: rubber_factory -> result=1 (впервые)
ProdTypeGate: explosives_factory -> result=0 (впервые)
ProdTypeGate: small_arms_factory -> result=0 (впервые)
ProdTypeGate: rubber_factory -> result=1 (впервые)
ProdTypeGate: explosives_factory -> result=0 (впервые)
ProdTypeGate: small_arms_factory -> result=0 (впервые)
ProdTypeGate: rubber_factory -> result=1 (впервые)
ProdTypeGate: explosives_factory -> result=0 (впервые)
ProdTypeGate: small_arms_factory -> result=0 (впервые)
ProdTypeGate: explosives_factory -> result=0 (впервые)
ProdTypeGate: small_arms_factory -> result=0 (впервые)
ProdTypeGate: explosives_factory -> result=0 (впервые)
ProdTypeGate: small_arms_factory -> result=0 (впервые)
ProdTypeGate: small_arms_factory -> result=0 (впервые)
ProdTypeGate: rubber_factory -> result=1 (впервые)
ProdTypeGate: explosives_factory -> result=0 (впервые)
ProdTypeGate: small_arms_factory -> result=0 (впервые)
ProdTypeGate: explosives_factory -> result=0 (впервые)
ProdTypeGate: small_arms_factory -> result=0 (впервые)
ProdTypeGate: explosives_factory -> result=0 (впервые)
ProdTypeGate: small_arms_factory -> result=0 (впервые)
ProdTypeGate: rubber_factory -> result=1 (впервые)
ProdTypeGate: explosives_factory -> result=0 (впервые)
ProdTypeGate: small_arms_factory -> result=0 (впервые)
ProdTypeGate: rubber_factory -> result=1 (впервые)
ProdTypeGate: explosives_factory -> result=0 (впервые)
ProdTypeGate: small_arms_factory -> result=0 (впервые)
ProdTypeGate: rubber_factory -> result=1 (впервые)
ProdTypeGate: explosives_factory -> result=0 (впервые)
ProdTypeGate: small_arms_factory -> result=0 (впервые)
ProdTypeGate: rubber_factory -> result=1 (впервые)
ProdTypeGate: explosives_factory -> result=0 (впервые)
ProdTypeGate: small_arms_factory -> result=0 (впервые)
ProdTypeGate: explosives_factory -> result=0 (впервые)
ProdTypeGate: small_arms_factory -> result=0 (впервые)
ProdTypeGate: explosives_factory -> result=0 (впервые)
ProdTypeGate: small_arms_factory -> result=0 (впервые)
ProdTypeGate: explosives_factory -> result=0 (впервые)
ProdTypeGate: small_arms_factory -> result=0 (впервые)
ProdTypeGate: explosives_factory -> result=0 (впервые)
ProdTypeGate: small_arms_factory -> result=0 (впервые)
ProdTypeGate: rubber_factory -> result=1 (впервые)
ProdTypeGate: explosives_factory -> result=0 (впервые)
ProdTypeGate: small_arms_factory -> result=0 (впервые)
ProdTypeGate: explosives_factory -> result=0 (впервые)
ProdTypeGate: small_arms_factory -> result=0 (впервые)
ProdTypeGate: explosives_factory -> result=0 (впервые)
ProdTypeGate: small_arms_factory -> result=0 (впервые)
ProdTypeGate: explosives_factory -> result=0 (впервые)
ProdTypeGate: small_arms_factory -> result=0 (впервые)
ProdTypeGate: rubber_factory -> result=1 (впервые)
ProdTypeGate: explosives_factory -> result=0 (впервые)
ProdTypeGate: small_arms_factory -> result=0 (впервые)
ProdTypeGate: explosives_factory -> result=0 (впервые)
ProdTypeGate: small_arms_factory -> result=0 (впервые)
ProdTypeGate: explosives_factory -> result=0 (впервые)
ProdTypeGate: small_arms_factory -> result=0 (впервые)
ProdTypeGate: explosives_factory -> result=0 (впервые)
ProdTypeGate: small_arms_factory -> result=0 (впервые)
ProdTypeGate: small_arms_factory -> result=0 (впервые)
ProdTypeGate: rubber_factory -> result=1 (впервые)
ProdTypeGate: explosives_factory -> result=0 (впервые)
ProdTypeGate: small_arms_factory -> result=0 (впервые)
ProdTypeGate: explosives_factory -> result=0 (впервые)
ProdTypeGate: small_arms_factory -> result=0 (впервые)
ProdTypeGate: explosives_factory -> result=0 (впервые)
ProdTypeGate: small_arms_factory -> result=0 (впервые)
ProdTypeGate: small_arms_factory -> result=0 (впервые)
ProdTypeGate: explosives_factory -> result=0 (впервые)
ProdTypeGate: rubber_factory -> result=1 (впервые)
ProdTypeGate: explosives_factory -> result=0 (впервые)
ProdTypeGate: small_arms_factory -> result=0 (впервые)
ProdTypeGate: explosives_factory -> result=0 (впервые)
ProdTypeGate: small_arms_factory -> result=0 (впервые)
ProdTypeGate: explosives_factory -> result=0 (впервые)
ProdTypeGate: small_arms_factory -> result=0 (впервые)
ProdTypeGate: explosives_factory -> result=0 (впервые)
ProdTypeGate: rubber_factory -> result=1 (впервые)
ProdTypeGate: explosives_factory -> result=0 (впервые)
ProdTypeGate: small_arms_factory -> result=0 (впервые)
ProdTypeGate: explosives_factory -> result=0 (впервые)
ProdTypeGate: small_arms_factory -> result=0 (впервые)
ProdTypeGate: explosives_factory -> result=0 (впервые)
ProdTypeGate: small_arms_factory -> result=0 (впервые)
ProdTypeGate: explosives_factory -> result=0 (впервые)
ProdTypeGate: small_arms_factory -> result=0 (впервые)
ProdTypeGate: explosives_factory -> result=0 (впервые)
ProdTypeGate: small_arms_factory -> result=0 (впервые)
ProdTypeGate: rubber_factory -> result=1 (впервые)
ProdTypeGate: explosives_factory -> result=0 (впервые)
ProdTypeGate: small_arms_factory -> result=0 (впервые)
ProdTypeGate: explosives_factory -> result=0 (впервые)
ProdTypeGate: small_arms_factory -> result=0 (впервые)
ProdTypeGate: small_arms_factory -> result=0 (впервые)
ProdTypeGate: rubber_factory -> result=1 (впервые)
ProdTypeGate: explosives_factory -> result=0 (впервые)
ProdTypeGate: small_arms_factory -> result=0 (впервые)
ProdTypeGate: rubber_factory -> result=1 (впервые)
ProdTypeGate: explosives_factory -> result=0 (впервые)
ProdTypeGate: small_arms_factory -> result=0 (впервые)
ProdTypeGate: explosives_factory -> result=0 (впервые)
ProdTypeGate: small_arms_factory -> result=0 (впервые)
ProdTypeGate: rubber_factory -> result=1 (впервые)
ProdTypeGate: explosives_factory -> result=0 (впервые)
ProdTypeGate: small_arms_factory -> result=0 (впервые)
ProdTypeGate: explosives_factory -> result=0 (впервые)
ProdTypeGate: small_arms_factory -> result=0 (впервые)
ProdTypeGate: rubber_factory -> result=1 (впервые)
ProdTypeGate: explosives_factory -> result=0 (впервые)
ProdTypeGate: small_arms_factory -> result=0 (впервые)
ProdTypeGate: rubber_factory -> result=1 (впервые)
ProdTypeGate: explosives_factory -> result=0 (впервые)
ProdTypeGate: small_arms_factory -> result=0 (впервые)
ProdTypeGate: explosives_factory -> result=0 (впервые)
ProdTypeGate: small_arms_factory -> result=0 (впервые)
ProdTypeGate: rubber_factory -> result=1 (впервые)
ProdTypeGate: explosives_factory -> result=0 (впервые)
ProdTypeGate: small_arms_factory -> result=0 (впервые)
ProdTypeGate: explosives_factory -> result=0 (впервые)
ProdTypeGate: small_arms_factory -> result=0 (впервые)
ProdTypeGate: explosives_factory -> result=0 (впервые)
ProdTypeGate: small_arms_factory -> result=0 (впервые)
ProdTypeGate: rubber_factory -> result=1 (впервые)
ProdTypeGate: explosives_factory -> result=0 (впервые)
ProdTypeGate: small_arms_factory -> result=0 (впервые)
ProdTypeGate: rubber_factory -> result=1 (впервые)
ProdTypeGate: explosives_factory -> result=0 (впервые)
ProdTypeGate: small_arms_factory -> result=0 (впервые)
ProdTypeGate: rubber_factory -> result=1 (впервые)
ProdTypeGate: explosives_factory -> result=0 (впервые)
ProdTypeGate: small_arms_factory -> result=0 (впервые)
ProdTypeGate: rubber_factory -> result=1 (впервые)
ProdTypeGate: explosives_factory -> result=0 (впервые)
ProdTypeGate: small_arms_factory -> result=0 (впервые)
ProdTypeGate: rubber_factory -> result=1 (впервые)
ProdTypeGate: explosives_factory -> result=0 (впервые)
ProdTypeGate: small_arms_factory -> result=0 (впервые)
ProdTypeGate: rubber_factory -> result=1 (впервые)
ProdTypeGate: explosives_factory -> result=0 (впервые)
ProdTypeGate: small_arms_factory -> result=0 (впервые)
ProdTypeGate: explosives_factory -> result=0 (впервые)
ProdTypeGate: small_arms_factory -> result=0 (впервые)
ProdTypeGate: rubber_factory -> result=1 (впервые)
ProdTypeGate: explosives_factory -> result=0 (впервые)
ProdTypeGate: small_arms_factory -> result=0 (впервые)
ProdTypeGate: explosives_factory -> result=0 (впервые)
ProdTypeGate: small_arms_factory -> result=0 (впервые)
ProdTypeGate: rubber_factory -> result=1 (впервые)
ProdTypeGate: explosives_factory -> result=0 (впервые)
ProdTypeGate: small_arms_factory -> result=0 (впервые)
ProdTypeGate: rubber_factory -> result=1 (впервые)
ProdTypeGate: explosives_factory -> result=0 (впервые)
ProdTypeGate: small_arms_factory -> result=0 (впервые)
ProdTypeGate: explosives_factory -> result=0 (впервые)
ProdTypeGate: small_arms_factory -> result=0 (впервые)
ProdTypeGate: explosives_factory -> result=0 (впервые)
ProdTypeGate: small_arms_factory -> result=0 (впервые)
ProdTypeGate: small_arms_factory -> result=0 (впервые)
ProdTypeGate: rubber_factory -> result=1 (впервые)
ProdTypeGate: explosives_factory -> result=0 (впервые)
ProdTypeGate: small_arms_factory -> result=0 (впервые)
ProdTypeGate: rubber_factory -> result=1 (впервые)
ProdTypeGate: explosives_factory -> result=0 (впервые)
ProdTypeGate: small_arms_factory -> result=0 (впервые)
ProdTypeGate: rubber_factory -> result=1 (впервые)
ProdTypeGate: explosives_factory -> result=0 (впервые)
ProdTypeGate: small_arms_factory -> result=0 (впервые)
ProdTypeGate: explosives_factory -> result=0 (впервые)
ProdTypeGate: small_arms_factory -> result=0 (впервые)
ProdTypeGate: explosives_factory -> result=0 (впервые)
ProdTypeGate: rubber_factory -> result=1 (впервые)
ProdTypeGate: explosives_factory -> result=0 (впервые)
ProdTypeGate: small_arms_factory -> result=0 (впервые)
ProdTypeGate: rubber_factory -> result=1 (впервые)
ProdTypeGate: explosives_factory -> result=0 (впервые)
ProdTypeGate: small_arms_factory -> result=0 (впервые)
ProdTypeGate: rubber_factory -> result=1 (впервые)
ProdTypeGate: explosives_factory -> result=0 (впервые)
ProdTypeGate: small_arms_factory -> result=0 (впервые)
ProdTypeGate: explosives_factory -> result=0 (впервые)
ProdTypeGate: small_arms_factory -> result=0 (впервые)
ProdTypeGate: explosives_factory -> result=0 (впервые)
ProdTypeGate: small_arms_factory -> result=0 (впервые)
ProdTypeGate: small_arms_factory -> result=0 (впервые)
ProdTypeGate: small_arms_factory -> result=0 (впервые)
ProdTypeGate: rubber_factory -> result=1 (впервые)
ProdTypeGate: small_arms_factory -> result=0 (впервые)
ProdTypeGate: rubber_factory -> result=1 (впервые)
ProdTypeGate: explosives_factory -> result=0 (впервые)
ProdTypeGate: small_arms_factory -> result=0 (впервые)
ProdTypeGate: explosives_factory -> result=0 (впервые)
ProdTypeGate: small_arms_factory -> result=0 (впервые)
ProdTypeGate: explosives_factory -> result=0 (впервые)
ProdTypeGate: small_arms_factory -> result=0 (впервые)
ProdTypeGate: explosives_factory -> result=0 (впервые)
ProdTypeGate: rubber_factory -> result=1 (впервые)
ProdTypeGate: explosives_factory -> result=0 (впервые)
ProdTypeGate: small_arms_factory -> result=0 (впервые)
ProdTypeGate: rubber_factory -> result=1 (впервые)
ProdTypeGate: explosives_factory -> result=0 (впервые)
ProdTypeGate: small_arms_factory -> result=0 (впервые)
ProdTypeGate: rubber_factory -> result=1 (впервые)
ProdTypeGate: explosives_factory -> result=0 (впервые)
ProdTypeGate: small_arms_factory -> result=0 (впервые)
ProdTypeGate: explosives_factory -> result=0 (впервые)
ProdTypeGate: small_arms_factory -> result=0 (впервые)
ProdTypeGate: explosives_factory -> result=0 (впервые)
ProdTypeGate: small_arms_factory -> result=0 (впервые)
ProdTypeGate: rubber_factory -> result=1 (впервые)
ProdTypeGate: explosives_factory -> result=0 (впервые)
ProdTypeGate: small_arms_factory -> result=0 (впервые)
ProdTypeGate: rubber_factory -> result=1 (впервые)
ProdTypeGate: explosives_factory -> result=0 (впервые)
ProdTypeGate: small_arms_factory -> result=0 (впервые)
ProdTypeGate: rubber_factory -> result=1 (впервые)
ProdTypeGate: explosives_factory -> result=0 (впервые)
ProdTypeGate: small_arms_factory -> result=0 (впервые)
ProdTypeGate: rubber_factory -> result=1 (впервые)
ProdTypeGate: explosives_factory -> result=0 (впервые)
ProdTypeGate: small_arms_factory -> result=0 (впервые)
ProdTypeGate: explosives_factory -> result=0 (впервые)
ProdTypeGate: small_arms_factory -> result=0 (впервые)
ProdTypeGate: telephone_factory -> result=0 (впервые)
ProdTypeGate: telephone_factory -> result=0 (впервые)
ProdTypeGate: telephone_factory -> result=0 (впервые)
ProdTypeGate: telephone_factory -> result=0 (впервые)
ProdTypeGate: telephone_factory -> result=0 (впервые)
ProdTypeGate: telephone_factory -> result=0 (впервые)
ProdTypeGate: small_arms_factory -> result=0 (впервые)
ProdTypeGate: explosives_factory -> result=0 (впервые)
ProdTypeGate: small_arms_factory -> result=0 (впервые)
ProdTypeGate: explosives_factory -> result=0 (впервые)
ProdTypeGate: small_arms_factory -> result=0 (впервые)
ProdTypeGate: explosives_factory -> result=0 (впервые)
ProdTypeGate: explosives_factory -> result=0 (впервые)
ProdTypeGate: small_arms_factory -> result=0 (впервые)
ProdTypeGate: explosives_factory -> result=0 (впервые)
ProdTypeGate: small_arms_factory -> result=0 (впервые)
ProdTypeGate: explosives_factory -> result=0 (впервые)
ProdTypeGate: rubber_factory -> result=1 (впервые)
ProdTypeGate: explosives_factory -> result=0 (впервые)
ProdTypeGate: small_arms_factory -> result=0 (впервые)
ProdTypeGate: explosives_factory -> result=0 (впервые)
ProdTypeGate: small_arms_factory -> result=0 (впервые)
ProdTypeGate: explosives_factory -> result=0 (впервые)
ProdTypeGate: small_arms_factory -> result=0 (впервые)
ProdTypeGate: explosives_factory -> result=0 (впервые)
ProdTypeGate: small_arms_factory -> result=0 (впервые)
ProdTypeGate: explosives_factory -> result=0 (впервые)
ProdTypeGate: explosives_factory -> result=0 (впервые)
ProdTypeGate: small_arms_factory -> result=0 (впервые)
ProdTypeGate: explosives_factory -> result=0 (впервые)
ProdTypeGate: small_arms_factory -> result=0 (впервые)
ProdTypeGate: rubber_factory -> result=1 (впервые)
ProdTypeGate: explosives_factory -> result=0 (впервые)
ProdTypeGate: small_arms_factory -> result=0 (впервые)
ProdTypeGate: rubber_factory -> result=1 (впервые)
ProdTypeGate: explosives_factory -> result=0 (впервые)
ProdTypeGate: small_arms_factory -> result=0 (впервые)
ProdTypeGate: explosives_factory -> result=0 (впервые)
ProdTypeGate: small_arms_factory -> result=0 (впервые)
ProdTypeGate: explosives_factory -> result=0 (впервые)
ProdTypeGate: small_arms_factory -> result=0 (впервые)
ProdTypeGate: rubber_factory -> result=1 (впервые)
ProdTypeGate: explosives_factory -> result=0 (впервые)
ProdTypeGate: small_arms_factory -> result=0 (впервые)
ProdTypeGate: rubber_factory -> result=1 (впервые)
ProdTypeGate: explosives_factory -> result=0 (впервые)
ProdTypeGate: small_arms_factory -> result=0 (впервые)
ProdTypeGate: explosives_factory -> result=0 (впервые)
ProdTypeGate: small_arms_factory -> result=0 (впервые)
ProdTypeGate: rubber_factory -> result=1 (впервые)
ProdTypeGate: telephone_factory -> result=0 (впервые)
ProdTypeGate: electric_gear_factory -> result=0 (впервые)
ProdTypeGate: explosives_factory -> result=0 (впервые)
ProdTypeGate: small_arms_factory -> result=0 (впервые)
ProdTypeGate: rubber_factory -> result=1 (впервые)
ProdTypeGate: explosives_factory -> result=0 (впервые)
ProdTypeGate: small_arms_factory -> result=0 (впервые)
ProdTypeGate: explosives_factory -> result=0 (впервые)
ProdTypeGate: small_arms_factory -> result=0 (впервые)
ProdTypeGate: electric_gear_factory -> result=0 (впервые)
ProdTypeGate: small_arms_factory -> result=0 (впервые)
ProdTypeGate: explosives_factory -> result=0 (впервые)
ProdTypeGate: rubber_factory -> result=1 (впервые)
ProdTypeGate: explosives_factory -> result=0 (впервые)
ProdTypeGate: small_arms_factory -> result=0 (впервые)
ProdTypeGate: rubber_factory -> result=1 (впервые)
ProdTypeGate: explosives_factory -> result=0 (впервые)
ProdTypeGate: small_arms_factory -> result=0 (впервые)
ProdTypeGate: rubber_factory -> result=1 (впервые)
ProdTypeGate: explosives_factory -> result=0 (впервые)
ProdTypeGate: small_arms_factory -> result=0 (впервые)
ProdTypeGate: rubber_factory -> result=1 (впервые)
ProdTypeGate: explosives_factory -> result=0 (впервые)
ProdTypeGate: small_arms_factory -> result=0 (впервые)
ProdTypeGate: explosives_factory -> result=0 (впервые)
ProdTypeGate: small_arms_factory -> result=0 (впервые)
ProdTypeGate: rubber_factory -> result=1 (впервые)
ProdTypeGate: telephone_factory -> result=0 (впервые)
ProdTypeGate: electric_gear_factory -> result=0 (впервые)
ProdTypeGate: explosives_factory -> result=0 (впервые)
ProdTypeGate: small_arms_factory -> result=0 (впервые)
ProdTypeGate: small_arms_factory -> result=0 (впервые)
ProdTypeGate: rubber_factory -> result=1 (впервые)
ProdTypeGate: explosives_factory -> result=0 (впервые)
ProdTypeGate: small_arms_factory -> result=0 (впервые)
ProdTypeGate: explosives_factory -> result=0 (впервые)
ProdTypeGate: small_arms_factory -> result=0 (впервые)
ProdTypeGate: explosives_factory -> result=0 (впервые)
ProdTypeGate: small_arms_factory -> result=0 (впервые)
ProdTypeGate: explosives_factory -> result=0 (впервые)
ProdTypeGate: small_arms_factory -> result=0 (впервые)
ProdTypeGate: rubber_factory -> result=1 (впервые)
ProdTypeGate: explosives_factory -> result=0 (впервые)
ProdTypeGate: small_arms_factory -> result=0 (впервые)
ProdTypeGate: rubber_factory -> result=1 (впервые)
ProdTypeGate: explosives_factory -> result=0 (впервые)
ProdTypeGate: small_arms_factory -> result=0 (впервые)
ProdTypeGate: rubber_factory -> result=1 (впервые)
ProdTypeGate: explosives_factory -> result=0 (впервые)
ProdTypeGate: small_arms_factory -> result=0 (впервые)
ProdTypeGate: explosives_factory -> result=0 (впервые)
ProdTypeGate: small_arms_factory -> result=0 (впервые)
ProdTypeGate: explosives_factory -> result=0 (впервые)
ProdTypeGate: small_arms_factory -> result=0 (впервые)
ProdTypeGate: rubber_factory -> result=1 (впервые)
ProdTypeGate: explosives_factory -> result=0 (впервые)
ProdTypeGate: small_arms_factory -> result=0 (впервые)
ProdTypeGate: rubber_factory -> result=1 (впервые)
ProdTypeGate: explosives_factory -> result=0 (впервые)
ProdTypeGate: small_arms_factory -> result=0 (впервые)
ProdTypeGate: rubber_factory -> result=1 (впервые)
ProdTypeGate: explosives_factory -> result=0 (впервые)
ProdTypeGate: small_arms_factory -> result=0 (впервые)
ProdTypeGate: explosives_factory -> result=0 (впервые)
ProdTypeGate: small_arms_factory -> result=0 (впервые)
ProdTypeGate: rubber_factory -> result=1 (впервые)
ProdTypeGate: explosives_factory -> result=0 (впервые)
ProdTypeGate: small_arms_factory -> result=0 (впервые)
ProdTypeGate: rubber_factory -> result=1 (впервые)
ProdTypeGate: explosives_factory -> result=0 (впервые)
ProdTypeGate: small_arms_factory -> result=0 (впервые)
ProdTypeGate: explosives_factory -> result=0 (впервые)
ProdTypeGate: small_arms_factory -> result=0 (впервые)
ProdTypeGate: rubber_factory -> result=1 (впервые)
ProdTypeGate: explosives_factory -> result=0 (впервые)
ProdTypeGate: small_arms_factory -> result=0 (впервые)
ProdTypeGate: explosives_factory -> result=0 (впервые)
ProdTypeGate: small_arms_factory -> result=0 (впервые)
ProdTypeGate: small_arms_factory -> result=0 (впервые)
ProdTypeGate: explosives_factory -> result=0 (впервые)
ProdTypeGate: small_arms_factory -> result=0 (впервые)
ProdTypeGate: rubber_factory -> result=1 (впервые)
ProdTypeGate: explosives_factory -> result=0 (впервые)
ProdTypeGate: small_arms_factory -> result=0 (впервые)
ProdTypeGate: rubber_factory -> result=1 (впервые)
ProdTypeGate: explosives_factory -> result=0 (впервые)
ProdTypeGate: small_arms_factory -> result=0 (впервые)
ProdTypeGate: explosives_factory -> result=0 (впервые)
ProdTypeGate: small_arms_factory -> result=0 (впервые)
ProdTypeGate: explosives_factory -> result=0 (впервые)
ProdTypeGate: small_arms_factory -> result=0 (впервые)
ProdTypeGate: small_arms_factory -> result=0 (впервые)
ProdTypeGate: small_arms_factory -> result=0 (впервые)
ProdTypeGate: explosives_factory -> result=0 (впервые)
ProdTypeGate: rubber_factory -> result=1 (впервые)
ProdTypeGate: explosives_factory -> result=0 (впервые)
ProdTypeGate: small_arms_factory -> result=0 (впервые)
ProdTypeGate: small_arms_factory -> result=0 (впервые)
ProdTypeGate: explosives_factory -> result=0 (впервые)
ProdTypeGate: rubber_factory -> result=1 (впервые)
ProdTypeGate: explosives_factory -> result=0 (впервые)
ProdTypeGate: small_arms_factory -> result=0 (впервые)
ProdTypeGate: rubber_factory -> result=1 (впервые)
ProdTypeGate: explosives_factory -> result=0 (впервые)
ProdTypeGate: small_arms_factory -> result=0 (впервые)
ProdTypeGate: explosives_factory -> result=0 (впервые)
ProdTypeGate: small_arms_factory -> result=0 (впервые)
ProdTypeGate: rubber_factory -> result=1 (впервые)
ProdTypeGate: explosives_factory -> result=0 (впервые)
ProdTypeGate: small_arms_factory -> result=0 (впервые)
ProdTypeGate: explosives_factory -> result=0 (впервые)
ProdTypeGate: small_arms_factory -> result=0 (впервые)
ProdTypeGate: explosives_factory -> result=0 (впервые)
ProdTypeGate: small_arms_factory -> result=0 (впервые)
ProdTypeGate: explosives_factory -> result=0 (впервые)
ProdTypeGate: small_arms_factory -> result=0 (впервые)
ProdTypeGate: explosives_factory -> result=0 (впервые)
ProdTypeGate: small_arms_factory -> result=0 (впервые)
ProdTypeGate: small_arms_factory -> result=0 (впервые)
ProdTypeGate: explosives_factory -> result=0 (впервые)
ProdTypeGate: small_arms_factory -> result=0 (впервые)
ProdTypeGate: explosives_factory -> result=0 (впервые)
ProdTypeGate: rubber_factory -> result=1 (впервые)
ProdTypeGate: explosives_factory -> result=0 (впервые)
ProdTypeGate: small_arms_factory -> result=0 (впервые)
ProdTypeGate: explosives_factory -> result=0 (впервые)
ProdTypeGate: small_arms_factory -> result=0 (впервые)
ProdTypeGate: explosives_factory -> result=0 (впервые)
ProdTypeGate: explosives_factory -> result=0 (впервые)
ProdTypeGate: small_arms_factory -> result=0 (впервые)
ProdTypeGate: rubber_factory -> result=1 (впервые)
ProdTypeGate: explosives_factory -> result=0 (впервые)
ProdTypeGate: small_arms_factory -> result=0 (впервые)
ProdTypeGate: rubber_factory -> result=1 (впервые)
ProdTypeGate: small_arms_factory -> result=0 (впервые)
ProdTypeGate: rubber_factory -> result=1 (впервые)
ProdTypeGate: explosives_factory -> result=0 (впервые)
ProdTypeGate: rubber_factory -> result=1 (впервые)
ProdTypeGate: explosives_factory -> result=0 (впервые)
ProdTypeGate: small_arms_factory -> result=0 (впервые)
ProdTypeGate: rubber_factory -> result=1 (впервые)
ProdTypeGate: explosives_factory -> result=0 (впервые)
ProdTypeGate: small_arms_factory -> result=0 (впервые)
ProdTypeGate: explosives_factory -> result=0 (впервые)
ProdTypeGate: small_arms_factory -> result=0 (впервые)
ProdTypeGate: small_arms_factory -> result=0 (впервые)
ProdTypeGate: small_arms_factory -> result=0 (впервые)
ProdTypeGate: rubber_factory -> result=1 (впервые)
ProdTypeGate: explosives_factory -> result=0 (впервые)
ProdTypeGate: small_arms_factory -> result=0 (впервые)
ProdTypeGate: rubber_factory -> result=1 (впервые)
ProdTypeGate: explosives_factory -> result=0 (впервые)
ProdTypeGate: small_arms_factory -> result=0 (впервые)
ProdTypeGate: rubber_factory -> result=1 (впервые)
ProdTypeGate: explosives_factory -> result=0 (впервые)
ProdTypeGate: small_arms_factory -> result=0 (впервые)
ProdTypeGate: explosives_factory -> result=0 (впервые)
ProdTypeGate: small_arms_factory -> result=0 (впервые)
ProdTypeGate: explosives_factory -> result=0 (впервые)
ProdTypeGate: small_arms_factory -> result=0 (впервые)
ProdTypeGate: rubber_factory -> result=1 (впервые)
ProdTypeGate: explosives_factory -> result=0 (впервые)
ProdTypeGate: small_arms_factory -> result=0 (впервые)
ProdTypeGate: rubber_factory -> result=1 (впервые)
ProdTypeGate: explosives_factory -> result=0 (впервые)
ProdTypeGate: small_arms_factory -> result=0 (впервые)
ProdTypeGate: explosives_factory -> result=0 (впервые)
ProdTypeGate: small_arms_factory -> result=0 (впервые)
ProdTypeGate: explosives_factory -> result=0 (впервые)
ProdTypeGate: small_arms_factory -> result=0 (впервые)
ProdTypeGate: explosives_factory -> result=0 (впервые)
ProdTypeGate: small_arms_factory -> result=0 (впервые)
ProdTypeGate: small_arms_factory -> result=0 (впервые)
ProdTypeGate: rubber_factory -> result=1 (впервые)
ProdTypeGate: explosives_factory -> result=0 (впервые)
ProdTypeGate: small_arms_factory -> result=0 (впервые)
ProdTypeGate: explosives_factory -> result=0 (впервые)
ProdTypeGate: small_arms_factory -> result=0 (впервые)
ProdTypeGate: explosives_factory -> result=0 (впервые)
ProdTypeGate: small_arms_factory -> result=0 (впервые)
ProdTypeGate: small_arms_factory -> result=0 (впервые)
ProdTypeGate: rubber_factory -> result=1 (впервые)
ProdTypeGate: explosives_factory -> result=0 (впервые)
ProdTypeGate: small_arms_factory -> result=0 (впервые)
ProdTypeGate: rubber_factory -> result=1 (впервые)
ProdTypeGate: explosives_factory -> result=0 (впервые)
ProdTypeGate: small_arms_factory -> result=0 (впервые)
ProdTypeGate: explosives_factory -> result=0 (впервые)
ProdTypeGate: small_arms_factory -> result=0 (впервые)
ProdTypeGate: explosives_factory -> result=0 (впервые)
ProdTypeGate: small_arms_factory -> result=0 (впервые)
ProdTypeGate: explosives_factory -> result=0 (впервые)
ProdTypeGate: small_arms_factory -> result=0 (впервые)
ProdTypeGate: rubber_factory -> result=1 (впервые)
ProdTypeGate: explosives_factory -> result=0 (впервые)
ProdTypeGate: small_arms_factory -> result=0 (впервые)
ProdTypeGate: explosives_factory -> result=0 (впервые)
ProdTypeGate: small_arms_factory -> result=0 (впервые)
ProdTypeGate: rubber_factory -> result=1 (впервые)
ProdTypeGate: explosives_factory -> result=0 (впервые)
ProdTypeGate: small_arms_factory -> result=0 (впервые)
ProdTypeGate: explosives_factory -> result=0 (впервые)
ProdTypeGate: small_arms_factory -> result=0 (впервые)
ProdTypeGate: rubber_factory -> result=1 (впервые)
ProdTypeGate: explosives_factory -> result=0 (впервые)
ProdTypeGate: small_arms_factory -> result=0 (впервые)
ProdTypeGate: explosives_factory -> result=0 (впервые)
ProdTypeGate: small_arms_factory -> result=0 (впервые)
ProdTypeGate: explosives_factory -> result=0 (впервые)
ProdTypeGate: rubber_factory -> result=1 (впервые)
ProdTypeGate: explosives_factory -> result=0 (впервые)
ProdTypeGate: small_arms_factory -> result=0 (впервые)
ProdTypeGate: rubber_factory -> result=1 (впервые)
ProdTypeGate: explosives_factory -> result=0 (впервые)
ProdTypeGate: small_arms_factory -> result=0 (впервые)
ProdTypeGate: explosives_factory -> result=0 (впервые)
ProdTypeGate: small_arms_factory -> result=0 (впервые)
ProdTypeGate: rubber_factory -> result=1 (впервые)
ProdTypeGate: explosives_factory -> result=0 (впервые)
ProdTypeGate: small_arms_factory -> result=0 (впервые)
ProdTypeGate: rubber_factory -> result=1 (впервые)
ProdTypeGate: explosives_factory -> result=0 (впервые)
ProdTypeGate: small_arms_factory -> result=0 (впервые)
ProdTypeGate: rubber_factory -> result=1 (впервые)
ProdTypeGate: explosives_factory -> result=0 (впервые)
ProdTypeGate: small_arms_factory -> result=0 (впервые)
ProdTypeGate: explosives_factory -> result=0 (впервые)
ProdTypeGate: small_arms_factory -> result=0 (впервые)
ProdTypeGate: explosives_factory -> result=0 (впервые)
ProdTypeGate: small_arms_factory -> result=0 (впервые)
ProdTypeGate: explosives_factory -> result=0 (впервые)
ProdTypeGate: small_arms_factory -> result=0 (впервые)
ProdTypeGate: small_arms_factory -> result=0 (впервые)
ProdTypeGate: explosives_factory -> result=0 (впервые)
ProdTypeGate: small_arms_factory -> result=0 (впервые)
ProdTypeGate: rubber_factory -> result=1 (впервые)
ProdTypeGate: explosives_factory -> result=0 (впервые)
ProdTypeGate: small_arms_factory -> result=0 (впервые)
ProdTypeGate: rubber_factory -> result=1 (впервые)
ProdTypeGate: explosives_factory -> result=0 (впервые)
ProdTypeGate: small_arms_factory -> result=0 (впервые)
ProdTypeGate: explosives_factory -> result=0 (впервые)
ProdTypeGate: small_arms_factory -> result=0 (впервые)
ProdTypeGate: rubber_factory -> result=1 (впервые)
ProdTypeGate: explosives_factory -> result=0 (впервые)
ProdTypeGate: small_arms_factory -> result=0 (впервые)
ProdTypeGate: explosives_factory -> result=0 (впервые)
ProdTypeGate: small_arms_factory -> result=0 (впервые)
ProdTypeGate: rubber_factory -> result=1 (впервые)
ProdTypeGate: explosives_factory -> result=0 (впервые)
ProdTypeGate: small_arms_factory -> result=0 (впервые)
ProdTypeGate: rubber_factory -> result=1 (впервые)
ProdTypeGate: explosives_factory -> result=0 (впервые)
ProdTypeGate: small_arms_factory -> result=0 (впервые)
ProdTypeGate: explosives_factory -> result=0 (впервые)
ProdTypeGate: small_arms_factory -> result=0 (впервые)
ProdTypeGate: explosives_factory -> result=0 (впервые)
ProdTypeGate: small_arms_factory -> result=0 (впервые)
ProdTypeGate: explosives_factory -> result=0 (впервые)
ProdTypeGate: small_arms_factory -> result=0 (впервые)
ProdTypeGate: explosives_factory -> result=0 (впервые)
ProdTypeGate: explosives_factory -> result=0 (впервые)
ProdTypeGate: small_arms_factory -> result=0 (впервые)
ProdTypeGate: explosives_factory -> result=0 (впервые)
ProdTypeGate: small_arms_factory -> result=0 (впервые)
ProdTypeGate: rubber_factory -> result=1 (впервые)
ProdTypeGate: explosives_factory -> result=0 (впервые)
ProdTypeGate: small_arms_factory -> result=0 (впервые)
ProdTypeGate: explosives_factory -> result=0 (впервые)
ProdTypeGate: small_arms_factory -> result=0 (впервые)
ProdTypeGate: small_arms_factory -> result=0 (впервые)
ProdTypeGate: rubber_factory -> result=1 (впервые)
ProdTypeGate: explosives_factory -> result=0 (впервые)
ProdTypeGate: small_arms_factory -> result=0 (впервые)
ProdTypeGate: explosives_factory -> result=0 (впервые)
ProdTypeGate: small_arms_factory -> result=0 (впервые)
ProdTypeGate: rubber_factory -> result=1 (впервые)
ProdTypeGate: explosives_factory -> result=0 (впервые)
ProdTypeGate: small_arms_factory -> result=0 (впервые)
ProdTypeGate: rubber_factory -> result=1 (впервые)
ProdTypeGate: explosives_factory -> result=0 (впервые)
ProdTypeGate: small_arms_factory -> result=0 (впервые)
ProdTypeGate: rubber_factory -> result=1 (впервые)
ProdTypeGate: small_arms_factory -> result=0 (впервые)
ProdTypeGate: rubber_factory -> result=1 (впервые)
ProdTypeGate: explosives_factory -> result=0 (впервые)
ProdTypeGate: small_arms_factory -> result=0 (впервые)
ProdTypeGate: explosives_factory -> result=0 (впервые)
ProdTypeGate: small_arms_factory -> result=0 (впервые)
ProdTypeGate: explosives_factory -> result=0 (впервые)
ProdTypeGate: small_arms_factory -> result=0 (впервые)
ProdTypeGate: small_arms_factory -> result=0 (впервые)
ProdTypeGate: rubber_factory -> result=1 (впервые)
ProdTypeGate: explosives_factory -> result=0 (впервые)
ProdTypeGate: small_arms_factory -> result=0 (впервые)
ProdTypeGate: rubber_factory -> result=1 (впервые)
ProdTypeGate: small_arms_factory -> result=0 (впервые)
ProdTypeGate: rubber_factory -> result=1 (впервые)
ProdTypeGate: explosives_factory -> result=0 (впервые)
ProdTypeGate: small_arms_factory -> result=0 (впервые)
ProdTypeGate: explosives_factory -> result=0 (впервые)
ProdTypeGate: small_arms_factory -> result=0 (впервые)
ProdTypeGate: explosives_factory -> result=0 (впервые)
ProdTypeGate: small_arms_factory -> result=0 (впервые)
ProdTypeGate: explosives_factory -> result=0 (впервые)
ProdTypeGate: small_arms_factory -> result=0 (впервые)
ProdTypeGate: rubber_factory -> result=1 (впервые)
ProdTypeGate: explosives_factory -> result=0 (впервые)
ProdTypeGate: small_arms_factory -> result=0 (впервые)
ProdTypeGate: rubber_factory -> result=1 (впервые)
ProdTypeGate: explosives_factory -> result=0 (впервые)
ProdTypeGate: small_arms_factory -> result=0 (впервые)
ProdTypeGate: rubber_factory -> result=1 (впервые)
ProdTypeGate: explosives_factory -> result=0 (впервые)
ProdTypeGate: small_arms_factory -> result=0 (впервые)
ProdTypeGate: rubber_factory -> result=1 (впервые)
ProdTypeGate: explosives_factory -> result=0 (впервые)
ProdTypeGate: small_arms_factory -> result=0 (впервые)
ProdTypeGate: rubber_factory -> result=1 (впервые)
ProdTypeGate: explosives_factory -> result=0 (впервые)
ProdTypeGate: small_arms_factory -> result=0 (впервые)
ProdTypeGate: explosives_factory -> result=0 (впервые)
ProdTypeGate: small_arms_factory -> result=0 (впервые)
ProdTypeGate: telephone_factory -> result=0 (впервые)
ProdTypeGate: telephone_factory -> result=0 (впервые)
ProdTypeGate: telephone_factory -> result=0 (впервые)
ProdTypeGate: telephone_factory -> result=0 (впервые)
ProdTypeGate: telephone_factory -> result=0 (впервые)
ProdTypeGate: telephone_factory -> result=0 (впервые)
ProdTypeGate: small_arms_factory -> result=0 (впервые)
ProdTypeGate: rubber_factory -> result=1 (впервые)
ProdTypeGate: explosives_factory -> result=0 (впервые)
ProdTypeGate: small_arms_factory -> result=0 (впервые)
ProdTypeGate: rubber_factory -> result=1 (впервые)
ProdTypeGate: explosives_factory -> result=0 (впервые)
ProdTypeGate: small_arms_factory -> result=0 (впервые)
ProdTypeGate: rubber_factory -> result=1 (впервые)
ProdTypeGate: explosives_factory -> result=0 (впервые)
ProdTypeGate: small_arms_factory -> result=0 (впервые)
ProdTypeGate: explosives_factory -> result=0 (впервые)
ProdTypeGate: small_arms_factory -> result=0 (впервые)
ProdTypeGate: explosives_factory -> result=0 (впервые)
ProdTypeGate: small_arms_factory -> result=0 (впервые)
ProdTypeGate: rubber_factory -> result=1 (впервые)
ProdTypeGate: explosives_factory -> result=0 (впервые)
ProdTypeGate: small_arms_factory -> result=0 (впервые)
ProdTypeGate: rubber_factory -> result=1 (впервые)
ProdTypeGate: explosives_factory -> result=0 (впервые)
ProdTypeGate: small_arms_factory -> result=0 (впервые)
ProdTypeGate: rubber_factory -> result=1 (впервые)
ProdTypeGate: explosives_factory -> result=0 (впервые)
ProdTypeGate: small_arms_factory -> result=0 (впервые)
ProdTypeGate: explosives_factory -> result=0 (впервые)
ProdTypeGate: small_arms_factory -> result=0 (впервые)
ProdTypeGate: explosives_factory -> result=0 (впервые)
ProdTypeGate: small_arms_factory -> result=0 (впервые)
ProdTypeGate: small_arms_factory -> result=0 (впервые)
ProdTypeGate: rubber_factory -> result=1 (впервые)
ProdTypeGate: small_arms_factory -> result=0 (впервые)
ProdTypeGate: explosives_factory -> result=0 (впервые)
ProdTypeGate: small_arms_factory -> result=0 (впервые)
ProdTypeGate: explosives_factory -> result=0 (впервые)
ProdTypeGate: small_arms_factory -> result=0 (впервые)
ProdTypeGate: small_arms_factory -> result=0 (впервые)
ProdTypeGate: rubber_factory -> result=1 (впервые)
ProdTypeGate: explosives_factory -> result=0 (впервые)
ProdTypeGate: small_arms_factory -> result=0 (впервые)
ProdTypeGate: rubber_factory -> result=1 (впервые)
ProdTypeGate: explosives_factory -> result=0 (впервые)
ProdTypeGate: explosives_factory -> result=0 (впервые)
ProdTypeGate: small_arms_factory -> result=0 (впервые)
ProdTypeGate: small_arms_factory -> result=0 (впервые)
ProdTypeGate: rubber_factory -> result=1 (впервые)
ProdTypeGate: explosives_factory -> result=0 (впервые)
ProdTypeGate: small_arms_factory -> result=0 (впервые)
ProdTypeGate: explosives_factory -> result=0 (впервые)
ProdTypeGate: small_arms_factory -> result=0 (впервые)
ProdTypeGate: explosives_factory -> result=0 (впервые)
ProdTypeGate: explosives_factory -> result=0 (впервые)
ProdTypeGate: small_arms_factory -> result=0 (впервые)
ProdTypeGate: explosives_factory -> result=0 (впервые)
ProdTypeGate: small_arms_factory -> result=0 (впервые)
ProdTypeGate: small_arms_factory -> result=0 (впервые)
ProdTypeGate: rubber_factory -> result=1 (впервые)
ProdTypeGate: explosives_factory -> result=0 (впервые)
ProdTypeGate: small_arms_factory -> result=0 (впервые)
ProdTypeGate: explosives_factory -> result=0 (впервые)
ProdTypeGate: small_arms_factory -> result=0 (впервые)
ProdTypeGate: small_arms_factory -> result=0 (впервые)
ProdTypeGate: rubber_factory -> result=1 (впервые)
ProdTypeGate: explosives_factory -> result=0 (впервые)
ProdTypeGate: small_arms_factory -> result=0 (впервые)
ProdTypeGate: explosives_factory -> result=0 (впервые)
ProdTypeGate: small_arms_factory -> result=0 (впервые)
ProdTypeGate: explosives_factory -> result=0 (впервые)
ProdTypeGate: small_arms_factory -> result=0 (впервые)
ProdTypeGate: rubber_factory -> result=1 (впервые)
ProdTypeGate: explosives_factory -> result=0 (впервые)
ProdTypeGate: small_arms_factory -> result=0 (впервые)
ProdTypeGate: telephone_factory -> result=0 (впервые)
ProdTypeGate: telephone_factory -> result=0 (впервые)
ProdTypeGate: telephone_factory -> result=0 (впервые)
ProdTypeGate: telephone_factory -> result=0 (впервые)
ProdTypeGate: telephone_factory -> result=0 (впервые)
ProdTypeGate: telephone_factory -> result=0 (впервые)
ProdTypeGate: small_arms_factory -> result=0 (впервые)
ProdTypeGate: explosives_factory -> result=0 (впервые)
ProdTypeGate: rubber_factory -> result=1 (впервые)
ProdTypeGate: explosives_factory -> result=0 (впервые)
ProdTypeGate: small_arms_factory -> result=0 (впервые)
ProdTypeGate: rubber_factory -> result=1 (впервые)
ProdTypeGate: explosives_factory -> result=0 (впервые)
ProdTypeGate: small_arms_factory -> result=0 (впервые)
ProdTypeGate: rubber_factory -> result=1 (впервые)
ProdTypeGate: explosives_factory -> result=0 (впервые)
ProdTypeGate: small_arms_factory -> result=0 (впервые)
ProdTypeGate: explosives_factory -> result=0 (впервые)
ProdTypeGate: small_arms_factory -> result=0 (впервые)
ProdTypeGate: explosives_factory -> result=0 (впервые)
ProdTypeGate: small_arms_factory -> result=0 (впервые)
ProdTypeGate: rubber_factory -> result=1 (впервые)
ProdTypeGate: explosives_factory -> result=0 (впервые)
ProdTypeGate: small_arms_factory -> result=0 (впервые)
ProdTypeGate: explosives_factory -> result=0 (впервые)
ProdTypeGate: small_arms_factory -> result=0 (впервые)
ProdTypeGate: explosives_factory -> result=0 (впервые)
ProdTypeGate: small_arms_factory -> result=0 (впервые)
ProdTypeGate: rubber_factory -> result=1 (впервые)
ProdTypeGate: small_arms_factory -> result=0 (впервые)
ProdTypeGate: explosives_factory -> result=0 (впервые)
ProdTypeGate: small_arms_factory -> result=0 (впервые)
ProdTypeGate: explosives_factory -> result=0 (впервые)
ProdTypeGate: small_arms_factory -> result=0 (впервые)
ProdTypeGate: rubber_factory -> result=1 (впервые)
ProdTypeGate: explosives_factory -> result=0 (впервые)
ProdTypeGate: small_arms_factory -> result=0 (впервые)
ProdTypeGate: rubber_factory -> result=1 (впервые)
ProdTypeGate: explosives_factory -> result=0 (впервые)
ProdTypeGate: small_arms_factory -> result=0 (впервые)
ProdTypeGate: explosives_factory -> result=0 (впервые)
ProdTypeGate: small_arms_factory -> result=0 (впервые)
ProdTypeGate: rubber_factory -> result=1 (впервые)
ProdTypeGate: explosives_factory -> result=0 (впервые)
ProdTypeGate: small_arms_factory -> result=0 (впервые)
ProdTypeGate: rubber_factory -> result=1 (впервые)
ProdTypeGate: explosives_factory -> result=0 (впервые)
ProdTypeGate: small_arms_factory -> result=0 (впервые)
ProdTypeGate: explosives_factory -> result=0 (впервые)
ProdTypeGate: small_arms_factory -> result=0 (впервые)
ProdTypeGate: explosives_factory -> result=0 (впервые)
ProdTypeGate: small_arms_factory -> result=0 (впервые)
ProdTypeGate: rubber_factory -> result=1 (впервые)
ProdTypeGate: explosives_factory -> result=0 (впервые)
ProdTypeGate: small_arms_factory -> result=0 (впервые)
ProdTypeGate: explosives_factory -> result=0 (впервые)
ProdTypeGate: small_arms_factory -> result=0 (впервые)
ProdTypeGate: explosives_factory -> result=0 (впервые)
ProdTypeGate: small_arms_factory -> result=0 (впервые)
ProdTypeGate: small_arms_factory -> result=0 (впервые)
ProdTypeGate: rubber_factory -> result=1 (впервые)
ProdTypeGate: explosives_factory -> result=0 (впервые)
ProdTypeGate: small_arms_factory -> result=0 (впервые)
ProdTypeGate: rubber_factory -> result=1 (впервые)
ProdTypeGate: explosives_factory -> result=0 (впервые)
ProdTypeGate: small_arms_factory -> result=0 (впервые)
ProdTypeGate: rubber_factory -> result=1 (впервые)
ProdTypeGate: explosives_factory -> result=0 (впервые)
ProdTypeGate: small_arms_factory -> result=0 (впервые)
ProdTypeGate: rubber_factory -> result=1 (впервые)
ProdTypeGate: explosives_factory -> result=0 (впервые)
ProdTypeGate: small_arms_factory -> result=0 (впервые)
ProdTypeGate: explosives_factory -> result=0 (впервые)
ProdTypeGate: small_arms_factory -> result=0 (впервые)
ProdTypeGate: rubber_factory -> result=1 (впервые)
ProdTypeGate: explosives_factory -> result=0 (впервые)
ProdTypeGate: small_arms_factory -> result=0 (впервые)
ProdTypeGate: rubber_factory -> result=1 (впервые)
ProdTypeGate: explosives_factory -> result=0 (впервые)
ProdTypeGate: small_arms_factory -> result=0 (впервые)
ProdTypeGate: rubber_factory -> result=1 (впервые)
ProdTypeGate: explosives_factory -> result=0 (впервые)
ProdTypeGate: small_arms_factory -> result=0 (впервые)
ProdTypeGate: rubber_factory -> result=1 (впервые)
ProdTypeGate: explosives_factory -> result=0 (впервые)
ProdTypeGate: small_arms_factory -> result=0 (впервые)
ProdTypeGate: rubber_factory -> result=1 (впервые)
ProdTypeGate: explosives_factory -> result=0 (впервые)
ProdTypeGate: small_arms_factory -> result=0 (впервые)
ProdTypeGate: rubber_factory -> result=1 (впервые)
ProdTypeGate: explosives_factory -> result=0 (впервые)
ProdTypeGate: small_arms_factory -> result=0 (впервые)
ProdTypeGate: explosives_factory -> result=0 (впервые)
ProdTypeGate: small_arms_factory -> result=0 (впервые)
ProdTypeGate: explosives_factory -> result=0 (впервые)
ProdTypeGate: explosives_factory -> result=0 (впервые)
ProdTypeGate: small_arms_factory -> result=0 (впервые)
ProdTypeGate: rubber_factory -> result=1 (впервые)
ProdTypeGate: explosives_factory -> result=0 (впервые)
ProdTypeGate: small_arms_factory -> result=0 (впервые)
ProdTypeGate: rubber_factory -> result=1 (впервые)
ProdTypeGate: explosives_factory -> result=0 (впервые)
ProdTypeGate: small_arms_factory -> result=0 (впервые)
ProdTypeGate: explosives_factory -> result=0 (впервые)
ProdTypeGate: small_arms_factory -> result=0 (впервые)
ProdTypeGate: rubber_factory -> result=1 (впервые)
ProdTypeGate: explosives_factory -> result=0 (впервые)
ProdTypeGate: small_arms_factory -> result=0 (впервые)
ProdTypeGate: rubber_factory -> result=1 (впервые)
ProdTypeGate: explosives_factory -> result=0 (впервые)
ProdTypeGate: small_arms_factory -> result=0 (впервые)
ProdTypeGate: explosives_factory -> result=0 (впервые)
ProdTypeGate: small_arms_factory -> result=0 (впервые)
ProdTypeGate: explosives_factory -> result=0 (впервые)
ProdTypeGate: small_arms_factory -> result=0 (впервые)
ProdTypeGate: explosives_factory -> result=0 (впервые)
ProdTypeGate: rubber_factory -> result=1 (впервые)
ProdTypeGate: explosives_factory -> result=0 (впервые)
ProdTypeGate: small_arms_factory -> result=0 (впервые)
ProdTypeGate: explosives_factory -> result=0 (впервые)
ProdTypeGate: small_arms_factory -> result=0 (впервые)
ProdTypeGate: explosives_factory -> result=0 (впервые)
ProdTypeGate: small_arms_factory -> result=0 (впервые)
ProdTypeGate: small_arms_factory -> result=0 (впервые)
ProdTypeGate: explosives_factory -> result=0 (впервые)
ProdTypeGate: small_arms_factory -> result=0 (впервые)
ProdTypeGate: explosives_factory -> result=0 (впервые)
ProdTypeGate: small_arms_factory -> result=0 (впервые)
ProdTypeGate: explosives_factory -> result=0 (впервые)
ProdTypeGate: small_arms_factory -> result=0 (впервые)
ProdTypeGate: telephone_factory -> result=0 (впервые)
ProdTypeGate: telephone_factory -> result=0 (впервые)
ProdTypeGate: telephone_factory -> result=0 (впервые)
ProdTypeGate: telephone_factory -> result=0 (впервые)
ProdTypeGate: telephone_factory -> result=0 (впервые)
ProdTypeGate: telephone_factory -> result=0 (впервые)
ProdTypeGate: small_arms_factory -> result=0 (впервые)
ProdTypeGate: rubber_factory -> result=1 (впервые)
ProdTypeGate: explosives_factory -> result=0 (впервые)
ProdTypeGate: small_arms_factory -> result=0 (впервые)
ProdTypeGate: explosives_factory -> result=0 (впервые)
ProdTypeGate: small_arms_factory -> result=0 (впервые)
ProdTypeGate: small_arms_factory -> result=0 (впервые)
ProdTypeGate: rubber_factory -> result=1 (впервые)
ProdTypeGate: explosives_factory -> result=0 (впервые)
ProdTypeGate: small_arms_factory -> result=0 (впервые)
ProdTypeGate: rubber_factory -> result=1 (впервые)
ProdTypeGate: explosives_factory -> result=0 (впервые)
ProdTypeGate: small_arms_factory -> result=0 (впервые)
ProdTypeGate: rubber_factory -> result=1 (впервые)
ProdTypeGate: explosives_factory -> result=0 (впервые)
ProdTypeGate: small_arms_factory -> result=0 (впервые)
ProdTypeGate: explosives_factory -> result=0 (впервые)
ProdTypeGate: small_arms_factory -> result=0 (впервые)
ProdTypeGate: small_arms_factory -> result=0 (впервые)
ProdTypeGate: explosives_factory -> result=0 (впервые)
ProdTypeGate: explosives_factory -> result=0 (впервые)
ProdTypeGate: small_arms_factory -> result=0 (впервые)
ProdTypeGate: rubber_factory -> result=1 (впервые)
ProdTypeGate: explosives_factory -> result=0 (впервые)
ProdTypeGate: small_arms_factory -> result=0 (впервые)
ProdTypeGate: rubber_factory -> result=1 (впервые)
ProdTypeGate: explosives_factory -> result=0 (впервые)
ProdTypeGate: small_arms_factory -> result=0 (впервые)
ProdTypeGate: explosives_factory -> result=0 (впервые)
ProdTypeGate: small_arms_factory -> result=0 (впервые)
ProdTypeGate: explosives_factory -> result=0 (впервые)
ProdTypeGate: small_arms_factory -> result=0 (впервые)
ProdTypeGate: explosives_factory -> result=0 (впервые)
ProdTypeGate: small_arms_factory -> result=0 (впервые)
ProdTypeGate: explosives_factory -> result=0 (впервые)
ProdTypeGate: small_arms_factory -> result=0 (впервые)
ProdTypeGate: rubber_factory -> result=1 (впервые)
ProdTypeGate: explosives_factory -> result=0 (впервые)
ProdTypeGate: small_arms_factory -> result=0 (впервые)
ProdTypeGate: rubber_factory -> result=1 (впервые)
ProdTypeGate: explosives_factory -> result=0 (впервые)
ProdTypeGate: small_arms_factory -> result=0 (впервые)
ProdTypeGate: rubber_factory -> result=1 (впервые)
ProdTypeGate: explosives_factory -> result=0 (впервые)
ProdTypeGate: small_arms_factory -> result=0 (впервые)
ProdTypeGate: rubber_factory -> result=1 (впервые)
ProdTypeGate: explosives_factory -> result=0 (впервые)
ProdTypeGate: small_arms_factory -> result=0 (впервые)
ProdTypeGate: rubber_factory -> result=1 (впервые)
ProdTypeGate: explosives_factory -> result=0 (впервые)
ProdTypeGate: small_arms_factory -> result=0 (впервые)
ProdTypeGate: rubber_factory -> result=1 (впервые)
ProdTypeGate: explosives_factory -> result=0 (впервые)
ProdTypeGate: small_arms_factory -> result=0 (впервые)
ProdTypeGate: explosives_factory -> result=0 (впервые)
ProdTypeGate: small_arms_factory -> result=0 (впервые)
ProdTypeGate: small_arms_factory -> result=0 (впервые)
ProdTypeGate: rubber_factory -> result=1 (впервые)
ProdTypeGate: explosives_factory -> result=0 (впервые)
ProdTypeGate: small_arms_factory -> result=0 (впервые)
ProdTypeGate: rubber_factory -> result=1 (впервые)
ProdTypeGate: explosives_factory -> result=0 (впервые)
ProdTypeGate: small_arms_factory -> result=0 (впервые)
ProdTypeGate: rubber_factory -> result=1 (впервые)
ProdTypeGate: explosives_factory -> result=0 (впервые)
ProdTypeGate: small_arms_factory -> result=0 (впервые)
ProdTypeGate: explosives_factory -> result=0 (впервые)
ProdTypeGate: small_arms_factory -> result=0 (впервые)
ProdTypeGate: rubber_factory -> result=1 (впервые)
ProdTypeGate: telephone_factory -> result=0 (впервые)
ProdTypeGate: electric_gear_factory -> result=0 (впервые)
ProdTypeGate: explosives_factory -> result=0 (впервые)
ProdTypeGate: small_arms_factory -> result=0 (впервые)
ProdTypeGate: rubber_factory -> result=1 (впервые)
ProdTypeGate: explosives_factory -> result=0 (впервые)
ProdTypeGate: small_arms_factory -> result=0 (впервые)
ProdTypeGate: rubber_factory -> result=1 (впервые)
ProdTypeGate: explosives_factory -> result=0 (впервые)
ProdTypeGate: small_arms_factory -> result=0 (впервые)
ProdTypeGate: explosives_factory -> result=0 (впервые)
ProdTypeGate: small_arms_factory -> result=0 (впервые)
ProdTypeGate: small_arms_factory -> result=0 (впервые)
ProdTypeGate: explosives_factory -> result=0 (впервые)
ProdTypeGate: rubber_factory -> result=1 (впервые)
ProdTypeGate: explosives_factory -> result=0 (впервые)
ProdTypeGate: small_arms_factory -> result=0 (впервые)
ProdTypeGate: explosives_factory -> result=0 (впервые)
ProdTypeGate: small_arms_factory -> result=0 (впервые)
ProdTypeGate: explosives_factory -> result=0 (впервые)
ProdTypeGate: small_arms_factory -> result=0 (впервые)
ProdTypeGate: explosives_factory -> result=0 (впервые)
ProdTypeGate: small_arms_factory -> result=0 (впервые)
ProdTypeGate: explosives_factory -> result=0 (впервые)
ProdTypeGate: small_arms_factory -> result=0 (впервые)
ProdTypeGate: small_arms_factory -> result=0 (впервые)
ProdTypeGate: small_arms_factory -> result=0 (впервые)
ProdTypeGate: rubber_factory -> result=1 (впервые)
ProdTypeGate: explosives_factory -> result=0 (впервые)
ProdTypeGate: small_arms_factory -> result=0 (впервые)
ProdTypeGate: explosives_factory -> result=0 (впервые)
ProdTypeGate: small_arms_factory -> result=0 (впервые)
ProdTypeGate: small_arms_factory -> result=0 (впервые)
ProdTypeGate: explosives_factory -> result=0 (впервые)
ProdTypeGate: small_arms_factory -> result=0 (впервые)
ProdTypeGate: explosives_factory -> result=0 (впервые)
ProdTypeGate: small_arms_factory -> result=0 (впервые)
ProdTypeGate: explosives_factory -> result=0 (впервые)
ProdTypeGate: automobile_factory -> result=0 (впервые)
ProdTypeGate: automobile_factory -> result=0 (впервые)
ProdTypeGate: automobile_factory -> result=0 (впервые)
ProdTypeGate: automobile_factory -> result=0 (впервые)
ProdTypeGate: automobile_factory -> result=0 (впервые)
ProdTypeGate: automobile_factory -> result=0 (впервые)
ProdTypeGate: automobile_factory -> result=0 (впервые)
ProdTypeGate: automobile_factory -> result=0 (впервые)
ProdTypeGate: automobile_factory -> result=0 (впервые)
ProdTypeGate: automobile_factory -> result=0 (впервые)
ProdTypeGate: automobile_factory -> result=0 (впервые)
ProdTypeGate: automobile_factory -> result=0 (впервые)
ProdTypeGate: automobile_factory -> result=0 (впервые)
ProdTypeGate: automobile_factory -> result=0 (впервые)
ProdTypeGate: automobile_factory -> result=0 (впервые)
ProdTypeGate: automobile_factory -> result=0 (впервые)
ProdTypeGate: automobile_factory -> result=0 (впервые)
ProdTypeGate: automobile_factory -> result=0 (впервые)
ProdTypeGate: automobile_factory -> result=0 (впервые)
ProdTypeGate: automobile_factory -> result=0 (впервые)
ProdTypeGate: automobile_factory -> result=0 (впервые)
ProdTypeGate: automobile_factory -> result=0 (впервые)
ProdTypeGate: automobile_factory -> result=0 (впервые)
ProdTypeGate: automobile_factory -> result=0 (впервые)
ProdTypeGate: automobile_factory -> result=0 (впервые)
ProdTypeGate: automobile_factory -> result=0 (впервые)
ProdTypeGate: automobile_factory -> result=0 (впервые)
ProdTypeGate: automobile_factory -> result=0 (впервые)
ProdTypeGate: automobile_factory -> result=0 (впервые)
ProdTypeGate: automobile_factory -> result=0 (впервые)
ProdTypeGate: automobile_factory -> result=0 (впервые)
ProdTypeGate: automobile_factory -> result=0 (впервые)
ProdTypeGate: automobile_factory -> result=0 (впервые)
ProdTypeGate: rubber_factory -> result=1 (впервые)
ProdTypeGate: explosives_factory -> result=0 (впервые)
ProdTypeGate: small_arms_factory -> result=0 (впервые)
ProdTypeGate: rubber_factory -> result=1 (впервые)
ProdTypeGate: explosives_factory -> result=0 (впервые)
ProdTypeGate: small_arms_factory -> result=0 (впервые)
ProdTypeGate: rubber_factory -> result=1 (впервые)
ProdTypeGate: explosives_factory -> result=0 (впервые)
ProdTypeGate: small_arms_factory -> result=0 (впервые)
ProdTypeGate: rubber_factory -> result=1 (впервые)
ProdTypeGate: explosives_factory -> result=0 (впервые)
ProdTypeGate: small_arms_factory -> result=0 (впервые)
ProdTypeGate: explosives_factory -> result=0 (впервые)
ProdTypeGate: small_arms_factory -> result=0 (впервые)
ProdTypeGate: explosives_factory -> result=0 (впервые)
ProdTypeGate: small_arms_factory -> result=0 (впервые)
ProdTypeGate: rubber_factory -> result=1 (впервые)
ProdTypeGate: explosives_factory -> result=0 (впервые)
ProdTypeGate: small_arms_factory -> result=0 (впервые)
ProdTypeGate: rubber_factory -> result=1 (впервые)
ProdTypeGate: explosives_factory -> result=0 (впервые)
ProdTypeGate: small_arms_factory -> result=0 (впервые)
ProdTypeGate: rubber_factory -> result=1 (впервые)
ProdTypeGate: explosives_factory -> result=0 (впервые)
ProdTypeGate: small_arms_factory -> result=0 (впервые)
ProdTypeGate: explosives_factory -> result=0 (впервые)
ProdTypeGate: small_arms_factory -> result=0 (впервые)
ProdTypeGate: rubber_factory -> result=1 (впервые)
ProdTypeGate: explosives_factory -> result=0 (впервые)
ProdTypeGate: small_arms_factory -> result=0 (впервые)
ProdTypeGate: rubber_factory -> result=1 (впервые)
ProdTypeGate: explosives_factory -> result=0 (впервые)
ProdTypeGate: small_arms_factory -> result=0 (впервые)
ProdTypeGate: explosives_factory -> result=0 (впервые)
ProdTypeGate: small_arms_factory -> result=0 (впервые)
ProdTypeGate: explosives_factory -> result=0 (впервые)
ProdTypeGate: small_arms_factory -> result=0 (впервые)
ProdTypeGate: rubber_factory -> result=1 (впервые)
ProdTypeGate: explosives_factory -> result=0 (впервые)
ProdTypeGate: small_arms_factory -> result=0 (впервые)
ProdTypeGate: rubber_factory -> result=1 (впервые)
ProdTypeGate: small_arms_factory -> result=0 (впервые)
ProdTypeGate: explosives_factory -> result=0 (впервые)
ProdTypeGate: small_arms_factory -> result=0 (впервые)
ProdTypeGate: explosives_factory -> result=0 (впервые)
ProdTypeGate: rubber_factory -> result=1 (впервые)
ProdTypeGate: explosives_factory -> result=0 (впервые)
ProdTypeGate: small_arms_factory -> result=0 (впервые)
ProdTypeGate: explosives_factory -> result=0 (впервые)
ProdTypeGate: small_arms_factory -> result=0 (впервые)
ProdTypeGate: explosives_factory -> result=0 (впервые)
ProdTypeGate: small_arms_factory -> result=0 (впервые)
ProdTypeGate: rubber_factory -> result=1 (впервые)
ProdTypeGate: explosives_factory -> result=0 (впервые)
ProdTypeGate: small_arms_factory -> result=0 (впервые)
ProdTypeGate: rubber_factory -> result=1 (впервые)
ProdTypeGate: explosives_factory -> result=0 (впервые)
ProdTypeGate: small_arms_factory -> result=0 (впервые)
ProdTypeGate: rubber_factory -> result=1 (впервые)
ProdTypeGate: explosives_factory -> result=0 (впервые)
ProdTypeGate: small_arms_factory -> result=0 (впервые)
ProdTypeGate: explosives_factory -> result=0 (впервые)
ProdTypeGate: small_arms_factory -> result=0 (впервые)
ProdTypeGate: small_arms_factory -> result=0 (впервые)
ProdTypeGate: small_arms_factory -> result=0 (впервые)
ProdTypeGate: explosives_factory -> result=0 (впервые)
ProdTypeGate: rubber_factory -> result=1 (впервые)
ProdTypeGate: explosives_factory -> result=0 (впервые)
ProdTypeGate: small_arms_factory -> result=0 (впервые)
ProdTypeGate: telephone_factory -> result=0 (впервые)
ProdTypeGate: telephone_factory -> result=0 (впервые)
ProdTypeGate: telephone_factory -> result=0 (впервые)
ProdTypeGate: telephone_factory -> result=0 (впервые)
ProdTypeGate: explosives_factory -> result=0 (впервые)
ProdTypeGate: small_arms_factory -> result=0 (впервые)
ProdTypeGate: small_arms_factory -> result=0 (впервые)
ProdTypeGate: small_arms_factory -> result=0 (впервые)
ProdTypeGate: rubber_factory -> result=1 (впервые)
ProdTypeGate: explosives_factory -> result=0 (впервые)
ProdTypeGate: small_arms_factory -> result=0 (впервые)
ProdTypeGate: rubber_factory -> result=1 (впервые)
ProdTypeGate: explosives_factory -> result=0 (впервые)
ProdTypeGate: small_arms_factory -> result=0 (впервые)
ProdTypeGate: explosives_factory -> result=0 (впервые)
ProdTypeGate: small_arms_factory -> result=0 (впервые)
ProdTypeGate: small_arms_factory -> result=0 (впервые)
ProdTypeGate: explosives_factory -> result=0 (впервые)
ProdTypeGate: rubber_factory -> result=1 (впервые)
ProdTypeGate: explosives_factory -> result=0 (впервые)
ProdTypeGate: small_arms_factory -> result=0 (впервые)
ProdTypeGate: explosives_factory -> result=0 (впервые)
ProdTypeGate: small_arms_factory -> result=0 (впервые)
ProdTypeGate: explosives_factory -> result=0 (впервые)
ProdTypeGate: small_arms_factory -> result=0 (впервые)
Update[CBudgetView]: вызван, view=4EB11580
Setup[CBudgetView]: 'FE_BUDGET_DIPLO_BDSM' подписана
Update[CBudgetView]: вызван, view=4EB11580
ProdTypeGate: rubber_factory -> result=1 (впервые)
ProdTypeGate: explosives_factory -> result=0 (впервые)
ProdTypeGate: small_arms_factory -> result=0 (впервые)
ProdTypeGate: rubber_factory -> result=1 (впервые)
ProdTypeGate: explosives_factory -> result=0 (впервые)
ProdTypeGate: small_arms_factory -> result=0 (впервые)
ProdTypeGate: rubber_factory -> result=1 (впервые)
ProdTypeGate: explosives_factory -> result=0 (впервые)
ProdTypeGate: small_arms_factory -> result=0 (впервые)
ProdTypeGate: rubber_factory -> result=1 (впервые)
ProdTypeGate: explosives_factory -> result=0 (впервые)
ProdTypeGate: small_arms_factory -> result=0 (впервые)
ProdTypeGate: explosives_factory -> result=0 (впервые)
ProdTypeGate: small_arms_factory -> result=0 (впервые)
ProdTypeGate: explosives_factory -> result=0 (впервые)
ProdTypeGate: small_arms_factory -> result=0 (впервые)
ProdTypeGate: small_arms_factory -> result=0 (впервые)
ProdTypeGate: explosives_factory -> result=0 (впервые)
ProdTypeGate: explosives_factory -> result=0 (впервые)
ProdTypeGate: small_arms_factory -> result=0 (впервые)
ProdTypeGate: explosives_factory -> result=0 (впервые)
ProdTypeGate: small_arms_factory -> result=0 (впервые)
ProdTypeGate: rubber_factory -> result=1 (впервые)
ProdTypeGate: explosives_factory -> result=0 (впервые)
ProdTypeGate: small_arms_factory -> result=0 (впервые)
ProdTypeGate: explosives_factory -> result=0 (впервые)
ProdTypeGate: small_arms_factory -> result=0 (впервые)
ProdTypeGate: rubber_factory -> result=1 (впервые)
ProdTypeGate: explosives_factory -> result=0 (впервые)
ProdTypeGate: small_arms_factory -> result=0 (впервые)
ProdTypeGate: explosives_factory -> result=0 (впервые)
ProdTypeGate: small_arms_factory -> result=0 (впервые)
ProdTypeGate: small_arms_factory -> result=0 (впервые)
ProdTypeGate: rubber_factory -> result=1 (впервые)
ProdTypeGate: explosives_factory -> result=0 (впервые)
ProdTypeGate: small_arms_factory -> result=0 (впервые)
ProdTypeGate: rubber_factory -> result=1 (впервые)
ProdTypeGate: explosives_factory -> result=0 (впервые)
ProdTypeGate: small_arms_factory -> result=0 (впервые)
ProdTypeGate: explosives_factory -> result=0 (впервые)
ProdTypeGate: small_arms_factory -> result=0 (впервые)
ProdTypeGate: explosives_factory -> result=0 (впервые)
ProdTypeGate: small_arms_factory -> result=0 (впервые)
ProdTypeGate: small_arms_factory -> result=0 (впервые)
ProdTypeGate: explosives_factory -> result=0 (впервые)
ProdTypeGate: small_arms_factory -> result=0 (впервые)
ProdTypeGate: explosives_factory -> result=0 (впервые)
ProdTypeGate: small_arms_factory -> result=0 (впервые)
ProdTypeGate: explosives_factory -> result=0 (впервые)
ProdTypeGate: small_arms_factory -> result=0 (впервые)
ProdTypeGate: automobile_factory -> result=0 (впервые)
ProdTypeGate: automobile_factory -> result=0 (впервые)
ProdTypeGate: automobile_factory -> result=0 (впервые)
ProdTypeGate: automobile_factory -> result=0 (впервые)
ProdTypeGate: automobile_factory -> result=0 (впервые)
ProdTypeGate: automobile_factory -> result=0 (впервые)
ProdTypeGate: automobile_factory -> result=0 (впервые)
ProdTypeGate: automobile_factory -> result=0 (впервые)
ProdTypeGate: automobile_factory -> result=0 (впервые)
ProdTypeGate: automobile_factory -> result=0 (впервые)
ProdTypeGate: automobile_factory -> result=0 (впервые)
ProdTypeGate: automobile_factory -> result=0 (впервые)
ProdTypeGate: automobile_factory -> result=0 (впервые)
ProdTypeGate: automobile_factory -> result=0 (впервые)
ProdTypeGate: automobile_factory -> result=0 (впервые)
ProdTypeGate: automobile_factory -> result=0 (впервые)
ProdTypeGate: automobile_factory -> result=0 (впервые)
ProdTypeGate: automobile_factory -> result=0 (впервые)
ProdTypeGate: automobile_factory -> result=0 (впервые)
ProdTypeGate: automobile_factory -> result=0 (впервые)
ProdTypeGate: automobile_factory -> result=0 (впервые)
ProdTypeGate: automobile_factory -> result=0 (впервые)
ProdTypeGate: automobile_factory -> result=0 (впервые)
ProdTypeGate: automobile_factory -> result=0 (впервые)
ProdTypeGate: automobile_factory -> result=0 (впервые)
ProdTypeGate: automobile_factory -> result=0 (впервые)
ProdTypeGate: automobile_factory -> result=0 (впервые)
ProdTypeGate: automobile_factory -> result=0 (впервые)
ProdTypeGate: automobile_factory -> result=0 (впервые)
ProdTypeGate: automobile_factory -> result=0 (впервые)
ProdTypeGate: automobile_factory -> result=0 (впервые)
ProdTypeGate: automobile_factory -> result=0 (впервые)
ProdTypeGate: automobile_factory -> result=0 (впервые)
ProdTypeGate: explosives_factory -> result=0 (впервые)
ProdTypeGate: rubber_factory -> result=1 (впервые)
ProdTypeGate: explosives_factory -> result=0 (впервые)
ProdTypeGate: small_arms_factory -> result=0 (впервые)
ProdTypeGate: rubber_factory -> result=1 (впервые)
ProdTypeGate: explosives_factory -> result=0 (впервые)
ProdTypeGate: small_arms_factory -> result=0 (впервые)
ProdTypeGate: explosives_factory -> result=0 (впервые)
ProdTypeGate: small_arms_factory -> result=0 (впервые)
ProdTypeGate: rubber_factory -> result=1 (впервые)
ProdTypeGate: explosives_factory -> result=0 (впервые)
ProdTypeGate: small_arms_factory -> result=0 (впервые)
ProdTypeGate: rubber_factory -> result=1 (впервые)
ProdTypeGate: explosives_factory -> result=0 (впервые)
ProdTypeGate: small_arms_factory -> result=0 (впервые)
ProdTypeGate: explosives_factory -> result=0 (впервые)
ProdTypeGate: small_arms_factory -> result=0 (впервые)
ProdTypeGate: explosives_factory -> result=0 (впервые)
ProdTypeGate: small_arms_factory -> result=0 (впервые)
ProdTypeGate: rubber_factory -> result=1 (впервые)
ProdTypeGate: explosives_factory -> result=0 (впервые)
ProdTypeGate: small_arms_factory -> result=0 (впервые)
ProdTypeGate: rubber_factory -> result=1 (впервые)
ProdTypeGate: explosives_factory -> result=0 (впервые)
ProdTypeGate: small_arms_factory -> result=0 (впервые)
ProdTypeGate: explosives_factory -> result=0 (впервые)
ProdTypeGate: small_arms_factory -> result=0 (впервые)
ProdTypeGate: explosives_factory -> result=0 (впервые)
ProdTypeGate: small_arms_factory -> result=0 (впервые)
ProdTypeGate: rubber_factory -> result=1 (впервые)
ProdTypeGate: explosives_factory -> result=0 (впервые)
ProdTypeGate: small_arms_factory -> result=0 (впервые)
ProdTypeGate: rubber_factory -> result=1 (впервые)
ProdTypeGate: explosives_factory -> result=0 (впервые)
ProdTypeGate: small_arms_factory -> result=0 (впервые)
ProdTypeGate: rubber_factory -> result=1 (впервые)
ProdTypeGate: explosives_factory -> result=0 (впервые)
ProdTypeGate: small_arms_factory -> result=0 (впервые)
ProdTypeGate: rubber_factory -> result=1 (впервые)
ProdTypeGate: explosives_factory -> result=0 (впервые)
ProdTypeGate: small_arms_factory -> result=0 (впервые)
ProdTypeGate: rubber_factory -> result=1 (впервые)
ProdTypeGate: explosives_factory -> result=0 (впервые)
ProdTypeGate: small_arms_factory -> result=0 (впервые)
ProdTypeGate: explosives_factory -> result=0 (впервые)
ProdTypeGate: small_arms_factory -> result=0 (впервые)
ProdTypeGate: rubber_factory -> result=1 (впервые)
ProdTypeGate: explosives_factory -> result=0 (впервые)
ProdTypeGate: small_arms_factory -> result=0 (впервые)
ProdTypeGate: rubber_factory -> result=1 (впервые)
ProdTypeGate: explosives_factory -> result=0 (впервые)
ProdTypeGate: small_arms_factory -> result=0 (впервые)
ProdTypeGate: rubber_factory -> result=1 (впервые)
ProdTypeGate: explosives_factory -> result=0 (впервые)
ProdTypeGate: small_arms_factory -> result=0 (впервые)
ProdTypeGate: explosives_factory -> result=0 (впервые)
ProdTypeGate: small_arms_factory -> result=0 (впервые)
ProdTypeGate: explosives_factory -> result=0 (впервые)
ProdTypeGate: small_arms_factory -> result=0 (впервые)
ProdTypeGate: explosives_factory -> result=0 (впервые)
ProdTypeGate: small_arms_factory -> result=0 (впервые)
ProdTypeGate: rubber_factory -> result=1 (впервые)
ProdTypeGate: explosives_factory -> result=0 (впервые)
ProdTypeGate: small_arms_factory -> result=0 (впервые)
ProdTypeGate: rubber_factory -> result=1 (впервые)
ProdTypeGate: explosives_factory -> result=0 (впервые)
ProdTypeGate: small_arms_factory -> result=0 (впервые)
ProdTypeGate: rubber_factory -> result=1 (впервые)
ProdTypeGate: small_arms_factory -> result=0 (впервые)
ProdTypeGate: rubber_factory -> result=1 (впервые)
ProdTypeGate: explosives_factory -> result=0 (впервые)
ProdTypeGate: small_arms_factory -> result=0 (впервые)
ProdTypeGate: explosives_factory -> result=0 (впервые)
ProdTypeGate: small_arms_factory -> result=0 (впервые)
ProdTypeGate: pharmaceutical_plant -> result=0 (впервые)
ProdTypeGate: explosives_factory -> result=0 (впервые)
ProdTypeGate: small_arms_factory -> result=0 (впервые)
ProdTypeGate: explosives_factory -> result=0 (впервые)
ProdTypeGate: small_arms_factory -> result=0 (впервые)
ProdTypeGate: rubber_factory -> result=1 (впервые)
ProdTypeGate: explosives_factory -> result=0 (впервые)
ProdTypeGate: small_arms_factory -> result=0 (впервые)
ProdTypeGate: rubber_factory -> result=1 (впервые)
ProdTypeGate: explosives_factory -> result=0 (впервые)
ProdTypeGate: small_arms_factory -> result=0 (впервые)
ProdTypeGate: rubber_factory -> result=1 (впервые)
ProdTypeGate: explosives_factory -> result=0 (впервые)
ProdTypeGate: small_arms_factory -> result=0 (впервые)
ProdTypeGate: explosives_factory -> result=0 (впервые)
ProdTypeGate: small_arms_factory -> result=0 (впервые)
ProdTypeGate: small_arms_factory -> result=0 (впервые)
ProdTypeGate: rubber_factory -> result=1 (впервые)
ProdTypeGate: explosives_factory -> result=0 (впервые)
ProdTypeGate: small_arms_factory -> result=0 (впервые)
ProdTypeGate: rubber_factory -> result=1 (впервые)
ProdTypeGate: explosives_factory -> result=0 (впервые)
ProdTypeGate: small_arms_factory -> result=0 (впервые)
ProdTypeGate: rubber_factory -> result=1 (впервые)
ProdTypeGate: explosives_factory -> result=0 (впервые)
ProdTypeGate: small_arms_factory -> result=0 (впервые)
ProdTypeGate: explosives_factory -> result=0 (впервые)
ProdTypeGate: small_arms_factory -> result=0 (впервые)
ProdTypeGate: explosives_factory -> result=0 (впервые)
ProdTypeGate: small_arms_factory -> result=0 (впервые)
ProdTypeGate: rubber_factory -> result=1 (впервые)
ProdTypeGate: explosives_factory -> result=0 (впервые)
ProdTypeGate: small_arms_factory -> result=0 (впервые)
ProdTypeGate: rubber_factory -> result=1 (впервые)
ProdTypeGate: explosives_factory -> result=0 (впервые)
ProdTypeGate: small_arms_factory -> result=0 (впервые)
ProdTypeGate: rubber_factory -> result=1 (впервые)
ProdTypeGate: explosives_factory -> result=0 (впервые)
ProdTypeGate: small_arms_factory -> result=0 (впервые)
ProdTypeGate: explosives_factory -> result=0 (впервые)
ProdTypeGate: small_arms_factory -> result=0 (впервые)
ProdTypeGate: telephone_factory -> result=0 (впервые)
ProdTypeGate: telephone_factory -> result=0 (впервые)
ProdTypeGate: telephone_factory -> result=0 (впервые)
ProdTypeGate: telephone_factory -> result=0 (впервые)
ProdTypeGate: telephone_factory -> result=0 (впервые)
ProdTypeGate: telephone_factory -> result=0 (впервые)
ProdTypeGate: telephone_factory -> result=0 (впервые)
ProdTypeGate: telephone_factory -> result=0 (впервые)
ProdTypeGate: telephone_factory -> result=0 (впервые)
ProdTypeGate: telephone_factory -> result=0 (впервые)
ProdTypeGate: telephone_factory -> result=0 (впервые)
ProdTypeGate: telephone_factory -> result=0 (впервые)
ProdTypeGate: telephone_factory -> result=0 (впервые)
ProdTypeGate: telephone_factory -> result=0 (впервые)
ProdTypeGate: telephone_factory -> result=0 (впервые)
ProdTypeGate: telephone_factory -> result=0 (впервые)
ProdTypeGate: telephone_factory -> result=0 (впервые)
ProdTypeGate: telephone_factory -> result=0 (впервые)
ProdTypeGate: telephone_factory -> result=0 (впервые)
ProdTypeGate: telephone_factory -> result=0 (впервые)
ProdTypeGate: telephone_factory -> result=0 (впервые)
ProdTypeGate: telephone_factory -> result=0 (впервые)
ProdTypeGate: telephone_factory -> result=0 (впервые)
ProdTypeGate: telephone_factory -> result=0 (впервые)
ProdTypeGate: telephone_factory -> result=0 (впервые)
ProdTypeGate: telephone_factory -> result=0 (впервые)
ProdTypeGate: telephone_factory -> result=0 (впервые)
ProdTypeGate: telephone_factory -> result=0 (впервые)
ProdTypeGate: rubber_factory -> result=1 (впервые)
ProdTypeGate: explosives_factory -> result=0 (впервые)
ProdTypeGate: small_arms_factory -> result=0 (впервые)
ProdTypeGate: rubber_factory -> result=1 (впервые)
ProdTypeGate: explosives_factory -> result=0 (впервые)
ProdTypeGate: small_arms_factory -> result=0 (впервые)
ProdTypeGate: rubber_factory -> result=1 (впервые)
ProdTypeGate: explosives_factory -> result=0 (впервые)
ProdTypeGate: small_arms_factory -> result=0 (впервые)
ProdTypeGate: explosives_factory -> result=0 (впервые)
ProdTypeGate: small_arms_factory -> result=0 (впервые)
ProdTypeGate: explosives_factory -> result=0 (впервые)
ProdTypeGate: small_arms_factory -> result=0 (впервые)
ProdTypeGate: explosives_factory -> result=0 (впервые)
ProdTypeGate: small_arms_factory -> result=0 (впервые)
ProdTypeGate: small_arms_factory -> result=0 (впервые)
ProdTypeGate: explosives_factory -> result=0 (впервые)
ProdTypeGate: small_arms_factory -> result=0 (впервые)
ProdTypeGate: rubber_factory -> result=1 (впервые)
ProdTypeGate: explosives_factory -> result=0 (впервые)
ProdTypeGate: small_arms_factory -> result=0 (впервые)
Update[CPoliticsView]: вызван, view=381BB190
Update[CPoliticsView]: вызван, view=381BB190
ProdTypeGate: rubber_factory -> result=1 (впервые)
ProdTypeGate: telephone_factory -> result=0 (впервые)
ProdTypeGate: electric_gear_factory -> result=0 (впервые)
ProdTypeGate: small_arms_factory -> result=0 (впервые)
ProdTypeGate: small_arms_factory -> result=0 (впервые)
ProdTypeGate: rubber_factory -> result=1 (впервые)
ProdTypeGate: explosives_factory -> result=0 (впервые)
ProdTypeGate: small_arms_factory -> result=0 (впервые)
ProdTypeGate: rubber_factory -> result=1 (впервые)
ProdTypeGate: explosives_factory -> result=0 (впервые)
ProdTypeGate: small_arms_factory -> result=0 (впервые)
ProdTypeGate: rubber_factory -> result=1 (впервые)
ProdTypeGate: explosives_factory -> result=0 (впервые)
ProdTypeGate: small_arms_factory -> result=0 (впервые)
ProdTypeGate: rubber_factory -> result=1 (впервые)
ProdTypeGate: explosives_factory -> result=0 (впервые)
ProdTypeGate: small_arms_factory -> result=0 (впервые)
ProdTypeGate: explosives_factory -> result=0 (впервые)
ProdTypeGate: small_arms_factory -> result=0 (впервые)
ProdTypeGate: explosives_factory -> result=0 (впервые)
ProdTypeGate: small_arms_factory -> result=0 (впервые)
ProdTypeGate: telephone_factory -> result=0 (впервые)
ProdTypeGate: telephone_factory -> result=0 (впервые)
ProdTypeGate: telephone_factory -> result=0 (впервые)
ProdTypeGate: telephone_factory -> result=0 (впервые)
ProdTypeGate: electric_gear_factory -> result=0 (впервые)
ProdTypeGate: small_arms_factory -> result=0 (впервые)
ProdTypeGate: rubber_factory -> result=1 (впервые)
ProdTypeGate: explosives_factory -> result=0 (впервые)
ProdTypeGate: small_arms_factory -> result=0 (впервые)
ProdTypeGate: rubber_factory -> result=1 (впервые)
ProdTypeGate: explosives_factory -> result=0 (впервые)
ProdTypeGate: small_arms_factory -> result=0 (впервые)
ProdTypeGate: explosives_factory -> result=0 (впервые)
ProdTypeGate: small_arms_factory -> result=0 (впервые)
ProdTypeGate: small_arms_factory -> result=0 (впервые)
ProdTypeGate: rubber_factory -> result=1 (впервые)
ProdTypeGate: explosives_factory -> result=0 (впервые)
ProdTypeGate: small_arms_factory -> result=0 (впервые)
ProdTypeGate: rubber_factory -> result=1 (впервые)
ProdTypeGate: explosives_factory -> result=0 (впервые)
ProdTypeGate: small_arms_factory -> result=0 (впервые)
ProdTypeGate: rubber_factory -> result=1 (впервые)
ProdTypeGate: small_arms_factory -> result=0 (впервые)
ProdTypeGate: explosives_factory -> result=0 (впервые)
ProdTypeGate: small_arms_factory -> result=0 (впервые)
ProdTypeGate: rubber_factory -> result=1 (впервые)
ProdTypeGate: explosives_factory -> result=0 (впервые)
ProdTypeGate: small_arms_factory -> result=0 (впервые)
ProdTypeGate: rubber_factory -> result=1 (впервые)
ProdTypeGate: explosives_factory -> result=0 (впервые)
ProdTypeGate: small_arms_factory -> result=0 (впервые)
ProdTypeGate: rubber_factory -> result=1 (впервые)
ProdTypeGate: explosives_factory -> result=0 (впервые)
ProdTypeGate: small_arms_factory -> result=0 (впервые)
ProdTypeGate: rubber_factory -> result=1 (впервые)
ProdTypeGate: explosives_factory -> result=0 (впервые)
ProdTypeGate: small_arms_factory -> result=0 (впервые)
ProdTypeGate: explosives_factory -> result=0 (впервые)
ProdTypeGate: small_arms_factory -> result=0 (впервые)
ProdTypeGate: explosives_factory -> result=0 (впервые)
ProdTypeGate: small_arms_factory -> result=0 (впервые)
ProdTypeGate: explosives_factory -> result=0 (впервые)
ProdTypeGate: small_arms_factory -> result=0 (впервые)
ProdTypeGate: explosives_factory -> result=0 (впервые)
ProdTypeGate: small_arms_factory -> result=0 (впервые)
ProdTypeGate: explosives_factory -> result=0 (впервые)
ProdTypeGate: small_arms_factory -> result=0 (впервые)
ProdTypeGate: small_arms_factory -> result=0 (впервые)
ProdTypeGate: rubber_factory -> result=1 (впервые)
ProdTypeGate: explosives_factory -> result=0 (впервые)
ProdTypeGate: small_arms_factory -> result=0 (впервые)
ProdTypeGate: electric_gear_factory -> result=0 (впервые)
ProdTypeGate: pharmaceutical_plant -> result=0 (впервые)
ProdTypeGate: explosives_factory -> result=0 (впервые)
ProdTypeGate: small_arms_factory -> result=0 (впервые)
ProdTypeGate: automobile_factory -> result=0 (впервые)
ProdTypeGate: automobile_factory -> result=0 (впервые)
ProdTypeGate: automobile_factory -> result=0 (впервые)
ProdTypeGate: automobile_factory -> result=0 (впервые)
ProdTypeGate: automobile_factory -> result=0 (впервые)
ProdTypeGate: automobile_factory -> result=0 (впервые)
ProdTypeGate: automobile_factory -> result=0 (впервые)
ProdTypeGate: automobile_factory -> result=0 (впервые)
ProdTypeGate: automobile_factory -> result=0 (впервые)
ProdTypeGate: automobile_factory -> result=0 (впервые)
ProdTypeGate: automobile_factory -> result=0 (впервые)
ProdTypeGate: automobile_factory -> result=0 (впервые)
ProdTypeGate: automobile_factory -> result=0 (впервые)
ProdTypeGate: automobile_factory -> result=0 (впервые)
ProdTypeGate: automobile_factory -> result=0 (впервые)
ProdTypeGate: automobile_factory -> result=0 (впервые)
ProdTypeGate: automobile_factory -> result=0 (впервые)
ProdTypeGate: automobile_factory -> result=0 (впервые)
ProdTypeGate: automobile_factory -> result=0 (впервые)
ProdTypeGate: automobile_factory -> result=0 (впервые)
ProdTypeGate: automobile_factory -> result=0 (впервые)
ProdTypeGate: automobile_factory -> result=0 (впервые)
ProdTypeGate: automobile_factory -> result=0 (впервые)
ProdTypeGate: automobile_factory -> result=0 (впервые)
ProdTypeGate: automobile_factory -> result=0 (впервые)
ProdTypeGate: automobile_factory -> result=0 (впервые)
ProdTypeGate: automobile_factory -> result=0 (впервые)
ProdTypeGate: automobile_factory -> result=0 (впервые)
ProdTypeGate: automobile_factory -> result=0 (впервые)
ProdTypeGate: automobile_factory -> result=0 (впервые)
ProdTypeGate: automobile_factory -> result=0 (впервые)
ProdTypeGate: automobile_factory -> result=0 (впервые)
ProdTypeGate: automobile_factory -> result=0 (впервые)
ProdTypeGate: explosives_factory -> result=0 (впервые)
ProdTypeGate: small_arms_factory -> result=0 (впервые)
ProdTypeGate: explosives_factory -> result=0 (впервые)
ProdTypeGate: small_arms_factory -> result=0 (впервые)
ProdTypeGate: rubber_factory -> result=1 (впервые)
ProdTypeGate: explosives_factory -> result=0 (впервые)
ProdTypeGate: small_arms_factory -> result=0 (впервые)
ProdTypeGate: rubber_factory -> result=1 (впервые)
ProdTypeGate: explosives_factory -> result=0 (впервые)
ProdTypeGate: small_arms_factory -> result=0 (впервые)
ProdTypeGate: explosives_factory -> result=0 (впервые)
ProdTypeGate: small_arms_factory -> result=0 (впервые)
ProdTypeGate: rubber_factory -> result=1 (впервые)
ProdTypeGate: explosives_factory -> result=0 (впервые)
ProdTypeGate: small_arms_factory -> result=0 (впервые)
ProdTypeGate: explosives_factory -> result=0 (впервые)
ProdTypeGate: small_arms_factory -> result=0 (впервые)
ProdTypeGate: explosives_factory -> result=0 (впервые)
ProdTypeGate: small_arms_factory -> result=0 (впервые)
ProdTypeGate: rubber_factory -> result=1 (впервые)
ProdTypeGate: explosives_factory -> result=0 (впервые)
ProdTypeGate: small_arms_factory -> result=0 (впервые)
ProdTypeGate: explosives_factory -> result=0 (впервые)
ProdTypeGate: small_arms_factory -> result=0 (впервые)
ProdTypeGate: explosives_factory -> result=0 (впервые)
ProdTypeGate: small_arms_factory -> result=0 (впервые)
ProdTypeGate: small_arms_factory -> result=0 (впервые)
ProdTypeGate: explosives_factory -> result=0 (впервые)
ProdTypeGate: small_arms_factory -> result=0 (впервые)
ProdTypeGate: small_arms_factory -> result=0 (впервые)
ProdTypeGate: small_arms_factory -> result=0 (впервые)
ProdTypeGate: rubber_factory -> result=1 (впервые)
ProdTypeGate: explosives_factory -> result=0 (впервые)
ProdTypeGate: small_arms_factory -> result=0 (впервые)
ProdTypeGate: rubber_factory -> result=1 (впервые)
ProdTypeGate: explosives_factory -> result=0 (впервые)
ProdTypeGate: small_arms_factory -> result=0 (впервые)
ProdTypeGate: rubber_factory -> result=1 (впервые)
ProdTypeGate: explosives_factory -> result=0 (впервые)
ProdTypeGate: small_arms_factory -> result=0 (впервые)
ProdTypeGate: rubber_factory -> result=1 (впервые)
ProdTypeGate: explosives_factory -> result=0 (впервые)
ProdTypeGate: small_arms_factory -> result=0 (впервые)
ProdTypeGate: rubber_factory -> result=1 (впервые)
ProdTypeGate: explosives_factory -> result=0 (впервые)
ProdTypeGate: small_arms_factory -> result=0 (впервые)
ProdTypeGate: rubber_factory -> result=1 (впервые)
ProdTypeGate: explosives_factory -> result=0 (впервые)
ProdTypeGate: small_arms_factory -> result=0 (впервые)
ProdTypeGate: explosives_factory -> result=0 (впервые)
ProdTypeGate: small_arms_factory -> result=0 (впервые)
ProdTypeGate: explosives_factory -> result=0 (впервые)
ProdTypeGate: small_arms_factory -> result=0 (впервые)
ProdTypeGate: rubber_factory -> result=1 (впервые)
ProdTypeGate: explosives_factory -> result=0 (впервые)
ProdTypeGate: small_arms_factory -> result=0 (впервые)
ProdTypeGate: explosives_factory -> result=0 (впервые)
ProdTypeGate: small_arms_factory -> result=0 (впервые)
ProdTypeGate: explosives_factory -> result=0 (впервые)
ProdTypeGate: small_arms_factory -> result=0 (впервые)
ProdTypeGate: telephone_factory -> result=0 (впервые)
ProdTypeGate: telephone_factory -> result=0 (впервые)
ProdTypeGate: telephone_factory -> result=0 (впервые)
ProdTypeGate: telephone_factory -> result=0 (впервые)
ProdTypeGate: telephone_factory -> result=0 (впервые)
ProdTypeGate: telephone_factory -> result=0 (впервые)
ProdTypeGate: telephone_factory -> result=0 (впервые)
ProdTypeGate: telephone_factory -> result=0 (впервые)
ProdTypeGate: telephone_factory -> result=0 (впервые)
ProdTypeGate: telephone_factory -> result=0 (впервые)
ProdTypeGate: telephone_factory -> result=0 (впервые)
ProdTypeGate: telephone_factory -> result=0 (впервые)
ProdTypeGate: telephone_factory -> result=0 (впервые)
ProdTypeGate: telephone_factory -> result=0 (впервые)
ProdTypeGate: telephone_factory -> result=0 (впервые)
ProdTypeGate: telephone_factory -> result=0 (впервые)
ProdTypeGate: telephone_factory -> result=0 (впервые)
ProdTypeGate: telephone_factory -> result=0 (впервые)
ProdTypeGate: telephone_factory -> result=0 (впервые)
ProdTypeGate: telephone_factory -> result=0 (впервые)
ProdTypeGate: telephone_factory -> result=0 (впервые)
ProdTypeGate: telephone_factory -> result=0 (впервые)
ProdTypeGate: telephone_factory -> result=0 (впервые)
ProdTypeGate: telephone_factory -> result=0 (впервые)
ProdTypeGate: telephone_factory -> result=0 (впервые)
ProdTypeGate: telephone_factory -> result=0 (впервые)
ProdTypeGate: telephone_factory -> result=0 (впервые)
ProdTypeGate: telephone_factory -> result=0 (впервые)
ProdTypeGate: rubber_factory -> result=1 (впервые)
ProdTypeGate: explosives_factory -> result=0 (впервые)
ProdTypeGate: small_arms_factory -> result=0 (впервые)
ProdTypeGate: rubber_factory -> result=1 (впервые)
ProdTypeGate: explosives_factory -> result=0 (впервые)
ProdTypeGate: small_arms_factory -> result=0 (впервые)
ProdTypeGate: explosives_factory -> result=0 (впервые)
ProdTypeGate: small_arms_factory -> result=0 (впервые)
ProdTypeGate: explosives_factory -> result=0 (впервые)
ProdTypeGate: small_arms_factory -> result=0 (впервые)
ProdTypeGate: small_arms_factory -> result=0 (впервые)
ProdTypeGate: explosives_factory -> result=0 (впервые)
ProdTypeGate: small_arms_factory -> result=0 (впервые)
ProdTypeGate: rubber_factory -> result=1 (впервые)
ProdTypeGate: small_arms_factory -> result=0 (впервые)
ProdTypeGate: explosives_factory -> result=0 (впервые)
ProdTypeGate: small_arms_factory -> result=0 (впервые)
ProdTypeGate: rubber_factory -> result=1 (впервые)
ProdTypeGate: explosives_factory -> result=0 (впервые)
ProdTypeGate: small_arms_factory -> result=0 (впервые)
ProdTypeGate: explosives_factory -> result=0 (впервые)
ProdTypeGate: small_arms_factory -> result=0 (впервые)
ProdTypeGate: explosives_factory -> result=0 (впервые)
ProdTypeGate: small_arms_factory -> result=0 (впервые)
ProdTypeGate: automobile_factory -> result=0 (впервые)
ProdTypeGate: automobile_factory -> result=0 (впервые)
ProdTypeGate: automobile_factory -> result=0 (впервые)
ProdTypeGate: automobile_factory -> result=0 (впервые)
ProdTypeGate: automobile_factory -> result=0 (впервые)
ProdTypeGate: automobile_factory -> result=0 (впервые)
ProdTypeGate: automobile_factory -> result=0 (впервые)
ProdTypeGate: automobile_factory -> result=0 (впервые)
ProdTypeGate: automobile_factory -> result=0 (впервые)
ProdTypeGate: automobile_factory -> result=0 (впервые)
ProdTypeGate: automobile_factory -> result=0 (впервые)
ProdTypeGate: automobile_factory -> result=0 (впервые)
ProdTypeGate: automobile_factory -> result=0 (впервые)
ProdTypeGate: automobile_factory -> result=0 (впервые)
ProdTypeGate: automobile_factory -> result=0 (впервые)
ProdTypeGate: automobile_factory -> result=0 (впервые)
ProdTypeGate: automobile_factory -> result=0 (впервые)
ProdTypeGate: automobile_factory -> result=0 (впервые)
ProdTypeGate: automobile_factory -> result=0 (впервые)
ProdTypeGate: automobile_factory -> result=0 (впервые)
ProdTypeGate: automobile_factory -> result=0 (впервые)
ProdTypeGate: automobile_factory -> result=0 (впервые)
ProdTypeGate: automobile_factory -> result=0 (впервые)
ProdTypeGate: automobile_factory -> result=0 (впервые)
ProdTypeGate: automobile_factory -> result=0 (впервые)
ProdTypeGate: automobile_factory -> result=0 (впервые)
ProdTypeGate: automobile_factory -> result=0 (впервые)
ProdTypeGate: automobile_factory -> result=0 (впервые)
ProdTypeGate: automobile_factory -> result=0 (впервые)
ProdTypeGate: automobile_factory -> result=0 (впервые)
ProdTypeGate: automobile_factory -> result=0 (впервые)
ProdTypeGate: automobile_factory -> result=0 (впервые)
ProdTypeGate: automobile_factory -> result=0 (впервые)
ProdTypeGate: explosives_factory -> result=0 (впервые)
ProdTypeGate: small_arms_factory -> result=0 (впервые)
ProdTypeGate: rubber_factory -> result=1 (впервые)
ProdTypeGate: explosives_factory -> result=0 (впервые)
ProdTypeGate: small_arms_factory -> result=0 (впервые)
ProdTypeGate: rubber_factory -> result=1 (впервые)
ProdTypeGate: explosives_factory -> result=0 (впервые)
ProdTypeGate: small_arms_factory -> result=0 (впервые)
ProdTypeGate: rubber_factory -> result=1 (впервые)
ProdTypeGate: explosives_factory -> result=0 (впервые)
ProdTypeGate: small_arms_factory -> result=0 (впервые)
ProdTypeGate: rubber_factory -> result=1 (впервые)
ProdTypeGate: small_arms_factory -> result=0 (впервые)
ProdTypeGate: rubber_factory -> result=1 (впервые)
ProdTypeGate: explosives_factory -> result=0 (впервые)
ProdTypeGate: small_arms_factory -> result=0 (впервые)
ProdTypeGate: explosives_factory -> result=0 (впервые)
ProdTypeGate: small_arms_factory -> result=0 (впервые)
ProdTypeGate: explosives_factory -> result=0 (впервые)
ProdTypeGate: small_arms_factory -> result=0 (впервые)
ProdTypeGate: explosives_factory -> result=0 (впервые)
ProdTypeGate: small_arms_factory -> result=0 (впервые)
ProdTypeGate: rubber_factory -> result=1 (впервые)
ProdTypeGate: explosives_factory -> result=0 (впервые)
ProdTypeGate: small_arms_factory -> result=0 (впервые)
ProdTypeGate: explosives_factory -> result=0 (впервые)
ProdTypeGate: small_arms_factory -> result=0 (впервые)
ProdTypeGate: automobile_factory -> result=0 (впервые)
ProdTypeGate: automobile_factory -> result=0 (впервые)
ProdTypeGate: automobile_factory -> result=0 (впервые)
ProdTypeGate: automobile_factory -> result=0 (впервые)
ProdTypeGate: automobile_factory -> result=0 (впервые)
ProdTypeGate: automobile_factory -> result=0 (впервые)
ProdTypeGate: automobile_factory -> result=0 (впервые)
ProdTypeGate: automobile_factory -> result=0 (впервые)
ProdTypeGate: automobile_factory -> result=0 (впервые)
ProdTypeGate: automobile_factory -> result=0 (впервые)
ProdTypeGate: automobile_factory -> result=0 (впервые)
ProdTypeGate: automobile_factory -> result=0 (впервые)
ProdTypeGate: automobile_factory -> result=0 (впервые)
ProdTypeGate: automobile_factory -> result=0 (впервые)
ProdTypeGate: automobile_factory -> result=0 (впервые)
ProdTypeGate: automobile_factory -> result=0 (впервые)
ProdTypeGate: automobile_factory -> result=0 (впервые)
ProdTypeGate: automobile_factory -> result=0 (впервые)
ProdTypeGate: automobile_factory -> result=0 (впервые)
ProdTypeGate: automobile_factory -> result=0 (впервые)
ProdTypeGate: automobile_factory -> result=0 (впервые)
ProdTypeGate: automobile_factory -> result=0 (впервые)
ProdTypeGate: automobile_factory -> result=0 (впервые)
ProdTypeGate: automobile_factory -> result=0 (впервые)
ProdTypeGate: automobile_factory -> result=0 (впервые)
ProdTypeGate: automobile_factory -> result=0 (впервые)
ProdTypeGate: automobile_factory -> result=0 (впервые)
ProdTypeGate: automobile_factory -> result=0 (впервые)
ProdTypeGate: automobile_factory -> result=0 (впервые)
ProdTypeGate: automobile_factory -> result=0 (впервые)
ProdTypeGate: automobile_factory -> result=0 (впервые)
ProdTypeGate: automobile_factory -> result=0 (впервые)
ProdTypeGate: telephone_factory -> result=0 (впервые)
ProdTypeGate: telephone_factory -> result=0 (впервые)
ProdTypeGate: telephone_factory -> result=0 (впервые)
ProdTypeGate: telephone_factory -> result=0 (впервые)
ProdTypeGate: automobile_factory -> result=0 (впервые)
ProdTypeGate: rubber_factory -> result=1 (впервые)
ProdTypeGate: explosives_factory -> result=0 (впервые)
ProdTypeGate: small_arms_factory -> result=0 (впервые)
ProdTypeGate: explosives_factory -> result=0 (впервые)
ProdTypeGate: small_arms_factory -> result=0 (впервые)
ProdTypeGate: small_arms_factory -> result=0 (впервые)
ProdTypeGate: rubber_factory -> result=1 (впервые)
ProdTypeGate: explosives_factory -> result=0 (впервые)
ProdTypeGate: small_arms_factory -> result=0 (впервые)
ProdTypeGate: explosives_factory -> result=0 (впервые)
ProdTypeGate: small_arms_factory -> result=0 (впервые)
ProdTypeGate: explosives_factory -> result=0 (впервые)
ProdTypeGate: small_arms_factory -> result=0 (впервые)
ProdTypeGate: small_arms_factory -> result=0 (впервые)
ProdTypeGate: explosives_factory -> result=0 (впервые)
ProdTypeGate: small_arms_factory -> result=0 (впервые)
ProdTypeGate: explosives_factory -> result=0 (впервые)
ProdTypeGate: small_arms_factory -> result=0 (впервые)
ProdTypeGate: small_arms_factory -> result=0 (впервые)
ProdTypeGate: rubber_factory -> result=1 (впервые)
ProdTypeGate: explosives_factory -> result=0 (впервые)
ProdTypeGate: small_arms_factory -> result=0 (впервые)
ProdTypeGate: explosives_factory -> result=0 (впервые)
ProdTypeGate: small_arms_factory -> result=0 (впервые)
ProdTypeGate: telephone_factory -> result=0 (впервые)
ProdTypeGate: telephone_factory -> result=0 (впервые)
ProdTypeGate: telephone_factory -> result=0 (впервые)
ProdTypeGate: telephone_factory -> result=0 (впервые)
ProdTypeGate: telephone_factory -> result=0 (впервые)
ProdTypeGate: telephone_factory -> result=0 (впервые)
ProdTypeGate: telephone_factory -> result=0 (впервые)
ProdTypeGate: telephone_factory -> result=0 (впервые)
ProdTypeGate: telephone_factory -> result=0 (впервые)
ProdTypeGate: telephone_factory -> result=0 (впервые)
ProdTypeGate: telephone_factory -> result=0 (впервые)
ProdTypeGate: telephone_factory -> result=0 (впервые)
ProdTypeGate: telephone_factory -> result=0 (впервые)
ProdTypeGate: telephone_factory -> result=0 (впервые)
ProdTypeGate: telephone_factory -> result=0 (впервые)
ProdTypeGate: telephone_factory -> result=0 (впервые)
ProdTypeGate: telephone_factory -> result=0 (впервые)
ProdTypeGate: telephone_factory -> result=0 (впервые)
ProdTypeGate: telephone_factory -> result=0 (впервые)
ProdTypeGate: telephone_factory -> result=0 (впервые)
ProdTypeGate: telephone_factory -> result=0 (впервые)
ProdTypeGate: telephone_factory -> result=0 (впервые)
ProdTypeGate: telephone_factory -> result=0 (впервые)
ProdTypeGate: telephone_factory -> result=0 (впервые)
ProdTypeGate: telephone_factory -> result=0 (впервые)
ProdTypeGate: telephone_factory -> result=0 (впервые)
ProdTypeGate: telephone_factory -> result=0 (впервые)
ProdTypeGate: telephone_factory -> result=0 (впервые)
ProdTypeGate: small_arms_factory -> result=0 (впервые)
ProdTypeGate: rubber_factory -> result=1 (впервые)
ProdTypeGate: explosives_factory -> result=0 (впервые)
ProdTypeGate: small_arms_factory -> result=0 (впервые)
ProdTypeGate: explosives_factory -> result=0 (впервые)
ProdTypeGate: small_arms_factory -> result=0 (впервые)
ProdTypeGate: explosives_factory -> result=0 (впервые)
ProdTypeGate: small_arms_factory -> result=0 (впервые)
ProdTypeGate: rubber_factory -> result=1 (впервые)
ProdTypeGate: explosives_factory -> result=0 (впервые)
ProdTypeGate: small_arms_factory -> result=0 (впервые)
ProdTypeGate: explosives_factory -> result=0 (впервые)
ProdTypeGate: small_arms_factory -> result=0 (впервые)
ProdTypeGate: small_arms_factory -> result=0 (впервые)
ProdTypeGate: rubber_factory -> result=1 (впервые)
ProdTypeGate: explosives_factory -> result=0 (впервые)
ProdTypeGate: small_arms_factory -> result=0 (впервые)
ProdTypeGate: rubber_factory -> result=1 (впервые)
ProdTypeGate: explosives_factory -> result=0 (впервые)
ProdTypeGate: small_arms_factory -> result=0 (впервые)
ProdTypeGate: explosives_factory -> result=0 (впервые)
ProdTypeGate: small_arms_factory -> result=0 (впервые)
ProdTypeGate: small_arms_factory -> result=0 (впервые)
ProdTypeGate: explosives_factory -> result=0 (впервые)
ProdTypeGate: rubber_factory -> result=1 (впервые)
ProdTypeGate: explosives_factory -> result=0 (впервые)
ProdTypeGate: small_arms_factory -> result=0 (впервые)
ProdTypeGate: rubber_factory -> result=1 (впервые)
ProdTypeGate: explosives_factory -> result=0 (впервые)
ProdTypeGate: small_arms_factory -> result=0 (впервые)
ProdTypeGate: explosives_factory -> result=0 (впервые)
ProdTypeGate: small_arms_factory -> result=0 (впервые)
ProdTypeGate: small_arms_factory -> result=0 (впервые)
ProdTypeGate: rubber_factory -> result=1 (впервые)
ProdTypeGate: explosives_factory -> result=0 (впервые)
ProdTypeGate: small_arms_factory -> result=0 (впервые)
ProdTypeGate: rubber_factory -> result=1 (впервые)
ProdTypeGate: explosives_factory -> result=0 (впервые)
ProdTypeGate: small_arms_factory -> result=0 (впервые)
ProdTypeGate: rubber_factory -> result=1 (впервые)
ProdTypeGate: explosives_factory -> result=0 (впервые)
ProdTypeGate: small_arms_factory -> result=0 (впервые)
ProdTypeGate: explosives_factory -> result=0 (впервые)
ProdTypeGate: small_arms_factory -> result=0 (впервые)
ProdTypeGate: explosives_factory -> result=0 (впервые)
ProdTypeGate: small_arms_factory -> result=0 (впервые)
ProdTypeGate: automobile_factory -> result=0 (впервые)
ProdTypeGate: automobile_factory -> result=0 (впервые)
ProdTypeGate: automobile_factory -> result=0 (впервые)
ProdTypeGate: automobile_factory -> result=0 (впервые)
ProdTypeGate: automobile_factory -> result=0 (впервые)
ProdTypeGate: automobile_factory -> result=0 (впервые)
ProdTypeGate: automobile_factory -> result=0 (впервые)
ProdTypeGate: automobile_factory -> result=0 (впервые)
ProdTypeGate: automobile_factory -> result=0 (впервые)
ProdTypeGate: automobile_factory -> result=0 (впервые)
ProdTypeGate: automobile_factory -> result=0 (впервые)
ProdTypeGate: automobile_factory -> result=0 (впервые)
ProdTypeGate: automobile_factory -> result=0 (впервые)
ProdTypeGate: automobile_factory -> result=0 (впервые)
ProdTypeGate: automobile_factory -> result=0 (впервые)
ProdTypeGate: automobile_factory -> result=0 (впервые)
ProdTypeGate: automobile_factory -> result=0 (впервые)
ProdTypeGate: automobile_factory -> result=0 (впервые)
ProdTypeGate: automobile_factory -> result=0 (впервые)
ProdTypeGate: automobile_factory -> result=0 (впервые)
ProdTypeGate: automobile_factory -> result=0 (впервые)
ProdTypeGate: automobile_factory -> result=0 (впервые)
ProdTypeGate: automobile_factory -> result=0 (впервые)
ProdTypeGate: automobile_factory -> result=0 (впервые)
ProdTypeGate: automobile_factory -> result=0 (впервые)
ProdTypeGate: automobile_factory -> result=0 (впервые)
ProdTypeGate: automobile_factory -> result=0 (впервые)
ProdTypeGate: automobile_factory -> result=0 (впервые)
ProdTypeGate: automobile_factory -> result=0 (впервые)
ProdTypeGate: automobile_factory -> result=0 (впервые)
ProdTypeGate: automobile_factory -> result=0 (впервые)
ProdTypeGate: automobile_factory -> result=0 (впервые)
ProdTypeGate: automobile_factory -> result=0 (впервые)
ProdTypeGate: explosives_factory -> result=0 (впервые)
ProdTypeGate: small_arms_factory -> result=0 (впервые)
ProdTypeGate: small_arms_factory -> result=0 (впервые)
ProdTypeGate: explosives_factory -> result=0 (впервые)
ProdTypeGate: small_arms_factory -> result=0 (впервые)
ProdTypeGate: explosives_factory -> result=0 (впервые)
ProdTypeGate: small_arms_factory -> result=0 (впервые)
ProdTypeGate: explosives_factory -> result=0 (впервые)
ProdTypeGate: small_arms_factory -> result=0 (впервые)
ProdTypeGate: explosives_factory -> result=0 (впервые)
ProdTypeGate: small_arms_factory -> result=0 (впервые)
ProdTypeGate: explosives_factory -> result=0 (впервые)
ProdTypeGate: small_arms_factory -> result=0 (впервые)
ProdTypeGate: rubber_factory -> result=1 (впервые)
ProdTypeGate: small_arms_factory -> result=0 (впервые)
ProdTypeGate: rubber_factory -> result=1 (впервые)
ProdTypeGate: explosives_factory -> result=0 (впервые)
ProdTypeGate: small_arms_factory -> result=0 (впервые)
ProdTypeGate: rubber_factory -> result=1 (впервые)
ProdTypeGate: explosives_factory -> result=0 (впервые)
ProdTypeGate: small_arms_factory -> result=0 (впервые)
ProdTypeGate: rubber_factory -> result=1 (впервые)
ProdTypeGate: explosives_factory -> result=0 (впервые)
ProdTypeGate: small_arms_factory -> result=0 (впервые)
ProdTypeGate: explosives_factory -> result=0 (впервые)
ProdTypeGate: explosives_factory -> result=0 (впервые)
ProdTypeGate: small_arms_factory -> result=0 (впервые)
ProdTypeGate: rubber_factory -> result=1 (впервые)
ProdTypeGate: explosives_factory -> result=0 (впервые)
ProdTypeGate: small_arms_factory -> result=0 (впервые)
ProdTypeGate: rubber_factory -> result=1 (впервые)
ProdTypeGate: explosives_factory -> result=0 (впервые)
ProdTypeGate: small_arms_factory -> result=0 (впервые)
ProdTypeGate: automobile_factory -> result=0 (впервые)
ProdTypeGate: automobile_factory -> result=0 (впервые)
ProdTypeGate: automobile_factory -> result=0 (впервые)
ProdTypeGate: automobile_factory -> result=0 (впервые)
ProdTypeGate: automobile_factory -> result=0 (впервые)
ProdTypeGate: automobile_factory -> result=0 (впервые)
ProdTypeGate: automobile_factory -> result=0 (впервые)
ProdTypeGate: automobile_factory -> result=0 (впервые)
ProdTypeGate: automobile_factory -> result=0 (впервые)
ProdTypeGate: automobile_factory -> result=0 (впервые)
ProdTypeGate: automobile_factory -> result=0 (впервые)
ProdTypeGate: automobile_factory -> result=0 (впервые)
ProdTypeGate: automobile_factory -> result=0 (впервые)
ProdTypeGate: automobile_factory -> result=0 (впервые)
ProdTypeGate: automobile_factory -> result=0 (впервые)
ProdTypeGate: automobile_factory -> result=0 (впервые)
ProdTypeGate: automobile_factory -> result=0 (впервые)
ProdTypeGate: automobile_factory -> result=0 (впервые)
ProdTypeGate: automobile_factory -> result=0 (впервые)
ProdTypeGate: automobile_factory -> result=0 (впервые)
ProdTypeGate: automobile_factory -> result=0 (впервые)
ProdTypeGate: automobile_factory -> result=0 (впервые)
ProdTypeGate: automobile_factory -> result=0 (впервые)
ProdTypeGate: automobile_factory -> result=0 (впервые)
ProdTypeGate: automobile_factory -> result=0 (впервые)
ProdTypeGate: automobile_factory -> result=0 (впервые)
ProdTypeGate: automobile_factory -> result=0 (впервые)
ProdTypeGate: automobile_factory -> result=0 (впервые)
ProdTypeGate: automobile_factory -> result=0 (впервые)
ProdTypeGate: automobile_factory -> result=0 (впервые)
ProdTypeGate: automobile_factory -> result=0 (впервые)
ProdTypeGate: automobile_factory -> result=0 (впервые)
ProdTypeGate: automobile_factory -> result=0 (впервые)
ProdTypeGate: explosives_factory -> result=0 (впервые)
ProdTypeGate: small_arms_factory -> result=0 (впервые)
ProdTypeGate: explosives_factory -> result=0 (впервые)
ProdTypeGate: explosives_factory -> result=0 (впервые)
ProdTypeGate: rubber_factory -> result=1 (впервые)
ProdTypeGate: explosives_factory -> result=0 (впервые)
ProdTypeGate: small_arms_factory -> result=0 (впервые)
ProdTypeGate: rubber_factory -> result=1 (впервые)
ProdTypeGate: explosives_factory -> result=0 (впервые)
ProdTypeGate: small_arms_factory -> result=0 (впервые)
ProdTypeGate: rubber_factory -> result=1 (впервые)
ProdTypeGate: explosives_factory -> result=0 (впервые)
ProdTypeGate: small_arms_factory -> result=0 (впервые)
ProdTypeGate: explosives_factory -> result=0 (впервые)
ProdTypeGate: small_arms_factory -> result=0 (впервые)
ProdTypeGate: explosives_factory -> result=0 (впервые)
ProdTypeGate: small_arms_factory -> result=0 (впервые)
ProdTypeGate: explosives_factory -> result=0 (впервые)
ProdTypeGate: rubber_factory -> result=1 (впервые)
ProdTypeGate: explosives_factory -> result=0 (впервые)
ProdTypeGate: small_arms_factory -> result=0 (впервые)
ProdTypeGate: rubber_factory -> result=1 (впервые)
ProdTypeGate: explosives_factory -> result=0 (впервые)
ProdTypeGate: small_arms_factory -> result=0 (впервые)
ProdTypeGate: rubber_factory -> result=1 (впервые)
ProdTypeGate: explosives_factory -> result=0 (впервые)
ProdTypeGate: small_arms_factory -> result=0 (впервые)
ProdTypeGate: rubber_factory -> result=1 (впервые)
ProdTypeGate: explosives_factory -> result=0 (впервые)
ProdTypeGate: small_arms_factory -> result=0 (впервые)
ProdTypeGate: rubber_factory -> result=1 (впервые)
ProdTypeGate: explosives_factory -> result=0 (впервые)
ProdTypeGate: small_arms_factory -> result=0 (впервые)
ProdTypeGate: explosives_factory -> result=0 (впервые)
ProdTypeGate: small_arms_factory -> result=0 (впервые)
ProdTypeGate: small_arms_factory -> result=0 (впервые)
ProdTypeGate: explosives_factory -> result=0 (впервые)
ProdTypeGate: rubber_factory -> result=1 (впервые)
ProdTypeGate: explosives_factory -> result=0 (впервые)
ProdTypeGate: small_arms_factory -> result=0 (впервые)
ProdTypeGate: rubber_factory -> result=1 (впервые)
ProdTypeGate: small_arms_factory -> result=0 (впервые)
ProdTypeGate: explosives_factory -> result=0 (впервые)
ProdTypeGate: small_arms_factory -> result=0 (впервые)
ProdTypeGate: explosives_factory -> result=0 (впервые)
ProdTypeGate: rubber_factory -> result=1 (впервые)
ProdTypeGate: explosives_factory -> result=0 (впервые)
ProdTypeGate: small_arms_factory -> result=0 (впервые)
ProdTypeGate: rubber_factory -> result=1 (впервые)
ProdTypeGate: small_arms_factory -> result=0 (впервые)
ProdTypeGate: rubber_factory -> result=1 (впервые)
ProdTypeGate: explosives_factory -> result=0 (впервые)
ProdTypeGate: small_arms_factory -> result=0 (впервые)
ProdTypeGate: telephone_factory -> result=0 (впервые)
ProdTypeGate: telephone_factory -> result=0 (впервые)
ProdTypeGate: telephone_factory -> result=0 (впервые)
ProdTypeGate: telephone_factory -> result=0 (впервые)
ProdTypeGate: telephone_factory -> result=0 (впервые)
ProdTypeGate: telephone_factory -> result=0 (впервые)
ProdTypeGate: telephone_factory -> result=0 (впервые)
ProdTypeGate: telephone_factory -> result=0 (впервые)
ProdTypeGate: telephone_factory -> result=0 (впервые)
ProdTypeGate: telephone_factory -> result=0 (впервые)
ProdTypeGate: telephone_factory -> result=0 (впервые)
ProdTypeGate: telephone_factory -> result=0 (впервые)
ProdTypeGate: telephone_factory -> result=0 (впервые)
ProdTypeGate: telephone_factory -> result=0 (впервые)
ProdTypeGate: telephone_factory -> result=0 (впервые)
ProdTypeGate: telephone_factory -> result=0 (впервые)
ProdTypeGate: telephone_factory -> result=0 (впервые)
ProdTypeGate: telephone_factory -> result=0 (впервые)
ProdTypeGate: telephone_factory -> result=0 (впервые)
ProdTypeGate: telephone_factory -> result=0 (впервые)
ProdTypeGate: telephone_factory -> result=0 (впервые)
ProdTypeGate: telephone_factory -> result=0 (впервые)
ProdTypeGate: telephone_factory -> result=0 (впервые)
ProdTypeGate: telephone_factory -> result=0 (впервые)
ProdTypeGate: telephone_factory -> result=0 (впервые)
ProdTypeGate: telephone_factory -> result=0 (впервые)
ProdTypeGate: telephone_factory -> result=0 (впервые)
ProdTypeGate: telephone_factory -> result=0 (впервые)
ProdTypeGate: small_arms_factory -> result=0 (впервые)
ProdTypeGate: explosives_factory -> result=0 (впервые)
ProdTypeGate: rubber_factory -> result=1 (впервые)
ProdTypeGate: explosives_factory -> result=0 (впервые)
ProdTypeGate: small_arms_factory -> result=0 (впервые)
ProdTypeGate: explosives_factory -> result=0 (впервые)
ProdTypeGate: small_arms_factory -> result=0 (впервые)
ProdTypeGate: explosives_factory -> result=0 (впервые)
ProdTypeGate: small_arms_factory -> result=0 (впервые)
ProdTypeGate: explosives_factory -> result=0 (впервые)
ProdTypeGate: explosives_factory -> result=0 (впервые)
ProdTypeGate: small_arms_factory -> result=0 (впервые)
ProdTypeGate: small_arms_factory -> result=0 (впервые)
ProdTypeGate: explosives_factory -> result=0 (впервые)
ProdTypeGate: rubber_factory -> result=1 (впервые)
ProdTypeGate: explosives_factory -> result=0 (впервые)
ProdTypeGate: small_arms_factory -> result=0 (впервые)
ProdTypeGate: explosives_factory -> result=0 (впервые)
ProdTypeGate: small_arms_factory -> result=0 (впервые)
ProdTypeGate: explosives_factory -> result=0 (впервые)
ProdTypeGate: small_arms_factory -> result=0 (впервые)
ProdTypeGate: explosives_factory -> result=0 (впервые)
ProdTypeGate: rubber_factory -> result=1 (впервые)
ProdTypeGate: explosives_factory -> result=0 (впервые)
ProdTypeGate: small_arms_factory -> result=0 (впервые)
ProdTypeGate: telephone_factory -> result=0 (впервые)
ProdTypeGate: telephone_factory -> result=0 (впервые)
ProdTypeGate: telephone_factory -> result=0 (впервые)
ProdTypeGate: telephone_factory -> result=0 (впервые)
ProdTypeGate: explosives_factory -> result=0 (впервые)
ProdTypeGate: explosives_factory -> result=0 (впервые)
ProdTypeGate: small_arms_factory -> result=0 (впервые)
ProdTypeGate: small_arms_factory -> result=0 (впервые)
ProdTypeGate: explosives_factory -> result=0 (впервые)
ProdTypeGate: explosives_factory -> result=0 (впервые)
ProdTypeGate: explosives_factory -> result=0 (впервые)
ProdTypeGate: rubber_factory -> result=1 (впервые)
ProdTypeGate: explosives_factory -> result=0 (впервые)
ProdTypeGate: small_arms_factory -> result=0 (впервые)
ProdTypeGate: rubber_factory -> result=1 (впервые)
ProdTypeGate: explosives_factory -> result=0 (впервые)
ProdTypeGate: small_arms_factory -> result=0 (впервые)
ProdTypeGate: explosives_factory -> result=0 (впервые)
ProdTypeGate: small_arms_factory -> result=0 (впервые)
ProdTypeGate: explosives_factory -> result=0 (впервые)
ProdTypeGate: small_arms_factory -> result=0 (впервые)
ProdTypeGate: small_arms_factory -> result=0 (впервые)
ProdTypeGate: small_arms_factory -> result=0 (впервые)
ProdTypeGate: explosives_factory -> result=0 (впервые)
ProdTypeGate: rubber_factory -> result=1 (впервые)
ProdTypeGate: explosives_factory -> result=0 (впервые)
ProdTypeGate: small_arms_factory -> result=0 (впервые)
ProdTypeGate: rubber_factory -> result=1 (впервые)
ProdTypeGate: explosives_factory -> result=0 (впервые)
ProdTypeGate: small_arms_factory -> result=0 (впервые)
ProdTypeGate: rubber_factory -> result=1 (впервые)
ProdTypeGate: explosives_factory -> result=0 (впервые)
ProdTypeGate: small_arms_factory -> result=0 (впервые)
ProdTypeGate: rubber_factory -> result=1 (впервые)
ProdTypeGate: small_arms_factory -> result=0 (впервые)
ProdTypeGate: explosives_factory -> result=0 (впервые)
ProdTypeGate: small_arms_factory -> result=0 (впервые)
ProdTypeGate: explosives_factory -> result=0 (впервые)
ProdTypeGate: automobile_factory -> result=0 (впервые)
ProdTypeGate: automobile_factory -> result=0 (впервые)
ProdTypeGate: automobile_factory -> result=0 (впервые)
ProdTypeGate: automobile_factory -> result=0 (впервые)
ProdTypeGate: automobile_factory -> result=0 (впервые)
ProdTypeGate: automobile_factory -> result=0 (впервые)
ProdTypeGate: automobile_factory -> result=0 (впервые)
ProdTypeGate: automobile_factory -> result=0 (впервые)
ProdTypeGate: automobile_factory -> result=0 (впервые)
ProdTypeGate: automobile_factory -> result=0 (впервые)
ProdTypeGate: automobile_factory -> result=0 (впервые)
ProdTypeGate: automobile_factory -> result=0 (впервые)
ProdTypeGate: automobile_factory -> result=0 (впервые)
ProdTypeGate: automobile_factory -> result=0 (впервые)
ProdTypeGate: automobile_factory -> result=0 (впервые)
ProdTypeGate: automobile_factory -> result=0 (впервые)
ProdTypeGate: automobile_factory -> result=0 (впервые)
ProdTypeGate: automobile_factory -> result=0 (впервые)
ProdTypeGate: automobile_factory -> result=0 (впервые)
ProdTypeGate: automobile_factory -> result=0 (впервые)
ProdTypeGate: automobile_factory -> result=0 (впервые)
ProdTypeGate: automobile_factory -> result=0 (впервые)
ProdTypeGate: automobile_factory -> result=0 (впервые)
ProdTypeGate: automobile_factory -> result=0 (впервые)
ProdTypeGate: automobile_factory -> result=0 (впервые)
ProdTypeGate: automobile_factory -> result=0 (впервые)
ProdTypeGate: automobile_factory -> result=0 (впервые)
ProdTypeGate: automobile_factory -> result=0 (впервые)
ProdTypeGate: automobile_factory -> result=0 (впервые)
ProdTypeGate: automobile_factory -> result=0 (впервые)
ProdTypeGate: automobile_factory -> result=0 (впервые)
ProdTypeGate: automobile_factory -> result=0 (впервые)
ProdTypeGate: automobile_factory -> result=0 (впервые)
ProdTypeGate: explosives_factory -> result=0 (впервые)
ProdTypeGate: small_arms_factory -> result=0 (впервые)
ProdTypeGate: small_arms_factory -> result=0 (впервые)
ProdTypeGate: explosives_factory -> result=0 (впервые)
ProdTypeGate: rubber_factory -> result=1 (впервые)
ProdTypeGate: explosives_factory -> result=0 (впервые)
ProdTypeGate: small_arms_factory -> result=0 (впервые)
ProdTypeGate: rubber_factory -> result=1 (впервые)
ProdTypeGate: explosives_factory -> result=0 (впервые)
ProdTypeGate: small_arms_factory -> result=0 (впервые)
ProdTypeGate: rubber_factory -> result=1 (впервые)
ProdTypeGate: explosives_factory -> result=0 (впервые)
ProdTypeGate: small_arms_factory -> result=0 (впервые)
ProdTypeGate: explosives_factory -> result=0 (впервые)
ProdTypeGate: small_arms_factory -> result=0 (впервые)
ProdTypeGate: rubber_factory -> result=1 (впервые)
ProdTypeGate: explosives_factory -> result=0 (впервые)
ProdTypeGate: small_arms_factory -> result=0 (впервые)
ProdTypeGate: rubber_factory -> result=1 (впервые)
ProdTypeGate: explosives_factory -> result=0 (впервые)
ProdTypeGate: small_arms_factory -> result=0 (впервые)
ProdTypeGate: rubber_factory -> result=1 (впервые)
ProdTypeGate: explosives_factory -> result=0 (впервые)
ProdTypeGate: small_arms_factory -> result=0 (впервые)
ProdTypeGate: rubber_factory -> result=1 (впервые)
ProdTypeGate: explosives_factory -> result=0 (впервые)
ProdTypeGate: small_arms_factory -> result=0 (впервые)
ProdTypeGate: rubber_factory -> result=1 (впервые)
ProdTypeGate: explosives_factory -> result=0 (впервые)
ProdTypeGate: small_arms_factory -> result=0 (впервые)
ProdTypeGate: explosives_factory -> result=0 (впервые)
ProdTypeGate: small_arms_factory -> result=0 (впервые)
ProdTypeGate: rubber_factory -> result=1 (впервые)
ProdTypeGate: small_arms_factory -> result=0 (впервые)
ProdTypeGate: rubber_factory -> result=1 (впервые)
ProdTypeGate: explosives_factory -> result=0 (впервые)
ProdTypeGate: small_arms_factory -> result=0 (впервые)
ProdTypeGate: explosives_factory -> result=0 (впервые)
ProdTypeGate: small_arms_factory -> result=0 (впервые)
ProdTypeGate: explosives_factory -> result=0 (впервые)
ProdTypeGate: explosives_factory -> result=0 (впервые)
ProdTypeGate: rubber_factory -> result=1 (впервые)
ProdTypeGate: explosives_factory -> result=0 (впервые)
ProdTypeGate: small_arms_factory -> result=0 (впервые)
ProdTypeGate: rubber_factory -> result=1 (впервые)
ProdTypeGate: explosives_factory -> result=0 (впервые)
ProdTypeGate: small_arms_factory -> result=0 (впервые)
ProdTypeGate: explosives_factory -> result=0 (впервые)
ProdTypeGate: small_arms_factory -> result=0 (впервые)
ProdTypeGate: rubber_factory -> result=1 (впервые)
ProdTypeGate: explosives_factory -> result=0 (впервые)
ProdTypeGate: small_arms_factory -> result=0 (впервые)
ProdTypeGate: explosives_factory -> result=0 (впервые)
ProdTypeGate: small_arms_factory -> result=0 (впервые)
ProdTypeGate: rubber_factory -> result=1 (впервые)
ProdTypeGate: explosives_factory -> result=0 (впервые)
ProdTypeGate: small_arms_factory -> result=0 (впервые)
ProdTypeGate: explosives_factory -> result=0 (впервые)
ProdTypeGate: small_arms_factory -> result=0 (впервые)
ProdTypeGate: explosives_factory -> result=0 (впервые)
ProdTypeGate: small_arms_factory -> result=0 (впервые)
ProdTypeGate: small_arms_factory -> result=0 (впервые)
ProdTypeGate: explosives_factory -> result=0 (впервые)
ProdTypeGate: rubber_factory -> result=1 (впервые)
ProdTypeGate: explosives_factory -> result=0 (впервые)
ProdTypeGate: small_arms_factory -> result=0 (впервые)
ProdTypeGate: rubber_factory -> result=1 (впервые)
ProdTypeGate: explosives_factory -> result=0 (впервые)
ProdTypeGate: small_arms_factory -> result=0 (впервые)
ProdTypeGate: explosives_factory -> result=0 (впервые)
ProdTypeGate: small_arms_factory -> result=0 (впервые)
ProdTypeGate: explosives_factory -> result=0 (впервые)
ProdTypeGate: explosives_factory -> result=0 (впервые)
ProdTypeGate: small_arms_factory -> result=0 (впервые)
ProdTypeGate: rubber_factory -> result=1 (впервые)
ProdTypeGate: explosives_factory -> result=0 (впервые)
ProdTypeGate: small_arms_factory -> result=0 (впервые)
ProdTypeGate: rubber_factory -> result=1 (впервые)
ProdTypeGate: explosives_factory -> result=0 (впервые)
ProdTypeGate: small_arms_factory -> result=0 (впервые)
ProdTypeGate: rubber_factory -> result=1 (впервые)
ProdTypeGate: explosives_factory -> result=0 (впервые)
ProdTypeGate: small_arms_factory -> result=0 (впервые)
ProdTypeGate: explosives_factory -> result=0 (впервые)
ProdTypeGate: small_arms_factory -> result=0 (впервые)
ProdTypeGate: automobile_factory -> result=0 (впервые)
ProdTypeGate: automobile_factory -> result=0 (впервые)
ProdTypeGate: automobile_factory -> result=0 (впервые)
ProdTypeGate: automobile_factory -> result=0 (впервые)
ProdTypeGate: automobile_factory -> result=0 (впервые)
ProdTypeGate: automobile_factory -> result=0 (впервые)
ProdTypeGate: automobile_factory -> result=0 (впервые)
ProdTypeGate: automobile_factory -> result=0 (впервые)
ProdTypeGate: automobile_factory -> result=0 (впервые)
ProdTypeGate: automobile_factory -> result=0 (впервые)
ProdTypeGate: automobile_factory -> result=0 (впервые)
ProdTypeGate: automobile_factory -> result=0 (впервые)
ProdTypeGate: automobile_factory -> result=0 (впервые)
ProdTypeGate: automobile_factory -> result=0 (впервые)
ProdTypeGate: automobile_factory -> result=0 (впервые)
ProdTypeGate: automobile_factory -> result=0 (впервые)
ProdTypeGate: automobile_factory -> result=0 (впервые)
ProdTypeGate: automobile_factory -> result=0 (впервые)
ProdTypeGate: automobile_factory -> result=0 (впервые)
ProdTypeGate: automobile_factory -> result=0 (впервые)
ProdTypeGate: automobile_factory -> result=0 (впервые)
ProdTypeGate: automobile_factory -> result=0 (впервые)
ProdTypeGate: automobile_factory -> result=0 (впервые)
ProdTypeGate: automobile_factory -> result=0 (впервые)
ProdTypeGate: automobile_factory -> result=0 (впервые)
ProdTypeGate: automobile_factory -> result=0 (впервые)
ProdTypeGate: automobile_factory -> result=0 (впервые)
ProdTypeGate: automobile_factory -> result=0 (впервые)
ProdTypeGate: automobile_factory -> result=0 (впервые)
ProdTypeGate: automobile_factory -> result=0 (впервые)
ProdTypeGate: automobile_factory -> result=0 (впервые)
ProdTypeGate: automobile_factory -> result=0 (впервые)
ProdTypeGate: telephone_factory -> result=0 (впервые)
ProdTypeGate: telephone_factory -> result=0 (впервые)
ProdTypeGate: telephone_factory -> result=0 (впервые)
ProdTypeGate: telephone_factory -> result=0 (впервые)
ProdTypeGate: automobile_factory -> result=0 (впервые)
ProdTypeGate: small_arms_factory -> result=0 (впервые)
ProdTypeGate: rubber_factory -> result=1 (впервые)
ProdTypeGate: explosives_factory -> result=0 (впервые)
ProdTypeGate: small_arms_factory -> result=0 (впервые)
ProdTypeGate: rubber_factory -> result=1 (впервые)
ProdTypeGate: explosives_factory -> result=0 (впервые)
ProdTypeGate: small_arms_factory -> result=0 (впервые)
ProdTypeGate: rubber_factory -> result=1 (впервые)
ProdTypeGate: explosives_factory -> result=0 (впервые)
ProdTypeGate: small_arms_factory -> result=0 (впервые)
ProdTypeGate: explosives_factory -> result=0 (впервые)
ProdTypeGate: small_arms_factory -> result=0 (впервые)
ProdTypeGate: automobile_factory -> result=0 (впервые)
ProdTypeGate: automobile_factory -> result=0 (впервые)
ProdTypeGate: automobile_factory -> result=0 (впервые)
ProdTypeGate: automobile_factory -> result=0 (впервые)
ProdTypeGate: automobile_factory -> result=0 (впервые)
ProdTypeGate: automobile_factory -> result=0 (впервые)
ProdTypeGate: automobile_factory -> result=0 (впервые)
ProdTypeGate: automobile_factory -> result=0 (впервые)
ProdTypeGate: automobile_factory -> result=0 (впервые)
ProdTypeGate: automobile_factory -> result=0 (впервые)
ProdTypeGate: automobile_factory -> result=0 (впервые)
ProdTypeGate: automobile_factory -> result=0 (впервые)
ProdTypeGate: automobile_factory -> result=0 (впервые)
ProdTypeGate: automobile_factory -> result=0 (впервые)
ProdTypeGate: automobile_factory -> result=0 (впервые)
ProdTypeGate: automobile_factory -> result=0 (впервые)
ProdTypeGate: automobile_factory -> result=0 (впервые)
ProdTypeGate: automobile_factory -> result=0 (впервые)
ProdTypeGate: automobile_factory -> result=0 (впервые)
ProdTypeGate: automobile_factory -> result=0 (впервые)
ProdTypeGate: automobile_factory -> result=0 (впервые)
ProdTypeGate: automobile_factory -> result=0 (впервые)
ProdTypeGate: automobile_factory -> result=0 (впервые)
ProdTypeGate: automobile_factory -> result=0 (впервые)
ProdTypeGate: automobile_factory -> result=0 (впервые)
ProdTypeGate: automobile_factory -> result=0 (впервые)
ProdTypeGate: automobile_factory -> result=0 (впервые)
ProdTypeGate: automobile_factory -> result=0 (впервые)
ProdTypeGate: automobile_factory -> result=0 (впервые)
ProdTypeGate: automobile_factory -> result=0 (впервые)
ProdTypeGate: automobile_factory -> result=0 (впервые)
ProdTypeGate: automobile_factory -> result=0 (впервые)
ProdTypeGate: automobile_factory -> result=0 (впервые)
ProdTypeGate: rubber_factory -> result=1 (впервые)
ProdTypeGate: explosives_factory -> result=0 (впервые)
ProdTypeGate: small_arms_factory -> result=0 (впервые)
ProdTypeGate: rubber_factory -> result=1 (впервые)
ProdTypeGate: explosives_factory -> result=0 (впервые)
ProdTypeGate: small_arms_factory -> result=0 (впервые)
ProdTypeGate: rubber_factory -> result=1 (впервые)
ProdTypeGate: explosives_factory -> result=0 (впервые)
ProdTypeGate: small_arms_factory -> result=0 (впервые)
ProdTypeGate: small_arms_factory -> result=0 (впервые)
ProdTypeGate: rubber_factory -> result=1 (впервые)
ProdTypeGate: explosives_factory -> result=0 (впервые)
ProdTypeGate: small_arms_factory -> result=0 (впервые)
ProdTypeGate: rubber_factory -> result=1 (впервые)
ProdTypeGate: explosives_factory -> result=0 (впервые)
ProdTypeGate: small_arms_factory -> result=0 (впервые)
ProdTypeGate: explosives_factory -> result=0 (впервые)
ProdTypeGate: small_arms_factory -> result=0 (впервые)
ProdTypeGate: explosives_factory -> result=0 (впервые)
ProdTypeGate: small_arms_factory -> result=0 (впервые)
ProdTypeGate: explosives_factory -> result=0 (впервые)
ProdTypeGate: small_arms_factory -> result=0 (впервые)
ProdTypeGate: rubber_factory -> result=1 (впервые)
ProdTypeGate: explosives_factory -> result=0 (впервые)
ProdTypeGate: small_arms_factory -> result=0 (впервые)
ProdTypeGate: explosives_factory -> result=0 (впервые)
ProdTypeGate: small_arms_factory -> result=0 (впервые)
ProdTypeGate: explosives_factory -> result=0 (впервые)
ProdTypeGate: rubber_factory -> result=1 (впервые)
ProdTypeGate: explosives_factory -> result=0 (впервые)
ProdTypeGate: small_arms_factory -> result=0 (впервые)
ProdTypeGate: rubber_factory -> result=1 (впервые)
ProdTypeGate: explosives_factory -> result=0 (впервые)
ProdTypeGate: small_arms_factory -> result=0 (впервые)
ProdTypeGate: rubber_factory -> result=1 (впервые)
ProdTypeGate: explosives_factory -> result=0 (впервые)
ProdTypeGate: small_arms_factory -> result=0 (впервые)
ProdTypeGate: rubber_factory -> result=1 (впервые)
ProdTypeGate: explosives_factory -> result=0 (впервые)
ProdTypeGate: small_arms_factory -> result=0 (впервые)
ProdTypeGate: explosives_factory -> result=0 (впервые)
ProdTypeGate: rubber_factory -> result=1 (впервые)
ProdTypeGate: explosives_factory -> result=0 (впервые)
ProdTypeGate: small_arms_factory -> result=0 (впервые)
ProdTypeGate: explosives_factory -> result=0 (впервые)
ProdTypeGate: small_arms_factory -> result=0 (впервые)
ProdTypeGate: small_arms_factory -> result=0 (впервые)
ProdTypeGate: rubber_factory -> result=1 (впервые)
ProdTypeGate: explosives_factory -> result=0 (впервые)
ProdTypeGate: small_arms_factory -> result=0 (впервые)
ProdTypeGate: rubber_factory -> result=1 (впервые)
ProdTypeGate: explosives_factory -> result=0 (впервые)
ProdTypeGate: small_arms_factory -> result=0 (впервые)
ProdTypeGate: rubber_factory -> result=1 (впервые)
ProdTypeGate: explosives_factory -> result=0 (впервые)
ProdTypeGate: small_arms_factory -> result=0 (впервые)
ProdTypeGate: explosives_factory -> result=0 (впервые)
ProdTypeGate: small_arms_factory -> result=0 (впервые)
ProdTypeGate: explosives_factory -> result=0 (впервые)
ProdTypeGate: small_arms_factory -> result=0 (впервые)
ProdTypeGate: telephone_factory -> result=0 (впервые)
ProdTypeGate: telephone_factory -> result=0 (впервые)
ProdTypeGate: telephone_factory -> result=0 (впервые)
ProdTypeGate: telephone_factory -> result=0 (впервые)
ProdTypeGate: telephone_factory -> result=0 (впервые)
ProdTypeGate: telephone_factory -> result=0 (впервые)
ProdTypeGate: telephone_factory -> result=0 (впервые)
ProdTypeGate: telephone_factory -> result=0 (впервые)
ProdTypeGate: telephone_factory -> result=0 (впервые)
ProdTypeGate: telephone_factory -> result=0 (впервые)
ProdTypeGate: telephone_factory -> result=0 (впервые)
ProdTypeGate: telephone_factory -> result=0 (впервые)
ProdTypeGate: telephone_factory -> result=0 (впервые)
ProdTypeGate: telephone_factory -> result=0 (впервые)
ProdTypeGate: telephone_factory -> result=0 (впервые)
ProdTypeGate: telephone_factory -> result=0 (впервые)
ProdTypeGate: telephone_factory -> result=0 (впервые)
ProdTypeGate: telephone_factory -> result=0 (впервые)
ProdTypeGate: telephone_factory -> result=0 (впервые)
ProdTypeGate: telephone_factory -> result=0 (впервые)
ProdTypeGate: telephone_factory -> result=0 (впервые)
ProdTypeGate: telephone_factory -> result=0 (впервые)
ProdTypeGate: telephone_factory -> result=0 (впервые)
ProdTypeGate: telephone_factory -> result=0 (впервые)
ProdTypeGate: telephone_factory -> result=0 (впервые)
ProdTypeGate: telephone_factory -> result=0 (впервые)
ProdTypeGate: telephone_factory -> result=0 (впервые)
ProdTypeGate: telephone_factory -> result=0 (впервые)
ProdTypeGate: explosives_factory -> result=0 (впервые)
ProdTypeGate: rubber_factory -> result=1 (впервые)
ProdTypeGate: explosives_factory -> result=0 (впервые)
ProdTypeGate: small_arms_factory -> result=0 (впервые)
ProdTypeGate: rubber_factory -> result=1 (впервые)
ProdTypeGate: explosives_factory -> result=0 (впервые)
ProdTypeGate: small_arms_factory -> result=0 (впервые)
ProdTypeGate: rubber_factory -> result=1 (впервые)
ProdTypeGate: explosives_factory -> result=0 (впервые)
ProdTypeGate: small_arms_factory -> result=0 (впервые)
ProdTypeGate: explosives_factory -> result=0 (впервые)
ProdTypeGate: small_arms_factory -> result=0 (впервые)
ProdTypeGate: small_arms_factory -> result=0 (впервые)
ProdTypeGate: explosives_factory -> result=0 (впервые)
ProdTypeGate: small_arms_factory -> result=0 (впервые)
ProdTypeGate: explosives_factory -> result=0 (впервые)
ProdTypeGate: small_arms_factory -> result=0 (впервые)
ProdTypeGate: rubber_factory -> result=1 (впервые)
ProdTypeGate: explosives_factory -> result=0 (впервые)
ProdTypeGate: small_arms_factory -> result=0 (впервые)
ProdTypeGate: rubber_factory -> result=1 (впервые)
ProdTypeGate: explosives_factory -> result=0 (впервые)
ProdTypeGate: small_arms_factory -> result=0 (впервые)
ProdTypeGate: rubber_factory -> result=1 (впервые)
ProdTypeGate: explosives_factory -> result=0 (впервые)
ProdTypeGate: small_arms_factory -> result=0 (впервые)
ProdTypeGate: rubber_factory -> result=1 (впервые)
ProdTypeGate: explosives_factory -> result=0 (впервые)
ProdTypeGate: small_arms_factory -> result=0 (впервые)
ProdTypeGate: rubber_factory -> result=1 (впервые)
ProdTypeGate: explosives_factory -> result=0 (впервые)
ProdTypeGate: small_arms_factory -> result=0 (впервые)
ProdTypeGate: rubber_factory -> result=1 (впервые)
ProdTypeGate: explosives_factory -> result=0 (впервые)
ProdTypeGate: small_arms_factory -> result=0 (впервые)
ProdTypeGate: rubber_factory -> result=1 (впервые)
ProdTypeGate: explosives_factory -> result=0 (впервые)
ProdTypeGate: small_arms_factory -> result=0 (впервые)
ProdTypeGate: explosives_factory -> result=0 (впервые)
ProdTypeGate: small_arms_factory -> result=0 (впервые)
ProdTypeGate: explosives_factory -> result=0 (впервые)
ProdTypeGate: small_arms_factory -> result=0 (впервые)
ProdTypeGate: rubber_factory -> result=1 (впервые)
ProdTypeGate: explosives_factory -> result=0 (впервые)
ProdTypeGate: small_arms_factory -> result=0 (впервые)
ProdTypeGate: rubber_factory -> result=1 (впервые)
ProdTypeGate: small_arms_factory -> result=0 (впервые)
ProdTypeGate: explosives_factory -> result=0 (впервые)
ProdTypeGate: small_arms_factory -> result=0 (впервые)
ProdTypeGate: automobile_factory -> result=0 (впервые)
ProdTypeGate: automobile_factory -> result=0 (впервые)
ProdTypeGate: automobile_factory -> result=0 (впервые)
ProdTypeGate: automobile_factory -> result=0 (впервые)
ProdTypeGate: automobile_factory -> result=0 (впервые)
ProdTypeGate: automobile_factory -> result=0 (впервые)
ProdTypeGate: automobile_factory -> result=0 (впервые)
ProdTypeGate: automobile_factory -> result=0 (впервые)
ProdTypeGate: automobile_factory -> result=0 (впервые)
ProdTypeGate: automobile_factory -> result=0 (впервые)
ProdTypeGate: automobile_factory -> result=0 (впервые)
ProdTypeGate: automobile_factory -> result=0 (впервые)
ProdTypeGate: automobile_factory -> result=0 (впервые)
ProdTypeGate: automobile_factory -> result=0 (впервые)
ProdTypeGate: automobile_factory -> result=0 (впервые)
ProdTypeGate: automobile_factory -> result=0 (впервые)
ProdTypeGate: automobile_factory -> result=0 (впервые)
ProdTypeGate: automobile_factory -> result=0 (впервые)
ProdTypeGate: automobile_factory -> result=0 (впервые)
ProdTypeGate: automobile_factory -> result=0 (впервые)
ProdTypeGate: automobile_factory -> result=0 (впервые)
ProdTypeGate: automobile_factory -> result=0 (впервые)
ProdTypeGate: automobile_factory -> result=0 (впервые)
ProdTypeGate: automobile_factory -> result=0 (впервые)
ProdTypeGate: automobile_factory -> result=0 (впервые)
ProdTypeGate: automobile_factory -> result=0 (впервые)
ProdTypeGate: automobile_factory -> result=0 (впервые)
ProdTypeGate: automobile_factory -> result=0 (впервые)
ProdTypeGate: automobile_factory -> result=0 (впервые)
ProdTypeGate: automobile_factory -> result=0 (впервые)
ProdTypeGate: automobile_factory -> result=0 (впервые)
ProdTypeGate: automobile_factory -> result=0 (впервые)
ProdTypeGate: automobile_factory -> result=0 (впервые)
ProdTypeGate: rubber_factory -> result=1 (впервые)
ProdTypeGate: small_arms_factory -> result=0 (впервые)
ProdTypeGate: explosives_factory -> result=0 (впервые)
ProdTypeGate: small_arms_factory -> result=0 (впервые)
ProdTypeGate: explosives_factory -> result=0 (впервые)
ProdTypeGate: explosives_factory -> result=0 (впервые)
ProdTypeGate: rubber_factory -> result=1 (впервые)
ProdTypeGate: explosives_factory -> result=0 (впервые)
ProdTypeGate: small_arms_factory -> result=0 (впервые)
ProdTypeGate: explosives_factory -> result=0 (впервые)
ProdTypeGate: small_arms_factory -> result=0 (впервые)
ProdTypeGate: rubber_factory -> result=1 (впервые)
ProdTypeGate: explosives_factory -> result=0 (впервые)
ProdTypeGate: small_arms_factory -> result=0 (впервые)
ProdTypeGate: rubber_factory -> result=1 (впервые)
ProdTypeGate: explosives_factory -> result=0 (впервые)
ProdTypeGate: small_arms_factory -> result=0 (впервые)
ProdTypeGate: rubber_factory -> result=1 (впервые)
ProdTypeGate: small_arms_factory -> result=0 (впервые)
ProdTypeGate: explosives_factory -> result=0 (впервые)
ProdTypeGate: small_arms_factory -> result=0 (впервые)
ProdTypeGate: rubber_factory -> result=1 (впервые)
ProdTypeGate: explosives_factory -> result=0 (впервые)
ProdTypeGate: small_arms_factory -> result=0 (впервые)
ProdTypeGate: rubber_factory -> result=1 (впервые)
ProdTypeGate: explosives_factory -> result=0 (впервые)
ProdTypeGate: small_arms_factory -> result=0 (впервые)
ProdTypeGate: explosives_factory -> result=0 (впервые)
ProdTypeGate: small_arms_factory -> result=0 (впервые)
ProdTypeGate: rubber_factory -> result=1 (впервые)
ProdTypeGate: explosives_factory -> result=0 (впервые)
ProdTypeGate: small_arms_factory -> result=0 (впервые)
ProdTypeGate: rubber_factory -> result=1 (впервые)
ProdTypeGate: explosives_factory -> result=0 (впервые)
ProdTypeGate: small_arms_factory -> result=0 (впервые)
ProdTypeGate: rubber_factory -> result=1 (впервые)
ProdTypeGate: explosives_factory -> result=0 (впервые)
ProdTypeGate: small_arms_factory -> result=0 (впервые)
ProdTypeGate: explosives_factory -> result=0 (впервые)
ProdTypeGate: small_arms_factory -> result=0 (впервые)
ProdTypeGate: explosives_factory -> result=0 (впервые)
ProdTypeGate: rubber_factory -> result=1 (впервые)
ProdTypeGate: explosives_factory -> result=0 (впервые)
ProdTypeGate: small_arms_factory -> result=0 (впервые)
ProdTypeGate: explosives_factory -> result=0 (впервые)
ProdTypeGate: small_arms_factory -> result=0 (впервые)
ProdTypeGate: explosives_factory -> result=0 (впервые)
ProdTypeGate: small_arms_factory -> result=0 (впервые)
ProdTypeGate: automobile_factory -> result=0 (впервые)
ProdTypeGate: automobile_factory -> result=0 (впервые)
ProdTypeGate: automobile_factory -> result=0 (впервые)
ProdTypeGate: automobile_factory -> result=0 (впервые)
ProdTypeGate: automobile_factory -> result=0 (впервые)
ProdTypeGate: automobile_factory -> result=0 (впервые)
ProdTypeGate: automobile_factory -> result=0 (впервые)
ProdTypeGate: automobile_factory -> result=0 (впервые)
ProdTypeGate: automobile_factory -> result=0 (впервые)
ProdTypeGate: automobile_factory -> result=0 (впервые)
ProdTypeGate: automobile_factory -> result=0 (впервые)
ProdTypeGate: automobile_factory -> result=0 (впервые)
ProdTypeGate: automobile_factory -> result=0 (впервые)
ProdTypeGate: automobile_factory -> result=0 (впервые)
ProdTypeGate: automobile_factory -> result=0 (впервые)
ProdTypeGate: explosives_factory -> result=0 (впервые)
ProdTypeGate: small_arms_factory -> result=0 (впервые)
ProdTypeGate: explosives_factory -> result=0 (впервые)
ProdTypeGate: small_arms_factory -> result=0 (впервые)
ProdTypeGate: automobile_factory -> result=0 (впервые)
ProdTypeGate: automobile_factory -> result=0 (впервые)
ProdTypeGate: automobile_factory -> result=0 (впервые)
ProdTypeGate: automobile_factory -> result=0 (впервые)
ProdTypeGate: automobile_factory -> result=0 (впервые)
ProdTypeGate: automobile_factory -> result=0 (впервые)
ProdTypeGate: automobile_factory -> result=0 (впервые)
ProdTypeGate: automobile_factory -> result=0 (впервые)
ProdTypeGate: automobile_factory -> result=0 (впервые)
ProdTypeGate: automobile_factory -> result=0 (впервые)
ProdTypeGate: automobile_factory -> result=0 (впервые)
ProdTypeGate: automobile_factory -> result=0 (впервые)
ProdTypeGate: automobile_factory -> result=0 (впервые)
ProdTypeGate: automobile_factory -> result=0 (впервые)
ProdTypeGate: automobile_factory -> result=0 (впервые)
ProdTypeGate: automobile_factory -> result=0 (впервые)
ProdTypeGate: automobile_factory -> result=0 (впервые)
ProdTypeGate: automobile_factory -> result=0 (впервые)
ProdTypeGate: automobile_factory -> result=0 (впервые)
ProdTypeGate: automobile_factory -> result=0 (впервые)
ProdTypeGate: automobile_factory -> result=0 (впервые)
ProdTypeGate: automobile_factory -> result=0 (впервые)
ProdTypeGate: automobile_factory -> result=0 (впервые)
ProdTypeGate: automobile_factory -> result=0 (впервые)
ProdTypeGate: automobile_factory -> result=0 (впервые)
ProdTypeGate: automobile_factory -> result=0 (впервые)
ProdTypeGate: automobile_factory -> result=0 (впервые)
ProdTypeGate: automobile_factory -> result=0 (впервые)
ProdTypeGate: automobile_factory -> result=0 (впервые)
ProdTypeGate: automobile_factory -> result=0 (впервые)
ProdTypeGate: automobile_factory -> result=0 (впервые)
ProdTypeGate: automobile_factory -> result=0 (впервые)
ProdTypeGate: telephone_factory -> result=0 (впервые)
ProdTypeGate: telephone_factory -> result=0 (впервые)
ProdTypeGate: telephone_factory -> result=0 (впервые)
ProdTypeGate: telephone_factory -> result=0 (впервые)
ProdTypeGate: automobile_factory -> result=0 (впервые)
ProdTypeGate: rubber_factory -> result=1 (впервые)
ProdTypeGate: explosives_factory -> result=0 (впервые)
ProdTypeGate: small_arms_factory -> result=0 (впервые)
ProdTypeGate: rubber_factory -> result=1 (впервые)
ProdTypeGate: explosives_factory -> result=0 (впервые)
ProdTypeGate: small_arms_factory -> result=0 (впервые)
ProdTypeGate: explosives_factory -> result=0 (впервые)
ProdTypeGate: small_arms_factory -> result=0 (впервые)
ProdTypeGate: explosives_factory -> result=0 (впервые)
ProdTypeGate: rubber_factory -> result=1 (впервые)
ProdTypeGate: explosives_factory -> result=0 (впервые)
ProdTypeGate: small_arms_factory -> result=0 (впервые)
ProdTypeGate: rubber_factory -> result=1 (впервые)
ProdTypeGate: explosives_factory -> result=0 (впервые)
ProdTypeGate: small_arms_factory -> result=0 (впервые)
ProdTypeGate: rubber_factory -> result=1 (впервые)
ProdTypeGate: small_arms_factory -> result=0 (впервые)
ProdTypeGate: rubber_factory -> result=1 (впервые)
ProdTypeGate: explosives_factory -> result=0 (впервые)
ProdTypeGate: small_arms_factory -> result=0 (впервые)
ProdTypeGate: explosives_factory -> result=0 (впервые)
ProdTypeGate: small_arms_factory -> result=0 (впервые)
ProdTypeGate: explosives_factory -> result=0 (впервые)
ProdTypeGate: small_arms_factory -> result=0 (впервые)
ProdTypeGate: automobile_factory -> result=0 (впервые)
ProdTypeGate: automobile_factory -> result=0 (впервые)
ProdTypeGate: automobile_factory -> result=0 (впервые)
ProdTypeGate: automobile_factory -> result=0 (впервые)
ProdTypeGate: automobile_factory -> result=0 (впервые)
ProdTypeGate: automobile_factory -> result=0 (впервые)
ProdTypeGate: automobile_factory -> result=0 (впервые)
ProdTypeGate: automobile_factory -> result=0 (впервые)
ProdTypeGate: automobile_factory -> result=0 (впервые)
ProdTypeGate: automobile_factory -> result=0 (впервые)
ProdTypeGate: automobile_factory -> result=0 (впервые)
ProdTypeGate: automobile_factory -> result=0 (впервые)
ProdTypeGate: automobile_factory -> result=0 (впервые)
ProdTypeGate: automobile_factory -> result=0 (впервые)
ProdTypeGate: automobile_factory -> result=0 (впервые)
ProdTypeGate: automobile_factory -> result=0 (впервые)
ProdTypeGate: automobile_factory -> result=0 (впервые)
ProdTypeGate: automobile_factory -> result=0 (впервые)
ProdTypeGate: automobile_factory -> result=0 (впервые)
ProdTypeGate: automobile_factory -> result=0 (впервые)
ProdTypeGate: automobile_factory -> result=0 (впервые)
ProdTypeGate: automobile_factory -> result=0 (впервые)
ProdTypeGate: automobile_factory -> result=0 (впервые)
ProdTypeGate: automobile_factory -> result=0 (впервые)
ProdTypeGate: automobile_factory -> result=0 (впервые)
ProdTypeGate: automobile_factory -> result=0 (впервые)
ProdTypeGate: automobile_factory -> result=0 (впервые)
ProdTypeGate: automobile_factory -> result=0 (впервые)
ProdTypeGate: automobile_factory -> result=0 (впервые)
ProdTypeGate: automobile_factory -> result=0 (впервые)
ProdTypeGate: automobile_factory -> result=0 (впервые)
ProdTypeGate: automobile_factory -> result=0 (впервые)
ProdTypeGate: automobile_factory -> result=0 (впервые)
ProdTypeGate: rubber_factory -> result=1 (впервые)
ProdTypeGate: explosives_factory -> result=0 (впервые)
ProdTypeGate: small_arms_factory -> result=0 (впервые)
ProdTypeGate: explosives_factory -> result=0 (впервые)
ProdTypeGate: small_arms_factory -> result=0 (впервые)
ProdTypeGate: rubber_factory -> result=1 (впервые)
ProdTypeGate: explosives_factory -> result=0 (впервые)
ProdTypeGate: small_arms_factory -> result=0 (впервые)
ProdTypeGate: explosives_factory -> result=0 (впервые)
ProdTypeGate: explosives_factory -> result=0 (впервые)
ProdTypeGate: small_arms_factory -> result=0 (впервые)
ProdTypeGate: rubber_factory -> result=1 (впервые)
ProdTypeGate: explosives_factory -> result=0 (впервые)
ProdTypeGate: small_arms_factory -> result=0 (впервые)
ProdTypeGate: rubber_factory -> result=1 (впервые)
ProdTypeGate: explosives_factory -> result=0 (впервые)
ProdTypeGate: small_arms_factory -> result=0 (впервые)
ProdTypeGate: rubber_factory -> result=1 (впервые)
ProdTypeGate: explosives_factory -> result=0 (впервые)
ProdTypeGate: small_arms_factory -> result=0 (впервые)
ProdTypeGate: rubber_factory -> result=1 (впервые)
ProdTypeGate: explosives_factory -> result=0 (впервые)
ProdTypeGate: small_arms_factory -> result=0 (впервые)
ProdTypeGate: rubber_factory -> result=1 (впервые)
ProdTypeGate: explosives_factory -> result=0 (впервые)
ProdTypeGate: small_arms_factory -> result=0 (впервые)
ProdTypeGate: explosives_factory -> result=0 (впервые)
ProdTypeGate: small_arms_factory -> result=0 (впервые)
ProdTypeGate: rubber_factory -> result=1 (впервые)
ProdTypeGate: explosives_factory -> result=0 (впервые)
ProdTypeGate: small_arms_factory -> result=0 (впервые)
ProdTypeGate: rubber_factory -> result=1 (впервые)
ProdTypeGate: explosives_factory -> result=0 (впервые)
ProdTypeGate: small_arms_factory -> result=0 (впервые)
ProdTypeGate: rubber_factory -> result=1 (впервые)
ProdTypeGate: explosives_factory -> result=0 (впервые)
ProdTypeGate: small_arms_factory -> result=0 (впервые)
ProdTypeGate: rubber_factory -> result=1 (впервые)
ProdTypeGate: explosives_factory -> result=0 (впервые)
ProdTypeGate: small_arms_factory -> result=0 (впервые)
ProdTypeGate: explosives_factory -> result=0 (впервые)
ProdTypeGate: small_arms_factory -> result=0 (впервые)
ProdTypeGate: explosives_factory -> result=0 (впервые)
ProdTypeGate: small_arms_factory -> result=0 (впервые)
ProdTypeGate: rubber_factory -> result=1 (впервые)
ProdTypeGate: telephone_factory -> result=0 (впервые)
ProdTypeGate: electric_gear_factory -> result=0 (впервые)
ProdTypeGate: small_arms_factory -> result=0 (впервые)
ProdTypeGate: rubber_factory -> result=1 (впервые)
ProdTypeGate: explosives_factory -> result=0 (впервые)
ProdTypeGate: small_arms_factory -> result=0 (впервые)
ProdTypeGate: explosives_factory -> result=0 (впервые)
ProdTypeGate: small_arms_factory -> result=0 (впервые)
ProdTypeGate: explosives_factory -> result=0 (впервые)
ProdTypeGate: small_arms_factory -> result=0 (впервые)
ProdTypeGate: telephone_factory -> result=0 (впервые)
ProdTypeGate: telephone_factory -> result=0 (впервые)
ProdTypeGate: telephone_factory -> result=0 (впервые)
ProdTypeGate: telephone_factory -> result=0 (впервые)
ProdTypeGate: telephone_factory -> result=0 (впервые)
ProdTypeGate: telephone_factory -> result=0 (впервые)
ProdTypeGate: telephone_factory -> result=0 (впервые)
ProdTypeGate: telephone_factory -> result=0 (впервые)
ProdTypeGate: telephone_factory -> result=0 (впервые)
ProdTypeGate: telephone_factory -> result=0 (впервые)
ProdTypeGate: telephone_factory -> result=0 (впервые)
ProdTypeGate: telephone_factory -> result=0 (впервые)
ProdTypeGate: telephone_factory -> result=0 (впервые)
ProdTypeGate: telephone_factory -> result=0 (впервые)
ProdTypeGate: telephone_factory -> result=0 (впервые)
ProdTypeGate: telephone_factory -> result=0 (впервые)
ProdTypeGate: telephone_factory -> result=0 (впервые)
ProdTypeGate: telephone_factory -> result=0 (впервые)
ProdTypeGate: telephone_factory -> result=0 (впервые)
ProdTypeGate: telephone_factory -> result=0 (впервые)
ProdTypeGate: telephone_factory -> result=0 (впервые)
ProdTypeGate: telephone_factory -> result=0 (впервые)
ProdTypeGate: telephone_factory -> result=0 (впервые)
ProdTypeGate: telephone_factory -> result=0 (впервые)
ProdTypeGate: telephone_factory -> result=0 (впервые)
ProdTypeGate: telephone_factory -> result=0 (впервые)
ProdTypeGate: telephone_factory -> result=0 (впервые)
ProdTypeGate: telephone_factory -> result=0 (впервые)
ProdTypeGate: rubber_factory -> result=1 (впервые)
ProdTypeGate: explosives_factory -> result=0 (впервые)
ProdTypeGate: small_arms_factory -> result=0 (впервые)
ProdTypeGate: explosives_factory -> result=0 (впервые)
ProdTypeGate: small_arms_factory -> result=0 (впервые)
ProdTypeGate: explosives_factory -> result=0 (впервые)
ProdTypeGate: small_arms_factory -> result=0 (впервые)
ProdTypeGate: rubber_factory -> result=1 (впервые)
ProdTypeGate: explosives_factory -> result=0 (впервые)
ProdTypeGate: small_arms_factory -> result=0 (впервые)
ProdTypeGate: explosives_factory -> result=0 (впервые)
ProdTypeGate: small_arms_factory -> result=0 (впервые)
ProdTypeGate: explosives_factory -> result=0 (впервые)
ProdTypeGate: small_arms_factory -> result=0 (впервые)
ProdTypeGate: rubber_factory -> result=1 (впервые)
ProdTypeGate: telephone_factory -> result=0 (впервые)
ProdTypeGate: electric_gear_factory -> result=0 (впервые)
ProdTypeGate: small_arms_factory -> result=0 (впервые)
ProdTypeGate: rubber_factory -> result=1 (впервые)
ProdTypeGate: small_arms_factory -> result=0 (впервые)
ProdTypeGate: rubber_factory -> result=1 (впервые)
ProdTypeGate: explosives_factory -> result=0 (впервые)
ProdTypeGate: small_arms_factory -> result=0 (впервые)
ProdTypeGate: rubber_factory -> result=1 (впервые)
ProdTypeGate: explosives_factory -> result=0 (впервые)
ProdTypeGate: small_arms_factory -> result=0 (впервые)
ProdTypeGate: rubber_factory -> result=1 (впервые)
ProdTypeGate: explosives_factory -> result=0 (впервые)
ProdTypeGate: small_arms_factory -> result=0 (впервые)
ProdTypeGate: explosives_factory -> result=0 (впервые)
ProdTypeGate: small_arms_factory -> result=0 (впервые)
ProdTypeGate: rubber_factory -> result=1 (впервые)
ProdTypeGate: explosives_factory -> result=0 (впервые)
ProdTypeGate: small_arms_factory -> result=0 (впервые)
ProdTypeGate: rubber_factory -> result=1 (впервые)
ProdTypeGate: explosives_factory -> result=0 (впервые)
ProdTypeGate: small_arms_factory -> result=0 (впервые)
ProdTypeGate: rubber_factory -> result=1 (впервые)
ProdTypeGate: small_arms_factory -> result=0 (впервые)
ProdTypeGate: rubber_factory -> result=1 (впервые)
ProdTypeGate: explosives_factory -> result=0 (впервые)
ProdTypeGate: small_arms_factory -> result=0 (впервые)
ProdTypeGate: explosives_factory -> result=0 (впервые)
ProdTypeGate: small_arms_factory -> result=0 (впервые)
ProdTypeGate: rubber_factory -> result=1 (впервые)
ProdTypeGate: explosives_factory -> result=0 (впервые)
ProdTypeGate: small_arms_factory -> result=0 (впервые)
ProdTypeGate: rubber_factory -> result=1 (впервые)
ProdTypeGate: explosives_factory -> result=0 (впервые)
ProdTypeGate: small_arms_factory -> result=0 (впервые)
ProdTypeGate: rubber_factory -> result=1 (впервые)
ProdTypeGate: small_arms_factory -> result=0 (впервые)
ProdTypeGate: rubber_factory -> result=1 (впервые)
ProdTypeGate: explosives_factory -> result=0 (впервые)
ProdTypeGate: small_arms_factory -> result=0 (впервые)
ProdTypeGate: explosives_factory -> result=0 (впервые)
ProdTypeGate: small_arms_factory -> result=0 (впервые)
ProdTypeGate: explosives_factory -> result=0 (впервые)
ProdTypeGate: small_arms_factory -> result=0 (впервые)
ProdTypeGate: automobile_factory -> result=0 (впервые)
ProdTypeGate: automobile_factory -> result=0 (впервые)
ProdTypeGate: automobile_factory -> result=0 (впервые)
ProdTypeGate: automobile_factory -> result=0 (впервые)
ProdTypeGate: automobile_factory -> result=0 (впервые)
ProdTypeGate: automobile_factory -> result=0 (впервые)
ProdTypeGate: automobile_factory -> result=0 (впервые)
ProdTypeGate: automobile_factory -> result=0 (впервые)
ProdTypeGate: automobile_factory -> result=0 (впервые)
ProdTypeGate: automobile_factory -> result=0 (впервые)
ProdTypeGate: automobile_factory -> result=0 (впервые)
ProdTypeGate: automobile_factory -> result=0 (впервые)
ProdTypeGate: automobile_factory -> result=0 (впервые)
ProdTypeGate: automobile_factory -> result=0 (впервые)
ProdTypeGate: automobile_factory -> result=0 (впервые)
ProdTypeGate: automobile_factory -> result=0 (впервые)
ProdTypeGate: automobile_factory -> result=0 (впервые)
ProdTypeGate: automobile_factory -> result=0 (впервые)
ProdTypeGate: automobile_factory -> result=0 (впервые)
ProdTypeGate: automobile_factory -> result=0 (впервые)
ProdTypeGate: automobile_factory -> result=0 (впервые)
ProdTypeGate: automobile_factory -> result=0 (впервые)
ProdTypeGate: automobile_factory -> result=0 (впервые)
ProdTypeGate: automobile_factory -> result=0 (впервые)
ProdTypeGate: automobile_factory -> result=0 (впервые)
ProdTypeGate: automobile_factory -> result=0 (впервые)
ProdTypeGate: automobile_factory -> result=0 (впервые)
ProdTypeGate: automobile_factory -> result=0 (впервые)
ProdTypeGate: automobile_factory -> result=0 (впервые)
ProdTypeGate: automobile_factory -> result=0 (впервые)
ProdTypeGate: automobile_factory -> result=0 (впервые)
ProdTypeGate: automobile_factory -> result=0 (впервые)
ProdTypeGate: automobile_factory -> result=0 (впервые)
ProdTypeGate: rubber_factory -> result=1 (впервые)
ProdTypeGate: small_arms_factory -> result=0 (впервые)
ProdTypeGate: rubber_factory -> result=1 (впервые)
ProdTypeGate: explosives_factory -> result=0 (впервые)
ProdTypeGate: small_arms_factory -> result=0 (впервые)
ProdTypeGate: rubber_factory -> result=1 (впервые)
ProdTypeGate: explosives_factory -> result=0 (впервые)
ProdTypeGate: small_arms_factory -> result=0 (впервые)
ProdTypeGate: rubber_factory -> result=1 (впервые)
ProdTypeGate: explosives_factory -> result=0 (впервые)
ProdTypeGate: small_arms_factory -> result=0 (впервые)
ProdTypeGate: explosives_factory -> result=0 (впервые)
ProdTypeGate: small_arms_factory -> result=0 (впервые)
ProdTypeGate: explosives_factory -> result=0 (впервые)
ProdTypeGate: rubber_factory -> result=1 (впервые)
ProdTypeGate: explosives_factory -> result=0 (впервые)
ProdTypeGate: small_arms_factory -> result=0 (впервые)
ProdTypeGate: rubber_factory -> result=1 (впервые)
ProdTypeGate: explosives_factory -> result=0 (впервые)
ProdTypeGate: small_arms_factory -> result=0 (впервые)
ProdTypeGate: rubber_factory -> result=1 (впервые)
ProdTypeGate: explosives_factory -> result=0 (впервые)
ProdTypeGate: small_arms_factory -> result=0 (впервые)
ProdTypeGate: rubber_factory -> result=1 (впервые)
ProdTypeGate: explosives_factory -> result=0 (впервые)
ProdTypeGate: small_arms_factory -> result=0 (впервые)
ProdTypeGate: explosives_factory -> result=0 (впервые)
ProdTypeGate: small_arms_factory -> result=0 (впервые)
ProdTypeGate: rubber_factory -> result=1 (впервые)
ProdTypeGate: explosives_factory -> result=0 (впервые)
ProdTypeGate: small_arms_factory -> result=0 (впервые)
ProdTypeGate: explosives_factory -> result=0 (впервые)
ProdTypeGate: automobile_factory -> result=0 (впервые)
ProdTypeGate: automobile_factory -> result=0 (впервые)
ProdTypeGate: automobile_factory -> result=0 (впервые)
ProdTypeGate: automobile_factory -> result=0 (впервые)
ProdTypeGate: automobile_factory -> result=0 (впервые)
ProdTypeGate: automobile_factory -> result=0 (впервые)
ProdTypeGate: automobile_factory -> result=0 (впервые)
ProdTypeGate: automobile_factory -> result=0 (впервые)
ProdTypeGate: automobile_factory -> result=0 (впервые)
ProdTypeGate: automobile_factory -> result=0 (впервые)
ProdTypeGate: automobile_factory -> result=0 (впервые)
ProdTypeGate: automobile_factory -> result=0 (впервые)
ProdTypeGate: automobile_factory -> result=0 (впервые)
ProdTypeGate: automobile_factory -> result=0 (впервые)
ProdTypeGate: automobile_factory -> result=0 (впервые)
ProdTypeGate: rubber_factory -> result=1 (впервые)
ProdTypeGate: explosives_factory -> result=0 (впервые)
ProdTypeGate: small_arms_factory -> result=0 (впервые)
ProdTypeGate: rubber_factory -> result=1 (впервые)
ProdTypeGate: explosives_factory -> result=0 (впервые)
ProdTypeGate: small_arms_factory -> result=0 (впервые)
ProdTypeGate: explosives_factory -> result=0 (впервые)
ProdTypeGate: small_arms_factory -> result=0 (впервые)
ProdTypeGate: rubber_factory -> result=1 (впервые)
ProdTypeGate: explosives_factory -> result=0 (впервые)
ProdTypeGate: small_arms_factory -> result=0 (впервые)
ProdTypeGate: telephone_factory -> result=0 (впервые)
ProdTypeGate: telephone_factory -> result=0 (впервые)
ProdTypeGate: telephone_factory -> result=0 (впервые)
ProdTypeGate: telephone_factory -> result=0 (впервые)
ProdTypeGate: rubber_factory -> result=1 (впервые)
ProdTypeGate: explosives_factory -> result=0 (впервые)
ProdTypeGate: small_arms_factory -> result=0 (впервые)
ProdTypeGate: explosives_factory -> result=0 (впервые)
ProdTypeGate: small_arms_factory -> result=0 (впервые)
ProdTypeGate: automobile_factory -> result=0 (впервые)
ProdTypeGate: automobile_factory -> result=0 (впервые)
ProdTypeGate: automobile_factory -> result=0 (впервые)
ProdTypeGate: automobile_factory -> result=0 (впервые)
ProdTypeGate: automobile_factory -> result=0 (впервые)
ProdTypeGate: automobile_factory -> result=0 (впервые)
ProdTypeGate: automobile_factory -> result=0 (впервые)
ProdTypeGate: automobile_factory -> result=0 (впервые)
ProdTypeGate: automobile_factory -> result=0 (впервые)
ProdTypeGate: automobile_factory -> result=0 (впервые)
ProdTypeGate: automobile_factory -> result=0 (впервые)
ProdTypeGate: automobile_factory -> result=0 (впервые)
ProdTypeGate: automobile_factory -> result=0 (впервые)
ProdTypeGate: automobile_factory -> result=0 (впервые)
ProdTypeGate: automobile_factory -> result=0 (впервые)
ProdTypeGate: automobile_factory -> result=0 (впервые)
ProdTypeGate: automobile_factory -> result=0 (впервые)
ProdTypeGate: automobile_factory -> result=0 (впервые)
ProdTypeGate: automobile_factory -> result=0 (впервые)
ProdTypeGate: automobile_factory -> result=0 (впервые)
ProdTypeGate: automobile_factory -> result=0 (впервые)
ProdTypeGate: automobile_factory -> result=0 (впервые)
ProdTypeGate: automobile_factory -> result=0 (впервые)
ProdTypeGate: automobile_factory -> result=0 (впервые)
ProdTypeGate: automobile_factory -> result=0 (впервые)
ProdTypeGate: automobile_factory -> result=0 (впервые)
ProdTypeGate: automobile_factory -> result=0 (впервые)
ProdTypeGate: automobile_factory -> result=0 (впервые)
ProdTypeGate: automobile_factory -> result=0 (впервые)
ProdTypeGate: automobile_factory -> result=0 (впервые)
ProdTypeGate: automobile_factory -> result=0 (впервые)
ProdTypeGate: automobile_factory -> result=0 (впервые)
ProdTypeGate: automobile_factory -> result=0 (впервые)
ProdTypeGate: rubber_factory -> result=1 (впервые)
ProdTypeGate: explosives_factory -> result=0 (впервые)
ProdTypeGate: small_arms_factory -> result=0 (впервые)
ProdTypeGate: explosives_factory -> result=0 (впервые)
ProdTypeGate: small_arms_factory -> result=0 (впервые)
ProdTypeGate: explosives_factory -> result=0 (впервые)
ProdTypeGate: small_arms_factory -> result=0 (впервые)
ProdTypeGate: rubber_factory -> result=1 (впервые)
ProdTypeGate: small_arms_factory -> result=0 (впервые)
ProdTypeGate: explosives_factory -> result=0 (впервые)
ProdTypeGate: small_arms_factory -> result=0 (впервые)
ProdTypeGate: rubber_factory -> result=1 (впервые)
ProdTypeGate: explosives_factory -> result=0 (впервые)
ProdTypeGate: small_arms_factory -> result=0 (впервые)
ProdTypeGate: rubber_factory -> result=1 (впервые)
ProdTypeGate: explosives_factory -> result=0 (впервые)
ProdTypeGate: small_arms_factory -> result=0 (впервые)
ProdTypeGate: rubber_factory -> result=1 (впервые)
ProdTypeGate: small_arms_factory -> result=0 (впервые)
ProdTypeGate: explosives_factory -> result=0 (впервые)
ProdTypeGate: small_arms_factory -> result=0 (впервые)
ProdTypeGate: rubber_factory -> result=1 (впервые)
ProdTypeGate: explosives_factory -> result=0 (впервые)
ProdTypeGate: small_arms_factory -> result=0 (впервые)
ProdTypeGate: rubber_factory -> result=1 (впервые)
ProdTypeGate: explosives_factory -> result=0 (впервые)
ProdTypeGate: small_arms_factory -> result=0 (впервые)
ProdTypeGate: explosives_factory -> result=0 (впервые)
ProdTypeGate: small_arms_factory -> result=0 (впервые)
ProdTypeGate: rubber_factory -> result=1 (впервые)
ProdTypeGate: explosives_factory -> result=0 (впервые)
ProdTypeGate: small_arms_factory -> result=0 (впервые)
ProdTypeGate: explosives_factory -> result=0 (впервые)
ProdTypeGate: small_arms_factory -> result=0 (впервые)
ProdTypeGate: explosives_factory -> result=0 (впервые)
ProdTypeGate: small_arms_factory -> result=0 (впервые)
ProdTypeGate: telephone_factory -> result=0 (впервые)
ProdTypeGate: telephone_factory -> result=0 (впервые)
ProdTypeGate: telephone_factory -> result=0 (впервые)
ProdTypeGate: telephone_factory -> result=0 (впервые)
ProdTypeGate: telephone_factory -> result=0 (впервые)
ProdTypeGate: telephone_factory -> result=0 (впервые)
ProdTypeGate: telephone_factory -> result=0 (впервые)
ProdTypeGate: telephone_factory -> result=0 (впервые)
ProdTypeGate: telephone_factory -> result=0 (впервые)
ProdTypeGate: telephone_factory -> result=0 (впервые)
ProdTypeGate: telephone_factory -> result=0 (впервые)
ProdTypeGate: telephone_factory -> result=0 (впервые)
ProdTypeGate: telephone_factory -> result=0 (впервые)
ProdTypeGate: telephone_factory -> result=0 (впервые)
ProdTypeGate: telephone_factory -> result=0 (впервые)
ProdTypeGate: telephone_factory -> result=0 (впервые)
ProdTypeGate: telephone_factory -> result=0 (впервые)
ProdTypeGate: telephone_factory -> result=0 (впервые)
ProdTypeGate: telephone_factory -> result=0 (впервые)
ProdTypeGate: telephone_factory -> result=0 (впервые)
ProdTypeGate: telephone_factory -> result=0 (впервые)
ProdTypeGate: telephone_factory -> result=0 (впервые)
ProdTypeGate: telephone_factory -> result=0 (впервые)
ProdTypeGate: telephone_factory -> result=0 (впервые)
ProdTypeGate: telephone_factory -> result=0 (впервые)
ProdTypeGate: telephone_factory -> result=0 (впервые)
ProdTypeGate: telephone_factory -> result=0 (впервые)
ProdTypeGate: telephone_factory -> result=0 (впервые)
ProdTypeGate: rubber_factory -> result=1 (впервые)
ProdTypeGate: explosives_factory -> result=0 (впервые)
ProdTypeGate: small_arms_factory -> result=0 (впервые)
ProdTypeGate: rubber_factory -> result=1 (впервые)
ProdTypeGate: explosives_factory -> result=0 (впервые)
ProdTypeGate: small_arms_factory -> result=0 (впервые)
ProdTypeGate: rubber_factory -> result=1 (впервые)
ProdTypeGate: small_arms_factory -> result=0 (впервые)
ProdTypeGate: explosives_factory -> result=0 (впервые)
ProdTypeGate: small_arms_factory -> result=0 (впервые)
ProdTypeGate: explosives_factory -> result=0 (впервые)
ProdTypeGate: small_arms_factory -> result=0 (впервые)
ProdTypeGate: rubber_factory -> result=1 (впервые)
ProdTypeGate: explosives_factory -> result=0 (впервые)
ProdTypeGate: small_arms_factory -> result=0 (впервые)
ProdTypeGate: rubber_factory -> result=1 (впервые)
ProdTypeGate: small_arms_factory -> result=0 (впервые)
ProdTypeGate: rubber_factory -> result=1 (впервые)
ProdTypeGate: explosives_factory -> result=0 (впервые)
ProdTypeGate: small_arms_factory -> result=0 (впервые)
ProdTypeGate: explosives_factory -> result=0 (впервые)
ProdTypeGate: small_arms_factory -> result=0 (впервые)
ProdTypeGate: rubber_factory -> result=1 (впервые)
ProdTypeGate: telephone_factory -> result=0 (впервые)
ProdTypeGate: electric_gear_factory -> result=0 (впервые)
ProdTypeGate: explosives_factory -> result=0 (впервые)
ProdTypeGate: small_arms_factory -> result=0 (впервые)
ProdTypeGate: rubber_factory -> result=1 (впервые)
ProdTypeGate: explosives_factory -> result=0 (впервые)
ProdTypeGate: small_arms_factory -> result=0 (впервые)
ProdTypeGate: explosives_factory -> result=0 (впервые)
ProdTypeGate: small_arms_factory -> result=0 (впервые)
ProdTypeGate: automobile_factory -> result=0 (впервые)
ProdTypeGate: automobile_factory -> result=0 (впервые)
ProdTypeGate: automobile_factory -> result=0 (впервые)
ProdTypeGate: automobile_factory -> result=0 (впервые)
ProdTypeGate: automobile_factory -> result=0 (впервые)
ProdTypeGate: automobile_factory -> result=0 (впервые)
ProdTypeGate: automobile_factory -> result=0 (впервые)
ProdTypeGate: automobile_factory -> result=0 (впервые)
ProdTypeGate: automobile_factory -> result=0 (впервые)
ProdTypeGate: automobile_factory -> result=0 (впервые)
ProdTypeGate: automobile_factory -> result=0 (впервые)
ProdTypeGate: automobile_factory -> result=0 (впервые)
ProdTypeGate: automobile_factory -> result=0 (впервые)
ProdTypeGate: automobile_factory -> result=0 (впервые)
ProdTypeGate: automobile_factory -> result=0 (впервые)
ProdTypeGate: telephone_factory -> result=0 (впервые)
ProdTypeGate: rubber_factory -> result=1 (впервые)
ProdTypeGate: explosives_factory -> result=0 (впервые)
ProdTypeGate: small_arms_factory -> result=0 (впервые)
ProdTypeGate: rubber_factory -> result=1 (впервые)
ProdTypeGate: explosives_factory -> result=0 (впервые)
ProdTypeGate: small_arms_factory -> result=0 (впервые)
ProdTypeGate: explosives_factory -> result=0 (впервые)
ProdTypeGate: small_arms_factory -> result=0 (впервые)
ProdTypeGate: rubber_factory -> result=1 (впервые)
ProdTypeGate: explosives_factory -> result=0 (впервые)
ProdTypeGate: small_arms_factory -> result=0 (впервые)
ProdTypeGate: explosives_factory -> result=0 (впервые)
ProdTypeGate: small_arms_factory -> result=0 (впервые)
ProdTypeGate: rubber_factory -> result=1 (впервые)
ProdTypeGate: explosives_factory -> result=0 (впервые)
ProdTypeGate: small_arms_factory -> result=0 (впервые)
ProdTypeGate: rubber_factory -> result=1 (впервые)
ProdTypeGate: explosives_factory -> result=0 (впервые)
ProdTypeGate: small_arms_factory -> result=0 (впервые)
ProdTypeGate: explosives_factory -> result=0 (впервые)
ProdTypeGate: small_arms_factory -> result=0 (впервые)
ProdTypeGate: rubber_factory -> result=1 (впервые)
ProdTypeGate: explosives_factory -> result=0 (впервые)
ProdTypeGate: small_arms_factory -> result=0 (впервые)
ProdTypeGate: explosives_factory -> result=0 (впервые)
ProdTypeGate: small_arms_factory -> result=0 (впервые)
ProdTypeGate: rubber_factory -> result=1 (впервые)
ProdTypeGate: explosives_factory -> result=0 (впервые)
ProdTypeGate: small_arms_factory -> result=0 (впервые)
ProdTypeGate: rubber_factory -> result=1 (впервые)
ProdTypeGate: explosives_factory -> result=0 (впервые)
ProdTypeGate: small_arms_factory -> result=0 (впервые)
ProdTypeGate: explosives_factory -> result=0 (впервые)
ProdTypeGate: small_arms_factory -> result=0 (впервые)
ProdTypeGate: explosives_factory -> result=0 (впервые)
ProdTypeGate: small_arms_factory -> result=0 (впервые)
ProdTypeGate: automobile_factory -> result=0 (впервые)
ProdTypeGate: automobile_factory -> result=0 (впервые)
ProdTypeGate: automobile_factory -> result=0 (впервые)
ProdTypeGate: automobile_factory -> result=0 (впервые)
ProdTypeGate: automobile_factory -> result=0 (впервые)
ProdTypeGate: automobile_factory -> result=0 (впервые)
ProdTypeGate: automobile_factory -> result=0 (впервые)
ProdTypeGate: automobile_factory -> result=0 (впервые)
ProdTypeGate: automobile_factory -> result=0 (впервые)
ProdTypeGate: automobile_factory -> result=0 (впервые)
ProdTypeGate: automobile_factory -> result=0 (впервые)
ProdTypeGate: automobile_factory -> result=0 (впервые)
ProdTypeGate: automobile_factory -> result=0 (впервые)
ProdTypeGate: automobile_factory -> result=0 (впервые)
ProdTypeGate: automobile_factory -> result=0 (впервые)
ProdTypeGate: automobile_factory -> result=0 (впервые)
ProdTypeGate: automobile_factory -> result=0 (впервые)
ProdTypeGate: automobile_factory -> result=0 (впервые)
ProdTypeGate: automobile_factory -> result=0 (впервые)
ProdTypeGate: automobile_factory -> result=0 (впервые)
ProdTypeGate: automobile_factory -> result=0 (впервые)
ProdTypeGate: automobile_factory -> result=0 (впервые)
ProdTypeGate: automobile_factory -> result=0 (впервые)
ProdTypeGate: automobile_factory -> result=0 (впервые)
ProdTypeGate: automobile_factory -> result=0 (впервые)
ProdTypeGate: automobile_factory -> result=0 (впервые)
ProdTypeGate: automobile_factory -> result=0 (впервые)
ProdTypeGate: automobile_factory -> result=0 (впервые)
ProdTypeGate: automobile_factory -> result=0 (впервые)
ProdTypeGate: automobile_factory -> result=0 (впервые)
ProdTypeGate: automobile_factory -> result=0 (впервые)
ProdTypeGate: automobile_factory -> result=0 (впервые)
ProdTypeGate: automobile_factory -> result=0 (впервые)
ProdTypeGate: rubber_factory -> result=1 (впервые)
ProdTypeGate: explosives_factory -> result=0 (впервые)
ProdTypeGate: small_arms_factory -> result=0 (впервые)
ProdTypeGate: rubber_factory -> result=1 (впервые)
ProdTypeGate: explosives_factory -> result=0 (впервые)
ProdTypeGate: small_arms_factory -> result=0 (впервые)
ProdTypeGate: automobile_factory -> result=0 (впервые)
ProdTypeGate: automobile_factory -> result=0 (впервые)
ProdTypeGate: automobile_factory -> result=0 (впервые)
ProdTypeGate: automobile_factory -> result=0 (впервые)
ProdTypeGate: automobile_factory -> result=0 (впервые)
ProdTypeGate: automobile_factory -> result=0 (впервые)
ProdTypeGate: automobile_factory -> result=0 (впервые)
ProdTypeGate: automobile_factory -> result=0 (впервые)
ProdTypeGate: automobile_factory -> result=0 (впервые)
ProdTypeGate: automobile_factory -> result=0 (впервые)
ProdTypeGate: automobile_factory -> result=0 (впервые)
ProdTypeGate: automobile_factory -> result=0 (впервые)
ProdTypeGate: automobile_factory -> result=0 (впервые)
ProdTypeGate: explosives_factory -> result=0 (впервые)
ProdTypeGate: small_arms_factory -> result=0 (впервые)
ProdTypeGate: rubber_factory -> result=1 (впервые)
ProdTypeGate: explosives_factory -> result=0 (впервые)
ProdTypeGate: small_arms_factory -> result=0 (впервые)
ProdTypeGate: explosives_factory -> result=0 (впервые)
ProdTypeGate: small_arms_factory -> result=0 (впервые)
ProdTypeGate: telephone_factory -> result=0 (впервые)
ProdTypeGate: telephone_factory -> result=0 (впервые)
ProdTypeGate: telephone_factory -> result=0 (впервые)
ProdTypeGate: telephone_factory -> result=0 (впервые)
ProdTypeGate: explosives_factory -> result=0 (впервые)
ProdTypeGate: small_arms_factory -> result=0 (впервые)
ProdTypeGate: rubber_factory -> result=1 (впервые)
ProdTypeGate: telephone_factory -> result=0 (впервые)
ProdTypeGate: electric_gear_factory -> result=0 (впервые)
ProdTypeGate: explosives_factory -> result=0 (впервые)
ProdTypeGate: small_arms_factory -> result=0 (впервые)
ProdTypeGate: rubber_factory -> result=1 (впервые)
ProdTypeGate: explosives_factory -> result=0 (впервые)
ProdTypeGate: small_arms_factory -> result=0 (впервые)
ProdTypeGate: rubber_factory -> result=1 (впервые)
ProdTypeGate: explosives_factory -> result=0 (впервые)
ProdTypeGate: small_arms_factory -> result=0 (впервые)
ProdTypeGate: telephone_factory -> result=0 (впервые)
ProdTypeGate: explosives_factory -> result=0 (впервые)
ProdTypeGate: rubber_factory -> result=1 (впервые)
ProdTypeGate: explosives_factory -> result=0 (впервые)
ProdTypeGate: small_arms_factory -> result=0 (впервые)
ProdTypeGate: telephone_factory -> result=0 (впервые)
ProdTypeGate: rubber_factory -> result=1 (впервые)
ProdTypeGate: explosives_factory -> result=0 (впервые)
ProdTypeGate: small_arms_factory -> result=0 (впервые)
ProdTypeGate: telephone_factory -> result=0 (впервые)
ProdTypeGate: telephone_factory -> result=0 (впервые)
ProdTypeGate: telephone_factory -> result=0 (впервые)
ProdTypeGate: telephone_factory -> result=0 (впервые)
ProdTypeGate: telephone_factory -> result=0 (впервые)
ProdTypeGate: telephone_factory -> result=0 (впервые)
ProdTypeGate: telephone_factory -> result=0 (впервые)
ProdTypeGate: telephone_factory -> result=0 (впервые)
ProdTypeGate: telephone_factory -> result=0 (впервые)
ProdTypeGate: telephone_factory -> result=0 (впервые)
ProdTypeGate: telephone_factory -> result=0 (впервые)
ProdTypeGate: telephone_factory -> result=0 (впервые)
ProdTypeGate: telephone_factory -> result=0 (впервые)
ProdTypeGate: telephone_factory -> result=0 (впервые)
ProdTypeGate: telephone_factory -> result=0 (впервые)
ProdTypeGate: telephone_factory -> result=0 (впервые)
ProdTypeGate: telephone_factory -> result=0 (впервые)
ProdTypeGate: telephone_factory -> result=0 (впервые)
ProdTypeGate: telephone_factory -> result=0 (впервые)
ProdTypeGate: telephone_factory -> result=0 (впервые)
ProdTypeGate: telephone_factory -> result=0 (впервые)
ProdTypeGate: telephone_factory -> result=0 (впервые)
ProdTypeGate: telephone_factory -> result=0 (впервые)
ProdTypeGate: telephone_factory -> result=0 (впервые)
ProdTypeGate: telephone_factory -> result=0 (впервые)
ProdTypeGate: telephone_factory -> result=0 (впервые)
ProdTypeGate: telephone_factory -> result=0 (впервые)
ProdTypeGate: automobile_factory -> result=0 (впервые)
ProdTypeGate: automobile_factory -> result=0 (впервые)
ProdTypeGate: automobile_factory -> result=0 (впервые)
ProdTypeGate: automobile_factory -> result=0 (впервые)
ProdTypeGate: automobile_factory -> result=0 (впервые)
ProdTypeGate: automobile_factory -> result=0 (впервые)
ProdTypeGate: automobile_factory -> result=0 (впервые)
ProdTypeGate: automobile_factory -> result=0 (впервые)
ProdTypeGate: automobile_factory -> result=0 (впервые)
ProdTypeGate: automobile_factory -> result=0 (впервые)
ProdTypeGate: automobile_factory -> result=0 (впервые)
ProdTypeGate: automobile_factory -> result=0 (впервые)
ProdTypeGate: automobile_factory -> result=0 (впервые)
ProdTypeGate: automobile_factory -> result=0 (впервые)
ProdTypeGate: automobile_factory -> result=0 (впервые)
ProdTypeGate: automobile_factory -> result=0 (впервые)
ProdTypeGate: automobile_factory -> result=0 (впервые)
ProdTypeGate: automobile_factory -> result=0 (впервые)
ProdTypeGate: automobile_factory -> result=0 (впервые)
ProdTypeGate: automobile_factory -> result=0 (впервые)
ProdTypeGate: automobile_factory -> result=0 (впервые)
ProdTypeGate: automobile_factory -> result=0 (впервые)
ProdTypeGate: automobile_factory -> result=0 (впервые)
ProdTypeGate: automobile_factory -> result=0 (впервые)
ProdTypeGate: automobile_factory -> result=0 (впервые)
ProdTypeGate: automobile_factory -> result=0 (впервые)
ProdTypeGate: automobile_factory -> result=0 (впервые)
ProdTypeGate: automobile_factory -> result=0 (впервые)
ProdTypeGate: automobile_factory -> result=0 (впервые)
ProdTypeGate: automobile_factory -> result=0 (впервые)
ProdTypeGate: automobile_factory -> result=0 (впервые)
ProdTypeGate: automobile_factory -> result=0 (впервые)
ProdTypeGate: automobile_factory -> result=0 (впервые)
ProdTypeGate: automobile_factory -> result=0 (впервые)
ProdTypeGate: automobile_factory -> result=0 (впервые)
ProdTypeGate: automobile_factory -> result=0 (впервые)
ProdTypeGate: automobile_factory -> result=0 (впервые)
ProdTypeGate: automobile_factory -> result=0 (впервые)
ProdTypeGate: automobile_factory -> result=0 (впервые)
ProdTypeGate: automobile_factory -> result=0 (впервые)
ProdTypeGate: automobile_factory -> result=0 (впервые)
ProdTypeGate: automobile_factory -> result=0 (впервые)
ProdTypeGate: automobile_factory -> result=0 (впервые)
ProdTypeGate: automobile_factory -> result=0 (впервые)
ProdTypeGate: automobile_factory -> result=0 (впервые)
ProdTypeGate: telephone_factory -> result=0 (впервые)
ProdTypeGate: automobile_factory -> result=0 (впервые)
ProdTypeGate: telephone_factory -> result=0 (впервые)
ProdTypeGate: rubber_factory -> result=1 (впервые)
ProdTypeGate: explosives_factory -> result=0 (впервые)
ProdTypeGate: small_arms_factory -> result=0 (впервые)
ProdTypeGate: rubber_factory -> result=1 (впервые)
ProdTypeGate: small_arms_factory -> result=0 (впервые)
ProdTypeGate: explosives_factory -> result=0 (впервые)
ProdTypeGate: small_arms_factory -> result=0 (впервые)
ProdTypeGate: explosives_factory -> result=0 (впервые)
ProdTypeGate: small_arms_factory -> result=0 (впервые)
ProdTypeGate: telephone_factory -> result=0 (впервые)
ProdTypeGate: rubber_factory -> result=1 (впервые)
ProdTypeGate: small_arms_factory -> result=0 (впервые)
ProdTypeGate: explosives_factory -> result=0 (впервые)
ProdTypeGate: small_arms_factory -> result=0 (впервые)
ProdTypeGate: automobile_factory -> result=0 (впервые)
ProdTypeGate: automobile_factory -> result=0 (впервые)
ProdTypeGate: automobile_factory -> result=0 (впервые)
ProdTypeGate: automobile_factory -> result=0 (впервые)
ProdTypeGate: automobile_factory -> result=0 (впервые)
ProdTypeGate: automobile_factory -> result=0 (впервые)
ProdTypeGate: automobile_factory -> result=0 (впервые)
ProdTypeGate: automobile_factory -> result=0 (впервые)
ProdTypeGate: automobile_factory -> result=0 (впервые)
ProdTypeGate: automobile_factory -> result=0 (впервые)
ProdTypeGate: automobile_factory -> result=0 (впервые)
ProdTypeGate: automobile_factory -> result=0 (впервые)
ProdTypeGate: automobile_factory -> result=0 (впервые)
ProdTypeGate: automobile_factory -> result=0 (впервые)
ProdTypeGate: automobile_factory -> result=0 (впервые)
ProdTypeGate: telephone_factory -> result=0 (впервые)
ProdTypeGate: rubber_factory -> result=1 (впервые)
ProdTypeGate: explosives_factory -> result=0 (впервые)
ProdTypeGate: small_arms_factory -> result=0 (впервые)
ProdTypeGate: explosives_factory -> result=0 (впервые)
ProdTypeGate: small_arms_factory -> result=0 (впервые)
ProdTypeGate: explosives_factory -> result=0 (впервые)
ProdTypeGate: small_arms_factory -> result=0 (впервые)
ProdTypeGate: telephone_factory -> result=0 (впервые)
ProdTypeGate: explosives_factory -> result=0 (впервые)
ProdTypeGate: small_arms_factory -> result=0 (впервые)
ProdTypeGate: telephone_factory -> result=0 (впервые)
ProdTypeGate: telephone_factory -> result=0 (впервые)
ProdTypeGate: rubber_factory -> result=1 (впервые)
ProdTypeGate: explosives_factory -> result=0 (впервые)
ProdTypeGate: small_arms_factory -> result=0 (впервые)
ProdTypeGate: explosives_factory -> result=0 (впервые)
ProdTypeGate: small_arms_factory -> result=0 (впервые)
ProdTypeGate: explosives_factory -> result=0 (впервые)
ProdTypeGate: small_arms_factory -> result=0 (впервые)
ProdTypeGate: telephone_factory -> result=0 (впервые)
ProdTypeGate: rubber_factory -> result=1 (впервые)
ProdTypeGate: explosives_factory -> result=0 (впервые)
ProdTypeGate: small_arms_factory -> result=0 (впервые)
ProdTypeGate: rubber_factory -> result=1 (впервые)
ProdTypeGate: explosives_factory -> result=0 (впервые)
ProdTypeGate: small_arms_factory -> result=0 (впервые)
ProdTypeGate: rubber_factory -> result=1 (впервые)
ProdTypeGate: explosives_factory -> result=0 (впервые)
ProdTypeGate: small_arms_factory -> result=0 (впервые)
ProdTypeGate: rubber_factory -> result=1 (впервые)
ProdTypeGate: explosives_factory -> result=0 (впервые)
ProdTypeGate: small_arms_factory -> result=0 (впервые)
ProdTypeGate: rubber_factory -> result=1 (впервые)
ProdTypeGate: explosives_factory -> result=0 (впервые)
ProdTypeGate: small_arms_factory -> result=0 (впервые)
ProdTypeGate: explosives_factory -> result=0 (впервые)
ProdTypeGate: small_arms_factory -> result=0 (впервые)
ProdTypeGate: telephone_factory -> result=0 (впервые)
ProdTypeGate: rubber_factory -> result=1 (впервые)
ProdTypeGate: explosives_factory -> result=0 (впервые)
ProdTypeGate: small_arms_factory -> result=0 (впервые)
ProdTypeGate: telephone_factory -> result=0 (впервые)
ProdTypeGate: rubber_factory -> result=1 (впервые)
ProdTypeGate: explosives_factory -> result=0 (впервые)
ProdTypeGate: small_arms_factory -> result=0 (впервые)
ProdTypeGate: telephone_factory -> result=0 (впервые)
ProdTypeGate: rubber_factory -> result=1 (впервые)
ProdTypeGate: explosives_factory -> result=0 (впервые)
ProdTypeGate: small_arms_factory -> result=0 (впервые)
ProdTypeGate: explosives_factory -> result=0 (впервые)
ProdTypeGate: small_arms_factory -> result=0 (впервые)
ProdTypeGate: telephone_factory -> result=0 (впервые)
ProdTypeGate: explosives_factory -> result=0 (впервые)
ProdTypeGate: small_arms_factory -> result=0 (впервые)
ProdTypeGate: telephone_factory -> result=0 (впервые)
ProdTypeGate: rubber_factory -> result=1 (впервые)
ProdTypeGate: explosives_factory -> result=0 (впервые)
ProdTypeGate: small_arms_factory -> result=0 (впервые)
ProdTypeGate: explosives_factory -> result=0 (впервые)
ProdTypeGate: small_arms_factory -> result=0 (впервые)
ProdTypeGate: automobile_factory -> result=0 (впервые)
ProdTypeGate: automobile_factory -> result=0 (впервые)
ProdTypeGate: automobile_factory -> result=0 (впервые)
ProdTypeGate: automobile_factory -> result=0 (впервые)
ProdTypeGate: automobile_factory -> result=0 (впервые)
ProdTypeGate: automobile_factory -> result=0 (впервые)
ProdTypeGate: automobile_factory -> result=0 (впервые)
ProdTypeGate: automobile_factory -> result=0 (впервые)
ProdTypeGate: automobile_factory -> result=0 (впервые)
ProdTypeGate: automobile_factory -> result=0 (впервые)
ProdTypeGate: automobile_factory -> result=0 (впервые)
ProdTypeGate: automobile_factory -> result=0 (впервые)
ProdTypeGate: automobile_factory -> result=0 (впервые)
ProdTypeGate: telephone_factory -> result=0 (впервые)
ProdTypeGate: telephone_factory -> result=0 (впервые)
ProdTypeGate: telephone_factory -> result=0 (впервые)
ProdTypeGate: telephone_factory -> result=0 (впервые)
ProdTypeGate: telephone_factory -> result=0 (впервые)
ProdTypeGate: telephone_factory -> result=0 (впервые)
ProdTypeGate: telephone_factory -> result=0 (впервые)
ProdTypeGate: telephone_factory -> result=0 (впервые)
ProdTypeGate: telephone_factory -> result=0 (впервые)
ProdTypeGate: telephone_factory -> result=0 (впервые)
ProdTypeGate: telephone_factory -> result=0 (впервые)
ProdTypeGate: telephone_factory -> result=0 (впервые)
ProdTypeGate: telephone_factory -> result=0 (впервые)
ProdTypeGate: telephone_factory -> result=0 (впервые)
ProdTypeGate: telephone_factory -> result=0 (впервые)
ProdTypeGate: telephone_factory -> result=0 (впервые)
ProdTypeGate: telephone_factory -> result=0 (впервые)
ProdTypeGate: telephone_factory -> result=0 (впервые)
ProdTypeGate: telephone_factory -> result=0 (впервые)
ProdTypeGate: telephone_factory -> result=0 (впервые)
ProdTypeGate: telephone_factory -> result=0 (впервые)
ProdTypeGate: telephone_factory -> result=0 (впервые)
ProdTypeGate: telephone_factory -> result=0 (впервые)
ProdTypeGate: telephone_factory -> result=0 (впервые)
ProdTypeGate: telephone_factory -> result=0 (впервые)
ProdTypeGate: telephone_factory -> result=0 (впервые)
ProdTypeGate: telephone_factory -> result=0 (впервые)
ProdTypeGate: telephone_factory -> result=0 (впервые)
ProdTypeGate: telephone_factory -> result=0 (впервые)
ProdTypeGate: telephone_factory -> result=0 (впервые)
ProdTypeGate: rubber_factory -> result=1 (впервые)
ProdTypeGate: explosives_factory -> result=0 (впервые)
ProdTypeGate: small_arms_factory -> result=0 (впервые)
ProdTypeGate: rubber_factory -> result=1 (впервые)
ProdTypeGate: explosives_factory -> result=0 (впервые)
ProdTypeGate: small_arms_factory -> result=0 (впервые)
ProdTypeGate: rubber_factory -> result=1 (впервые)
ProdTypeGate: explosives_factory -> result=0 (впервые)
ProdTypeGate: small_arms_factory -> result=0 (впервые)
ProdTypeGate: rubber_factory -> result=1 (впервые)
ProdTypeGate: explosives_factory -> result=0 (впервые)
ProdTypeGate: small_arms_factory -> result=0 (впервые)
ProdTypeGate: explosives_factory -> result=0 (впервые)
ProdTypeGate: small_arms_factory -> result=0 (впервые)
ProdTypeGate: explosives_factory -> result=0 (впервые)
ProdTypeGate: small_arms_factory -> result=0 (впервые)
ProdTypeGate: automobile_factory -> result=0 (впервые)
ProdTypeGate: automobile_factory -> result=0 (впервые)
ProdTypeGate: automobile_factory -> result=0 (впервые)
ProdTypeGate: automobile_factory -> result=0 (впервые)
ProdTypeGate: automobile_factory -> result=0 (впервые)
ProdTypeGate: automobile_factory -> result=0 (впервые)
ProdTypeGate: automobile_factory -> result=0 (впервые)
ProdTypeGate: automobile_factory -> result=0 (впервые)
ProdTypeGate: automobile_factory -> result=0 (впервые)
ProdTypeGate: automobile_factory -> result=0 (впервые)
ProdTypeGate: automobile_factory -> result=0 (впервые)
ProdTypeGate: automobile_factory -> result=0 (впервые)
ProdTypeGate: automobile_factory -> result=0 (впервые)
ProdTypeGate: automobile_factory -> result=0 (впервые)
ProdTypeGate: automobile_factory -> result=0 (впервые)
ProdTypeGate: automobile_factory -> result=0 (впервые)
ProdTypeGate: automobile_factory -> result=0 (впервые)
ProdTypeGate: automobile_factory -> result=0 (впервые)
ProdTypeGate: automobile_factory -> result=0 (впервые)
ProdTypeGate: automobile_factory -> result=0 (впервые)
ProdTypeGate: automobile_factory -> result=0 (впервые)
ProdTypeGate: automobile_factory -> result=0 (впервые)
ProdTypeGate: automobile_factory -> result=0 (впервые)
ProdTypeGate: automobile_factory -> result=0 (впервые)
ProdTypeGate: automobile_factory -> result=0 (впервые)
ProdTypeGate: automobile_factory -> result=0 (впервые)
ProdTypeGate: automobile_factory -> result=0 (впервые)
ProdTypeGate: automobile_factory -> result=0 (впервые)
ProdTypeGate: automobile_factory -> result=0 (впервые)
ProdTypeGate: automobile_factory -> result=0 (впервые)
ProdTypeGate: automobile_factory -> result=0 (впервые)
ProdTypeGate: automobile_factory -> result=0 (впервые)
ProdTypeGate: automobile_factory -> result=0 (впервые)
ProdTypeGate: automobile_factory -> result=0 (впервые)
ProdTypeGate: automobile_factory -> result=0 (впервые)
ProdTypeGate: automobile_factory -> result=0 (впервые)
ProdTypeGate: automobile_factory -> result=0 (впервые)
ProdTypeGate: automobile_factory -> result=0 (впервые)
ProdTypeGate: automobile_factory -> result=0 (впервые)
ProdTypeGate: automobile_factory -> result=0 (впервые)
ProdTypeGate: automobile_factory -> result=0 (впервые)
ProdTypeGate: automobile_factory -> result=0 (впервые)
ProdTypeGate: automobile_factory -> result=0 (впервые)
ProdTypeGate: automobile_factory -> result=0 (впервые)
ProdTypeGate: automobile_factory -> result=0 (впервые)
ProdTypeGate: automobile_factory -> result=0 (впервые)
ProdTypeGate: telephone_factory -> result=0 (впервые)
ProdTypeGate: telephone_factory -> result=0 (впервые)
ProdTypeGate: rubber_factory -> result=1 (впервые)
ProdTypeGate: small_arms_factory -> result=0 (впервые)
ProdTypeGate: explosives_factory -> result=0 (впервые)
ProdTypeGate: small_arms_factory -> result=0 (впервые)
ProdTypeGate: automobile_factory -> result=0 (впервые)
ProdTypeGate: automobile_factory -> result=0 (впервые)
ProdTypeGate: automobile_factory -> result=0 (впервые)
ProdTypeGate: automobile_factory -> result=0 (впервые)
ProdTypeGate: automobile_factory -> result=0 (впервые)
ProdTypeGate: automobile_factory -> result=0 (впервые)
ProdTypeGate: automobile_factory -> result=0 (впервые)
ProdTypeGate: automobile_factory -> result=0 (впервые)
ProdTypeGate: automobile_factory -> result=0 (впервые)
ProdTypeGate: automobile_factory -> result=0 (впервые)
ProdTypeGate: automobile_factory -> result=0 (впервые)
ProdTypeGate: automobile_factory -> result=0 (впервые)
ProdTypeGate: automobile_factory -> result=0 (впервые)
ProdTypeGate: automobile_factory -> result=0 (впервые)
ProdTypeGate: automobile_factory -> result=0 (впервые)
ProdTypeGate: automobile_factory -> result=0 (впервые)
ProdTypeGate: automobile_factory -> result=0 (впервые)
ProdTypeGate: automobile_factory -> result=0 (впервые)
ProdTypeGate: automobile_factory -> result=0 (впервые)
ProdTypeGate: automobile_factory -> result=0 (впервые)
ProdTypeGate: automobile_factory -> result=0 (впервые)
ProdTypeGate: automobile_factory -> result=0 (впервые)
ProdTypeGate: automobile_factory -> result=0 (впервые)
ProdTypeGate: automobile_factory -> result=0 (впервые)
ProdTypeGate: automobile_factory -> result=0 (впервые)
ProdTypeGate: automobile_factory -> result=0 (впервые)
ProdTypeGate: automobile_factory -> result=0 (впервые)
ProdTypeGate: automobile_factory -> result=0 (впервые)
ProdTypeGate: automobile_factory -> result=0 (впервые)
ProdTypeGate: automobile_factory -> result=0 (впервые)
ProdTypeGate: automobile_factory -> result=0 (впервые)
ProdTypeGate: automobile_factory -> result=0 (впервые)
ProdTypeGate: automobile_factory -> result=0 (впервые)
ProdTypeGate: telephone_factory -> result=0 (впервые)
ProdTypeGate: rubber_factory -> result=1 (впервые)
ProdTypeGate: explosives_factory -> result=0 (впервые)
ProdTypeGate: small_arms_factory -> result=0 (впервые)
ProdTypeGate: rubber_factory -> result=1 (впервые)
ProdTypeGate: small_arms_factory -> result=0 (впервые)
ProdTypeGate: explosives_factory -> result=0 (впервые)
ProdTypeGate: small_arms_factory -> result=0 (впервые)
ProdTypeGate: telephone_factory -> result=0 (впервые)
ProdTypeGate: explosives_factory -> result=0 (впервые)
ProdTypeGate: rubber_factory -> result=1 (впервые)
ProdTypeGate: explosives_factory -> result=0 (впервые)
ProdTypeGate: small_arms_factory -> result=0 (впервые)
ProdTypeGate: explosives_factory -> result=0 (впервые)
ProdTypeGate: small_arms_factory -> result=0 (впервые)
ProdTypeGate: telephone_factory -> result=0 (впервые)
ProdTypeGate: telephone_factory -> result=0 (впервые)
ProdTypeGate: telephone_factory -> result=0 (впервые)
ProdTypeGate: telephone_factory -> result=0 (впервые)
ProdTypeGate: telephone_factory -> result=0 (впервые)
ProdTypeGate: telephone_factory -> result=0 (впервые)
ProdTypeGate: rubber_factory -> result=1 (впервые)
ProdTypeGate: explosives_factory -> result=0 (впервые)
ProdTypeGate: small_arms_factory -> result=0 (впервые)
ProdTypeGate: rubber_factory -> result=1 (впервые)
ProdTypeGate: explosives_factory -> result=0 (впервые)
ProdTypeGate: small_arms_factory -> result=0 (впервые)
ProdTypeGate: rubber_factory -> result=1 (впервые)
ProdTypeGate: explosives_factory -> result=0 (впервые)
ProdTypeGate: small_arms_factory -> result=0 (впервые)
ProdTypeGate: rubber_factory -> result=1 (впервые)
ProdTypeGate: explosives_factory -> result=0 (впервые)
ProdTypeGate: small_arms_factory -> result=0 (впервые)
ProdTypeGate: explosives_factory -> result=0 (впервые)
ProdTypeGate: small_arms_factory -> result=0 (впервые)
ProdTypeGate: telephone_factory -> result=0 (впервые)
ProdTypeGate: explosives_factory -> result=0 (впервые)
ProdTypeGate: explosives_factory -> result=0 (впервые)
ProdTypeGate: small_arms_factory -> result=0 (впервые)
ProdTypeGate: telephone_factory -> result=0 (впервые)
ProdTypeGate: rubber_factory -> result=1 (впервые)
ProdTypeGate: explosives_factory -> result=0 (впервые)
ProdTypeGate: small_arms_factory -> result=0 (впервые)
ProdTypeGate: explosives_factory -> result=0 (впервые)
ProdTypeGate: small_arms_factory -> result=0 (впервые)
ProdTypeGate: automobile_factory -> result=0 (впервые)
ProdTypeGate: automobile_factory -> result=0 (впервые)
ProdTypeGate: automobile_factory -> result=0 (впервые)
ProdTypeGate: automobile_factory -> result=0 (впервые)
ProdTypeGate: automobile_factory -> result=0 (впервые)
ProdTypeGate: automobile_factory -> result=0 (впервые)
ProdTypeGate: automobile_factory -> result=0 (впервые)
ProdTypeGate: automobile_factory -> result=0 (впервые)
ProdTypeGate: automobile_factory -> result=0 (впервые)
ProdTypeGate: automobile_factory -> result=0 (впервые)
ProdTypeGate: automobile_factory -> result=0 (впервые)
ProdTypeGate: automobile_factory -> result=0 (впервые)
ProdTypeGate: automobile_factory -> result=0 (впервые)
ProdTypeGate: automobile_factory -> result=0 (впервые)
ProdTypeGate: automobile_factory -> result=0 (впервые)
ProdTypeGate: automobile_factory -> result=0 (впервые)
ProdTypeGate: automobile_factory -> result=0 (впервые)
ProdTypeGate: automobile_factory -> result=0 (впервые)
ProdTypeGate: automobile_factory -> result=0 (впервые)
ProdTypeGate: automobile_factory -> result=0 (впервые)
ProdTypeGate: automobile_factory -> result=0 (впервые)
ProdTypeGate: automobile_factory -> result=0 (впервые)
ProdTypeGate: automobile_factory -> result=0 (впервые)
ProdTypeGate: automobile_factory -> result=0 (впервые)
ProdTypeGate: automobile_factory -> result=0 (впервые)
ProdTypeGate: automobile_factory -> result=0 (впервые)
ProdTypeGate: automobile_factory -> result=0 (впервые)
ProdTypeGate: automobile_factory -> result=0 (впервые)
ProdTypeGate: automobile_factory -> result=0 (впервые)
ProdTypeGate: automobile_factory -> result=0 (впервые)
ProdTypeGate: automobile_factory -> result=0 (впервые)
ProdTypeGate: automobile_factory -> result=0 (впервые)
ProdTypeGate: automobile_factory -> result=0 (впервые)
ProdTypeGate: automobile_factory -> result=0 (впервые)
ProdTypeGate: automobile_factory -> result=0 (впервые)
ProdTypeGate: automobile_factory -> result=0 (впервые)
ProdTypeGate: automobile_factory -> result=0 (впервые)
ProdTypeGate: automobile_factory -> result=0 (впервые)
ProdTypeGate: automobile_factory -> result=0 (впервые)
ProdTypeGate: automobile_factory -> result=0 (впервые)
ProdTypeGate: automobile_factory -> result=0 (впервые)
ProdTypeGate: automobile_factory -> result=0 (впервые)
ProdTypeGate: automobile_factory -> result=0 (впервые)
ProdTypeGate: automobile_factory -> result=0 (впервые)
ProdTypeGate: automobile_factory -> result=0 (впервые)
ProdTypeGate: automobile_factory -> result=0 (впервые)
ProdTypeGate: automobile_factory -> result=0 (впервые)
ProdTypeGate: automobile_factory -> result=0 (впервые)
ProdTypeGate: automobile_factory -> result=0 (впервые)
ProdTypeGate: automobile_factory -> result=0 (впервые)
ProdTypeGate: automobile_factory -> result=0 (впервые)
ProdTypeGate: automobile_factory -> result=0 (впервые)
ProdTypeGate: automobile_factory -> result=0 (впервые)
ProdTypeGate: automobile_factory -> result=0 (впервые)
ProdTypeGate: automobile_factory -> result=0 (впервые)
ProdTypeGate: automobile_factory -> result=0 (впервые)
ProdTypeGate: telephone_factory -> result=0 (впервые)
ProdTypeGate: rubber_factory -> result=1 (впервые)
ProdTypeGate: explosives_factory -> result=0 (впервые)
ProdTypeGate: small_arms_factory -> result=0 (впервые)
ProdTypeGate: explosives_factory -> result=0 (впервые)
ProdTypeGate: explosives_factory -> result=0 (впервые)
ProdTypeGate: small_arms_factory -> result=0 (впервые)
ProdTypeGate: explosives_factory -> result=0 (впервые)
ProdTypeGate: small_arms_factory -> result=0 (впервые)
ProdTypeGate: telephone_factory -> result=0 (впервые)
ProdTypeGate: rubber_factory -> result=1 (впервые)
ProdTypeGate: explosives_factory -> result=0 (впервые)
ProdTypeGate: small_arms_factory -> result=0 (впервые)
ProdTypeGate: explosives_factory -> result=0 (впервые)
ProdTypeGate: rubber_factory -> result=1 (впервые)
ProdTypeGate: explosives_factory -> result=0 (впервые)
ProdTypeGate: small_arms_factory -> result=0 (впервые)
ProdTypeGate: automobile_factory -> result=0 (впервые)
ProdTypeGate: automobile_factory -> result=0 (впервые)
ProdTypeGate: automobile_factory -> result=0 (впервые)
ProdTypeGate: automobile_factory -> result=0 (впервые)
ProdTypeGate: automobile_factory -> result=0 (впервые)
ProdTypeGate: automobile_factory -> result=0 (впервые)
ProdTypeGate: automobile_factory -> result=0 (впервые)
ProdTypeGate: automobile_factory -> result=0 (впервые)
ProdTypeGate: automobile_factory -> result=0 (впервые)
ProdTypeGate: automobile_factory -> result=0 (впервые)
ProdTypeGate: automobile_factory -> result=0 (впервые)
ProdTypeGate: automobile_factory -> result=0 (впервые)
ProdTypeGate: automobile_factory -> result=0 (впервые)
ProdTypeGate: automobile_factory -> result=0 (впервые)
ProdTypeGate: automobile_factory -> result=0 (впервые)
ProdTypeGate: telephone_factory -> result=0 (впервые)
ProdTypeGate: explosives_factory -> result=0 (впервые)
ProdTypeGate: explosives_factory -> result=0 (впервые)
ProdTypeGate: small_arms_factory -> result=0 (впервые)
ProdTypeGate: telephone_factory -> result=0 (впервые)
ProdTypeGate: explosives_factory -> result=0 (впервые)
ProdTypeGate: rubber_factory -> result=1 (впервые)
ProdTypeGate: explosives_factory -> result=0 (впервые)
ProdTypeGate: small_arms_factory -> result=0 (впервые)
ProdTypeGate: explosives_factory -> result=0 (впервые)
ProdTypeGate: small_arms_factory -> result=0 (впервые)
ProdTypeGate: telephone_factory -> result=0 (впервые)
ProdTypeGate: rubber_factory -> result=1 (впервые)
ProdTypeGate: explosives_factory -> result=0 (впервые)
ProdTypeGate: small_arms_factory -> result=0 (впервые)
ProdTypeGate: rubber_factory -> result=1 (впервые)
ProdTypeGate: explosives_factory -> result=0 (впервые)
ProdTypeGate: small_arms_factory -> result=0 (впервые)
ProdTypeGate: explosives_factory -> result=0 (впервые)
ProdTypeGate: explosives_factory -> result=0 (впервые)
ProdTypeGate: small_arms_factory -> result=0 (впервые)
ProdTypeGate: explosives_factory -> result=0 (впервые)
ProdTypeGate: small_arms_factory -> result=0 (впервые)
ProdTypeGate: telephone_factory -> result=0 (впервые)
ProdTypeGate: rubber_factory -> result=1 (впервые)
ProdTypeGate: explosives_factory -> result=0 (впервые)
ProdTypeGate: small_arms_factory -> result=0 (впервые)
ProdTypeGate: rubber_factory -> result=1 (впервые)
ProdTypeGate: explosives_factory -> result=0 (впервые)
ProdTypeGate: small_arms_factory -> result=0 (впервые)
ProdTypeGate: rubber_factory -> result=1 (впервые)
ProdTypeGate: explosives_factory -> result=0 (впервые)
ProdTypeGate: small_arms_factory -> result=0 (впервые)
ProdTypeGate: explosives_factory -> result=0 (впервые)
ProdTypeGate: rubber_factory -> result=1 (впервые)
ProdTypeGate: explosives_factory -> result=0 (впервые)
ProdTypeGate: small_arms_factory -> result=0 (впервые)
ProdTypeGate: telephone_factory -> result=0 (впервые)
ProdTypeGate: telephone_factory -> result=0 (впервые)
ProdTypeGate: telephone_factory -> result=0 (впервые)
ProdTypeGate: telephone_factory -> result=0 (впервые)
ProdTypeGate: telephone_factory -> result=0 (впервые)
ProdTypeGate: telephone_factory -> result=0 (впервые)
ProdTypeGate: telephone_factory -> result=0 (впервые)
ProdTypeGate: telephone_factory -> result=0 (впервые)
ProdTypeGate: telephone_factory -> result=0 (впервые)
ProdTypeGate: telephone_factory -> result=0 (впервые)
ProdTypeGate: telephone_factory -> result=0 (впервые)
ProdTypeGate: telephone_factory -> result=0 (впервые)
ProdTypeGate: telephone_factory -> result=0 (впервые)
ProdTypeGate: telephone_factory -> result=0 (впервые)
ProdTypeGate: telephone_factory -> result=0 (впервые)
ProdTypeGate: telephone_factory -> result=0 (впервые)
ProdTypeGate: telephone_factory -> result=0 (впервые)
ProdTypeGate: telephone_factory -> result=0 (впервые)
ProdTypeGate: telephone_factory -> result=0 (впервые)
ProdTypeGate: telephone_factory -> result=0 (впервые)
ProdTypeGate: telephone_factory -> result=0 (впервые)
ProdTypeGate: telephone_factory -> result=0 (впервые)
ProdTypeGate: telephone_factory -> result=0 (впервые)
ProdTypeGate: telephone_factory -> result=0 (впервые)
ProdTypeGate: telephone_factory -> result=0 (впервые)
ProdTypeGate: telephone_factory -> result=0 (впервые)
ProdTypeGate: telephone_factory -> result=0 (впервые)
ProdTypeGate: automobile_factory -> result=0 (впервые)
ProdTypeGate: automobile_factory -> result=0 (впервые)
ProdTypeGate: automobile_factory -> result=0 (впервые)
ProdTypeGate: automobile_factory -> result=0 (впервые)
ProdTypeGate: automobile_factory -> result=0 (впервые)
ProdTypeGate: automobile_factory -> result=0 (впервые)
ProdTypeGate: automobile_factory -> result=0 (впервые)
ProdTypeGate: automobile_factory -> result=0 (впервые)
ProdTypeGate: automobile_factory -> result=0 (впервые)
ProdTypeGate: automobile_factory -> result=0 (впервые)
ProdTypeGate: automobile_factory -> result=0 (впервые)
ProdTypeGate: automobile_factory -> result=0 (впервые)
ProdTypeGate: automobile_factory -> result=0 (впервые)
ProdTypeGate: automobile_factory -> result=0 (впервые)
ProdTypeGate: automobile_factory -> result=0 (впервые)
ProdTypeGate: automobile_factory -> result=0 (впервые)
ProdTypeGate: automobile_factory -> result=0 (впервые)
ProdTypeGate: automobile_factory -> result=0 (впервые)
ProdTypeGate: automobile_factory -> result=0 (впервые)
ProdTypeGate: automobile_factory -> result=0 (впервые)
ProdTypeGate: automobile_factory -> result=0 (впервые)
ProdTypeGate: automobile_factory -> result=0 (впервые)
ProdTypeGate: automobile_factory -> result=0 (впервые)
ProdTypeGate: automobile_factory -> result=0 (впервые)
ProdTypeGate: automobile_factory -> result=0 (впервые)
ProdTypeGate: automobile_factory -> result=0 (впервые)
ProdTypeGate: automobile_factory -> result=0 (впервые)
ProdTypeGate: automobile_factory -> result=0 (впервые)
ProdTypeGate: automobile_factory -> result=0 (впервые)
ProdTypeGate: automobile_factory -> result=0 (впервые)
ProdTypeGate: automobile_factory -> result=0 (впервые)
ProdTypeGate: automobile_factory -> result=0 (впервые)
ProdTypeGate: automobile_factory -> result=0 (впервые)
ProdTypeGate: automobile_factory -> result=0 (впервые)
ProdTypeGate: automobile_factory -> result=0 (впервые)
ProdTypeGate: automobile_factory -> result=0 (впервые)
ProdTypeGate: automobile_factory -> result=0 (впервые)
ProdTypeGate: automobile_factory -> result=0 (впервые)
ProdTypeGate: automobile_factory -> result=0 (впервые)
ProdTypeGate: automobile_factory -> result=0 (впервые)
ProdTypeGate: automobile_factory -> result=0 (впервые)
ProdTypeGate: automobile_factory -> result=0 (впервые)
ProdTypeGate: automobile_factory -> result=0 (впервые)
ProdTypeGate: automobile_factory -> result=0 (впервые)
ProdTypeGate: automobile_factory -> result=0 (впервые)
ProdTypeGate: telephone_factory -> result=0 (впервые)
ProdTypeGate: automobile_factory -> result=0 (впервые)
ProdTypeGate: telephone_factory -> result=0 (впервые)
ProdTypeGate: rubber_factory -> result=1 (впервые)
ProdTypeGate: explosives_factory -> result=0 (впервые)
ProdTypeGate: small_arms_factory -> result=0 (впервые)
ProdTypeGate: explosives_factory -> result=0 (впервые)
ProdTypeGate: telephone_factory -> result=0 (впервые)
ProdTypeGate: rubber_factory -> result=1 (впервые)
ProdTypeGate: explosives_factory -> result=0 (впервые)
ProdTypeGate: small_arms_factory -> result=0 (впервые)
ProdTypeGate: explosives_factory -> result=0 (впервые)
ProdTypeGate: explosives_factory -> result=0 (впервые)
ProdTypeGate: small_arms_factory -> result=0 (впервые)
ProdTypeGate: telephone_factory -> result=0 (впервые)
ProdTypeGate: rubber_factory -> result=1 (впервые)
ProdTypeGate: explosives_factory -> result=0 (впервые)
ProdTypeGate: small_arms_factory -> result=0 (впервые)
ProdTypeGate: rubber_factory -> result=1 (впервые)
ProdTypeGate: explosives_factory -> result=0 (впервые)
ProdTypeGate: small_arms_factory -> result=0 (впервые)
ProdTypeGate: explosives_factory -> result=0 (впервые)
ProdTypeGate: explosives_factory -> result=0 (впервые)
ProdTypeGate: small_arms_factory -> result=0 (впервые)
ProdTypeGate: explosives_factory -> result=0 (впервые)
ProdTypeGate: explosives_factory -> result=0 (впервые)
ProdTypeGate: small_arms_factory -> result=0 (впервые)
ProdTypeGate: telephone_factory -> result=0 (впервые)
ProdTypeGate: rubber_factory -> result=1 (впервые)
ProdTypeGate: telephone_factory -> result=0 (впервые)
ProdTypeGate: electric_gear_factory -> result=0 (впервые)
ProdTypeGate: explosives_factory -> result=0 (впервые)
ProdTypeGate: explosives_factory -> result=0 (впервые)
ProdTypeGate: small_arms_factory -> result=0 (впервые)
ProdTypeGate: rubber_factory -> result=1 (впервые)
ProdTypeGate: explosives_factory -> result=0 (впервые)
ProdTypeGate: small_arms_factory -> result=0 (впервые)
ProdTypeGate: explosives_factory -> result=0 (впервые)
ProdTypeGate: telephone_factory -> result=0 (впервые)
ProdTypeGate: rubber_factory -> result=1 (впервые)
ProdTypeGate: explosives_factory -> result=0 (впервые)
ProdTypeGate: small_arms_factory -> result=0 (впервые)
ProdTypeGate: explosives_factory -> result=0 (впервые)
ProdTypeGate: automobile_factory -> result=0 (впервые)
ProdTypeGate: automobile_factory -> result=0 (впервые)
ProdTypeGate: automobile_factory -> result=0 (впервые)
ProdTypeGate: automobile_factory -> result=0 (впервые)
ProdTypeGate: automobile_factory -> result=0 (впервые)
ProdTypeGate: automobile_factory -> result=0 (впервые)
ProdTypeGate: automobile_factory -> result=0 (впервые)
ProdTypeGate: automobile_factory -> result=0 (впервые)
ProdTypeGate: automobile_factory -> result=0 (впервые)
ProdTypeGate: automobile_factory -> result=0 (впервые)
ProdTypeGate: automobile_factory -> result=0 (впервые)
ProdTypeGate: automobile_factory -> result=0 (впервые)
ProdTypeGate: automobile_factory -> result=0 (впервые)
ProdTypeGate: automobile_factory -> result=0 (впервые)
ProdTypeGate: automobile_factory -> result=0 (впервые)
ProdTypeGate: automobile_factory -> result=0 (впервые)
ProdTypeGate: automobile_factory -> result=0 (впервые)
ProdTypeGate: automobile_factory -> result=0 (впервые)
ProdTypeGate: automobile_factory -> result=0 (впервые)
ProdTypeGate: automobile_factory -> result=0 (впервые)
ProdTypeGate: automobile_factory -> result=0 (впервые)
ProdTypeGate: automobile_factory -> result=0 (впервые)
ProdTypeGate: automobile_factory -> result=0 (впервые)
ProdTypeGate: automobile_factory -> result=0 (впервые)
ProdTypeGate: automobile_factory -> result=0 (впервые)
ProdTypeGate: automobile_factory -> result=0 (впервые)
ProdTypeGate: automobile_factory -> result=0 (впервые)
ProdTypeGate: automobile_factory -> result=0 (впервые)
ProdTypeGate: automobile_factory -> result=0 (впервые)
ProdTypeGate: automobile_factory -> result=0 (впервые)
ProdTypeGate: automobile_factory -> result=0 (впервые)
ProdTypeGate: automobile_factory -> result=0 (впервые)
ProdTypeGate: automobile_factory -> result=0 (впервые)
ProdTypeGate: telephone_factory -> result=0 (впервые)
ProdTypeGate: explosives_factory -> result=0 (впервые)
ProdTypeGate: explosives_factory -> result=0 (впервые)
ProdTypeGate: small_arms_factory -> result=0 (впервые)
ProdTypeGate: explosives_factory -> result=0 (впервые)
ProdTypeGate: small_arms_factory -> result=0 (впервые)
ProdTypeGate: automobile_factory -> result=0 (впервые)
ProdTypeGate: automobile_factory -> result=0 (впервые)
ProdTypeGate: automobile_factory -> result=0 (впервые)
ProdTypeGate: automobile_factory -> result=0 (впервые)
ProdTypeGate: automobile_factory -> result=0 (впервые)
ProdTypeGate: automobile_factory -> result=0 (впервые)
ProdTypeGate: automobile_factory -> result=0 (впервые)
ProdTypeGate: automobile_factory -> result=0 (впервые)
ProdTypeGate: automobile_factory -> result=0 (впервые)
ProdTypeGate: automobile_factory -> result=0 (впервые)
ProdTypeGate: automobile_factory -> result=0 (впервые)
ProdTypeGate: automobile_factory -> result=0 (впервые)
ProdTypeGate: automobile_factory -> result=0 (впервые)
ProdTypeGate: telephone_factory -> result=0 (впервые)
ProdTypeGate: rubber_factory -> result=1 (впервые)
ProdTypeGate: explosives_factory -> result=0 (впервые)
ProdTypeGate: small_arms_factory -> result=0 (впервые)
ProdTypeGate: rubber_factory -> result=1 (впервые)
ProdTypeGate: explosives_factory -> result=0 (впервые)
ProdTypeGate: small_arms_factory -> result=0 (впервые)
ProdTypeGate: explosives_factory -> result=0 (впервые)
ProdTypeGate: telephone_factory -> result=0 (впервые)
ProdTypeGate: rubber_factory -> result=1 (впервые)
ProdTypeGate: explosives_factory -> result=0 (впервые)
ProdTypeGate: small_arms_factory -> result=0 (впервые)
ProdTypeGate: rubber_factory -> result=1 (впервые)
ProdTypeGate: explosives_factory -> result=0 (впервые)
ProdTypeGate: small_arms_factory -> result=0 (впервые)
ProdTypeGate: explosives_factory -> result=0 (впервые)
ProdTypeGate: rubber_factory -> result=1 (впервые)
ProdTypeGate: explosives_factory -> result=0 (впервые)
ProdTypeGate: small_arms_factory -> result=0 (впервые)
ProdTypeGate: explosives_factory -> result=0 (впервые)
ProdTypeGate: small_arms_factory -> result=0 (впервые)
ProdTypeGate: explosives_factory -> result=0 (впервые)
ProdTypeGate: small_arms_factory -> result=0 (впервые)
ProdTypeGate: telephone_factory -> result=0 (впервые)
ProdTypeGate: explosives_factory -> result=0 (впервые)
ProdTypeGate: small_arms_factory -> result=0 (впервые)
ProdTypeGate: rubber_factory -> result=1 (впервые)
ProdTypeGate: explosives_factory -> result=0 (впервые)
ProdTypeGate: small_arms_factory -> result=0 (впервые)
ProdTypeGate: explosives_factory -> result=0 (впервые)
ProdTypeGate: explosives_factory -> result=0 (впервые)
ProdTypeGate: small_arms_factory -> result=0 (впервые)
ProdTypeGate: telephone_factory -> result=0 (впервые)
ProdTypeGate: explosives_factory -> result=0 (впервые)
ProdTypeGate: explosives_factory -> result=0 (впервые)
ProdTypeGate: explosives_factory -> result=0 (впервые)
ProdTypeGate: small_arms_factory -> result=0 (впервые)
ProdTypeGate: telephone_factory -> result=0 (впервые)
ProdTypeGate: telephone_factory -> result=0 (впервые)
ProdTypeGate: telephone_factory -> result=0 (впервые)
ProdTypeGate: telephone_factory -> result=0 (впервые)
ProdTypeGate: telephone_factory -> result=0 (впервые)
ProdTypeGate: telephone_factory -> result=0 (впервые)
ProdTypeGate: telephone_factory -> result=0 (впервые)
ProdTypeGate: telephone_factory -> result=0 (впервые)
ProdTypeGate: telephone_factory -> result=0 (впервые)
ProdTypeGate: telephone_factory -> result=0 (впервые)
ProdTypeGate: telephone_factory -> result=0 (впервые)
ProdTypeGate: telephone_factory -> result=0 (впервые)
ProdTypeGate: telephone_factory -> result=0 (впервые)
ProdTypeGate: telephone_factory -> result=0 (впервые)
ProdTypeGate: telephone_factory -> result=0 (впервые)
ProdTypeGate: telephone_factory -> result=0 (впервые)
ProdTypeGate: telephone_factory -> result=0 (впервые)
ProdTypeGate: telephone_factory -> result=0 (впервые)
ProdTypeGate: telephone_factory -> result=0 (впервые)
ProdTypeGate: telephone_factory -> result=0 (впервые)
ProdTypeGate: telephone_factory -> result=0 (впервые)
ProdTypeGate: telephone_factory -> result=0 (впервые)
ProdTypeGate: telephone_factory -> result=0 (впервые)
ProdTypeGate: telephone_factory -> result=0 (впервые)
ProdTypeGate: telephone_factory -> result=0 (впервые)
ProdTypeGate: telephone_factory -> result=0 (впервые)
ProdTypeGate: telephone_factory -> result=0 (впервые)
ProdTypeGate: telephone_factory -> result=0 (впервые)
ProdTypeGate: telephone_factory -> result=0 (впервые)
ProdTypeGate: rubber_factory -> result=1 (впервые)
ProdTypeGate: small_arms_factory -> result=0 (впервые)
ProdTypeGate: explosives_factory -> result=0 (впервые)
ProdTypeGate: rubber_factory -> result=1 (впервые)
ProdTypeGate: explosives_factory -> result=0 (впервые)
ProdTypeGate: small_arms_factory -> result=0 (впервые)
ProdTypeGate: explosives_factory -> result=0 (впервые)
ProdTypeGate: small_arms_factory -> result=0 (впервые)
ProdTypeGate: explosives_factory -> result=0 (впервые)
ProdTypeGate: small_arms_factory -> result=0 (впервые)
ProdTypeGate: telephone_factory -> result=0 (впервые)
ProdTypeGate: explosives_factory -> result=0 (впервые)
ProdTypeGate: telephone_factory -> result=0 (впервые)
ProdTypeGate: telephone_factory -> result=0 (впервые)
ProdTypeGate: telephone_factory -> result=0 (впервые)
ProdTypeGate: telephone_factory -> result=0 (впервые)
ProdTypeGate: telephone_factory -> result=0 (впервые)
ProdTypeGate: explosives_factory -> result=0 (впервые)
ProdTypeGate: telephone_factory -> result=0 (впервые)
ProdTypeGate: rubber_factory -> result=1 (впервые)
ProdTypeGate: small_arms_factory -> result=0 (впервые)
ProdTypeGate: explosives_factory -> result=0 (впервые)
ProdTypeGate: rubber_factory -> result=1 (впервые)
ProdTypeGate: explosives_factory -> result=0 (впервые)
ProdTypeGate: small_arms_factory -> result=0 (впервые)
ProdTypeGate: explosives_factory -> result=0 (впервые)
ProdTypeGate: small_arms_factory -> result=0 (впервые)
ProdTypeGate: telephone_factory -> result=0 (впервые)
ProdTypeGate: explosives_factory -> result=0 (впервые)
ProdTypeGate: telephone_factory -> result=0 (впервые)
ProdTypeGate: rubber_factory -> result=1 (впервые)
ProdTypeGate: small_arms_factory -> result=0 (впервые)
ProdTypeGate: explosives_factory -> result=0 (впервые)
ProdTypeGate: explosives_factory -> result=0 (впервые)
ProdTypeGate: small_arms_factory -> result=0 (впервые)
ProdTypeGate: automobile_factory -> result=0 (впервые)
ProdTypeGate: automobile_factory -> result=0 (впервые)
ProdTypeGate: automobile_factory -> result=0 (впервые)
ProdTypeGate: automobile_factory -> result=0 (впервые)
ProdTypeGate: automobile_factory -> result=0 (впервые)
ProdTypeGate: automobile_factory -> result=0 (впервые)
ProdTypeGate: automobile_factory -> result=0 (впервые)
ProdTypeGate: automobile_factory -> result=0 (впервые)
ProdTypeGate: automobile_factory -> result=0 (впервые)
ProdTypeGate: automobile_factory -> result=0 (впервые)
ProdTypeGate: automobile_factory -> result=0 (впервые)
ProdTypeGate: automobile_factory -> result=0 (впервые)
ProdTypeGate: automobile_factory -> result=0 (впервые)
ProdTypeGate: automobile_factory -> result=0 (впервые)
ProdTypeGate: automobile_factory -> result=0 (впервые)
ProdTypeGate: automobile_factory -> result=0 (впервые)
ProdTypeGate: automobile_factory -> result=0 (впервые)
ProdTypeGate: automobile_factory -> result=0 (впервые)
ProdTypeGate: automobile_factory -> result=0 (впервые)
ProdTypeGate: automobile_factory -> result=0 (впервые)
ProdTypeGate: automobile_factory -> result=0 (впервые)
ProdTypeGate: automobile_factory -> result=0 (впервые)
ProdTypeGate: automobile_factory -> result=0 (впервые)
ProdTypeGate: automobile_factory -> result=0 (впервые)
ProdTypeGate: automobile_factory -> result=0 (впервые)
ProdTypeGate: automobile_factory -> result=0 (впервые)
ProdTypeGate: automobile_factory -> result=0 (впервые)
ProdTypeGate: automobile_factory -> result=0 (впервые)
ProdTypeGate: automobile_factory -> result=0 (впервые)
ProdTypeGate: automobile_factory -> result=0 (впервые)
ProdTypeGate: automobile_factory -> result=0 (впервые)
ProdTypeGate: automobile_factory -> result=0 (впервые)
ProdTypeGate: automobile_factory -> result=0 (впервые)
ProdTypeGate: telephone_factory -> result=0 (впервые)
ProdTypeGate: explosives_factory -> result=0 (впервые)
ProdTypeGate: small_arms_factory -> result=0 (впервые)
ProdTypeGate: rubber_factory -> result=1 (впервые)
ProdTypeGate: small_arms_factory -> result=0 (впервые)
ProdTypeGate: explosives_factory -> result=0 (впервые)
ProdTypeGate: explosives_factory -> result=0 (впервые)
ProdTypeGate: small_arms_factory -> result=0 (впервые)
ProdTypeGate: explosives_factory -> result=0 (впервые)
ProdTypeGate: small_arms_factory -> result=0 (впервые)
ProdTypeGate: automobile_factory -> result=0 (впервые)
ProdTypeGate: automobile_factory -> result=0 (впервые)
ProdTypeGate: automobile_factory -> result=0 (впервые)
ProdTypeGate: automobile_factory -> result=0 (впервые)
ProdTypeGate: automobile_factory -> result=0 (впервые)
ProdTypeGate: automobile_factory -> result=0 (впервые)
ProdTypeGate: automobile_factory -> result=0 (впервые)
ProdTypeGate: automobile_factory -> result=0 (впервые)
ProdTypeGate: automobile_factory -> result=0 (впервые)
ProdTypeGate: automobile_factory -> result=0 (впервые)
ProdTypeGate: automobile_factory -> result=0 (впервые)
ProdTypeGate: automobile_factory -> result=0 (впервые)
ProdTypeGate: automobile_factory -> result=0 (впервые)
ProdTypeGate: automobile_factory -> result=0 (впервые)
ProdTypeGate: automobile_factory -> result=0 (впервые)
ProdTypeGate: automobile_factory -> result=0 (впервые)
ProdTypeGate: automobile_factory -> result=0 (впервые)
ProdTypeGate: automobile_factory -> result=0 (впервые)
ProdTypeGate: automobile_factory -> result=0 (впервые)
ProdTypeGate: automobile_factory -> result=0 (впервые)
ProdTypeGate: automobile_factory -> result=0 (впервые)
ProdTypeGate: automobile_factory -> result=0 (впервые)
ProdTypeGate: automobile_factory -> result=0 (впервые)
ProdTypeGate: automobile_factory -> result=0 (впервые)
ProdTypeGate: automobile_factory -> result=0 (впервые)
ProdTypeGate: automobile_factory -> result=0 (впервые)
ProdTypeGate: automobile_factory -> result=0 (впервые)
ProdTypeGate: automobile_factory -> result=0 (впервые)
ProdTypeGate: automobile_factory -> result=0 (впервые)
ProdTypeGate: automobile_factory -> result=0 (впервые)
ProdTypeGate: automobile_factory -> result=0 (впервые)
ProdTypeGate: automobile_factory -> result=0 (впервые)
ProdTypeGate: automobile_factory -> result=0 (впервые)
ProdTypeGate: automobile_factory -> result=0 (впервые)
ProdTypeGate: automobile_factory -> result=0 (впервые)
ProdTypeGate: automobile_factory -> result=0 (впервые)
ProdTypeGate: automobile_factory -> result=0 (впервые)
ProdTypeGate: automobile_factory -> result=0 (впервые)
ProdTypeGate: automobile_factory -> result=0 (впервые)
ProdTypeGate: automobile_factory -> result=0 (впервые)
ProdTypeGate: automobile_factory -> result=0 (впервые)
ProdTypeGate: automobile_factory -> result=0 (впервые)
ProdTypeGate: automobile_factory -> result=0 (впервые)
ProdTypeGate: automobile_factory -> result=0 (впервые)
ProdTypeGate: automobile_factory -> result=0 (впервые)
ProdTypeGate: automobile_factory -> result=0 (впервые)
ProdTypeGate: automobile_factory -> result=0 (впервые)
ProdTypeGate: automobile_factory -> result=0 (впервые)
ProdTypeGate: automobile_factory -> result=0 (впервые)
ProdTypeGate: automobile_factory -> result=0 (впервые)
ProdTypeGate: automobile_factory -> result=0 (впервые)
ProdTypeGate: automobile_factory -> result=0 (впервые)
ProdTypeGate: automobile_factory -> result=0 (впервые)
ProdTypeGate: automobile_factory -> result=0 (впервые)
ProdTypeGate: automobile_factory -> result=0 (впервые)
ProdTypeGate: automobile_factory -> result=0 (впервые)
ProdTypeGate: telephone_factory -> result=0 (впервые)
ProdTypeGate: explosives_factory -> result=0 (впервые)
ProdTypeGate: rubber_factory -> result=1 (впервые)
ProdTypeGate: explosives_factory -> result=0 (впервые)
ProdTypeGate: small_arms_factory -> result=0 (впервые)
ProdTypeGate: explosives_factory -> result=0 (впервые)
ProdTypeGate: explosives_factory -> result=0 (впервые)
ProdTypeGate: small_arms_factory -> result=0 (впервые)
ProdTypeGate: explosives_factory -> result=0 (впервые)
ProdTypeGate: small_arms_factory -> result=0 (впервые)
ProdTypeGate: telephone_factory -> result=0 (впервые)
ProdTypeGate: explosives_factory -> result=0 (впервые)
ProdTypeGate: small_arms_factory -> result=0 (впервые)
ProdTypeGate: explosives_factory -> result=0 (впервые)
ProdTypeGate: small_arms_factory -> result=0 (впервые)
ProdTypeGate: explosives_factory -> result=0 (впервые)
ProdTypeGate: explosives_factory -> result=0 (впервые)
ProdTypeGate: small_arms_factory -> result=0 (впервые)
ProdTypeGate: explosives_factory -> result=0 (впервые)
ProdTypeGate: small_arms_factory -> result=0 (впервые)
ProdTypeGate: telephone_factory -> result=0 (впервые)
ProdTypeGate: rubber_factory -> result=1 (впервые)
ProdTypeGate: small_arms_factory -> result=0 (впервые)
ProdTypeGate: explosives_factory -> result=0 (впервые)
ProdTypeGate: explosives_factory -> result=0 (впервые)
ProdTypeGate: small_arms_factory -> result=0 (впервые)
ProdTypeGate: telephone_factory -> result=0 (впервые)
ProdTypeGate: rubber_factory -> result=1 (впервые)
ProdTypeGate: explosives_factory -> result=0 (впервые)
ProdTypeGate: small_arms_factory -> result=0 (впервые)
ProdTypeGate: rubber_factory -> result=1 (впервые)
ProdTypeGate: explosives_factory -> result=0 (впервые)
ProdTypeGate: small_arms_factory -> result=0 (впервые)
ProdTypeGate: rubber_factory -> result=1 (впервые)
ProdTypeGate: explosives_factory -> result=0 (впервые)
ProdTypeGate: small_arms_factory -> result=0 (впервые)
ProdTypeGate: rubber_factory -> result=1 (впервые)
ProdTypeGate: small_arms_factory -> result=0 (впервые)
ProdTypeGate: explosives_factory -> result=0 (впервые)
ProdTypeGate: rubber_factory -> result=1 (впервые)
ProdTypeGate: explosives_factory -> result=0 (впервые)
ProdTypeGate: small_arms_factory -> result=0 (впервые)
ProdTypeGate: explosives_factory -> result=0 (впервые)
ProdTypeGate: small_arms_factory -> result=0 (впервые)
ProdTypeGate: automobile_factory -> result=0 (впервые)
ProdTypeGate: automobile_factory -> result=0 (впервые)
ProdTypeGate: automobile_factory -> result=0 (впервые)
ProdTypeGate: automobile_factory -> result=0 (впервые)
ProdTypeGate: automobile_factory -> result=0 (впервые)
ProdTypeGate: automobile_factory -> result=0 (впервые)
ProdTypeGate: automobile_factory -> result=0 (впервые)
ProdTypeGate: automobile_factory -> result=0 (впервые)
ProdTypeGate: automobile_factory -> result=0 (впервые)
ProdTypeGate: automobile_factory -> result=0 (впервые)
ProdTypeGate: automobile_factory -> result=0 (впервые)
ProdTypeGate: automobile_factory -> result=0 (впервые)
ProdTypeGate: automobile_factory -> result=0 (впервые)
ProdTypeGate: automobile_factory -> result=0 (впервые)
ProdTypeGate: automobile_factory -> result=0 (впервые)
ProdTypeGate: automobile_factory -> result=0 (впервые)
ProdTypeGate: automobile_factory -> result=0 (впервые)
ProdTypeGate: automobile_factory -> result=0 (впервые)
ProdTypeGate: automobile_factory -> result=0 (впервые)
ProdTypeGate: automobile_factory -> result=0 (впервые)
ProdTypeGate: automobile_factory -> result=0 (впервые)
ProdTypeGate: automobile_factory -> result=0 (впервые)
ProdTypeGate: automobile_factory -> result=0 (впервые)
ProdTypeGate: automobile_factory -> result=0 (впервые)
ProdTypeGate: automobile_factory -> result=0 (впервые)
ProdTypeGate: automobile_factory -> result=0 (впервые)
ProdTypeGate: automobile_factory -> result=0 (впервые)
ProdTypeGate: automobile_factory -> result=0 (впервые)
ProdTypeGate: automobile_factory -> result=0 (впервые)
ProdTypeGate: automobile_factory -> result=0 (впервые)
ProdTypeGate: automobile_factory -> result=0 (впервые)
ProdTypeGate: automobile_factory -> result=0 (впервые)
ProdTypeGate: automobile_factory -> result=0 (впервые)
ProdTypeGate: telephone_factory -> result=0 (впервые)
ProdTypeGate: explosives_factory -> result=0 (впервые)
ProdTypeGate: rubber_factory -> result=1 (впервые)
ProdTypeGate: explosives_factory -> result=0 (впервые)
ProdTypeGate: small_arms_factory -> result=0 (впервые)
ProdTypeGate: telephone_factory -> result=0 (впервые)
ProdTypeGate: rubber_factory -> result=1 (впервые)
ProdTypeGate: explosives_factory -> result=0 (впервые)
ProdTypeGate: small_arms_factory -> result=0 (впервые)
ProdTypeGate: rubber_factory -> result=1 (впервые)
ProdTypeGate: explosives_factory -> result=0 (впервые)
ProdTypeGate: small_arms_factory -> result=0 (впервые)
ProdTypeGate: explosives_factory -> result=0 (впервые)
ProdTypeGate: automobile_factory -> result=0 (впервые)
ProdTypeGate: automobile_factory -> result=0 (впервые)
ProdTypeGate: automobile_factory -> result=0 (впервые)
ProdTypeGate: automobile_factory -> result=0 (впервые)
ProdTypeGate: automobile_factory -> result=0 (впервые)
ProdTypeGate: automobile_factory -> result=0 (впервые)
ProdTypeGate: automobile_factory -> result=0 (впервые)
ProdTypeGate: automobile_factory -> result=0 (впервые)
ProdTypeGate: automobile_factory -> result=0 (впервые)
ProdTypeGate: automobile_factory -> result=0 (впервые)
ProdTypeGate: automobile_factory -> result=0 (впервые)
ProdTypeGate: automobile_factory -> result=0 (впервые)
ProdTypeGate: automobile_factory -> result=0 (впервые)
ProdTypeGate: automobile_factory -> result=0 (впервые)
ProdTypeGate: automobile_factory -> result=0 (впервые)
ProdTypeGate: telephone_factory -> result=0 (впервые)
ProdTypeGate: rubber_factory -> result=1 (впервые)
ProdTypeGate: explosives_factory -> result=0 (впервые)
ProdTypeGate: small_arms_factory -> result=0 (впервые)
ProdTypeGate: explosives_factory -> result=0 (впервые)
ProdTypeGate: rubber_factory -> result=1 (впервые)
ProdTypeGate: explosives_factory -> result=0 (впервые)
ProdTypeGate: small_arms_factory -> result=0 (впервые)
ProdTypeGate: explosives_factory -> result=0 (впервые)
ProdTypeGate: small_arms_factory -> result=0 (впервые)
ProdTypeGate: telephone_factory -> result=0 (впервые)
ProdTypeGate: explosives_factory -> result=0 (впервые)
ProdTypeGate: rubber_factory -> result=1 (впервые)
ProdTypeGate: explosives_factory -> result=0 (впервые)
ProdTypeGate: small_arms_factory -> result=0 (впервые)
ProdTypeGate: explosives_factory -> result=0 (впервые)
ProdTypeGate: small_arms_factory -> result=0 (впервые)
ProdTypeGate: telephone_factory -> result=0 (впервые)
ProdTypeGate: rubber_factory -> result=1 (впервые)
ProdTypeGate: explosives_factory -> result=0 (впервые)
ProdTypeGate: small_arms_factory -> result=0 (впервые)
ProdTypeGate: rubber_factory -> result=1 (впервые)
ProdTypeGate: explosives_factory -> result=0 (впервые)
ProdTypeGate: small_arms_factory -> result=0 (впервые)
ProdTypeGate: explosives_factory -> result=0 (впервые)
ProdTypeGate: explosives_factory -> result=0 (впервые)
ProdTypeGate: small_arms_factory -> result=0 (впервые)
ProdTypeGate: telephone_factory -> result=0 (впервые)
ProdTypeGate: explosives_factory -> result=0 (впервые)
ProdTypeGate: small_arms_factory -> result=0 (впервые)
ProdTypeGate: explosives_factory -> result=0 (впервые)
ProdTypeGate: telephone_factory -> result=0 (впервые)
ProdTypeGate: telephone_factory -> result=0 (впервые)
ProdTypeGate: telephone_factory -> result=0 (впервые)
ProdTypeGate: telephone_factory -> result=0 (впервые)
ProdTypeGate: telephone_factory -> result=0 (впервые)
ProdTypeGate: telephone_factory -> result=0 (впервые)
ProdTypeGate: telephone_factory -> result=0 (впервые)
ProdTypeGate: telephone_factory -> result=0 (впервые)
ProdTypeGate: explosives_factory -> result=0 (впервые)
ProdTypeGate: small_arms_factory -> result=0 (впервые)
ProdTypeGate: rubber_factory -> result=1 (впервые)
ProdTypeGate: explosives_factory -> result=0 (впервые)
ProdTypeGate: small_arms_factory -> result=0 (впервые)
ProdTypeGate: explosives_factory -> result=0 (впервые)
ProdTypeGate: explosives_factory -> result=0 (впервые)
ProdTypeGate: small_arms_factory -> result=0 (впервые)
ProdTypeGate: telephone_factory -> result=0 (впервые)
ProdTypeGate: telephone_factory -> result=0 (впервые)
ProdTypeGate: telephone_factory -> result=0 (впервые)
ProdTypeGate: telephone_factory -> result=0 (впервые)
ProdTypeGate: telephone_factory -> result=0 (впервые)
ProdTypeGate: telephone_factory -> result=0 (впервые)
ProdTypeGate: telephone_factory -> result=0 (впервые)
ProdTypeGate: telephone_factory -> result=0 (впервые)
ProdTypeGate: telephone_factory -> result=0 (впервые)
ProdTypeGate: telephone_factory -> result=0 (впервые)
ProdTypeGate: telephone_factory -> result=0 (впервые)
ProdTypeGate: telephone_factory -> result=0 (впервые)
ProdTypeGate: telephone_factory -> result=0 (впервые)
ProdTypeGate: telephone_factory -> result=0 (впервые)
ProdTypeGate: telephone_factory -> result=0 (впервые)
ProdTypeGate: telephone_factory -> result=0 (впервые)
ProdTypeGate: telephone_factory -> result=0 (впервые)
ProdTypeGate: telephone_factory -> result=0 (впервые)
ProdTypeGate: telephone_factory -> result=0 (впервые)
ProdTypeGate: telephone_factory -> result=0 (впервые)
ProdTypeGate: telephone_factory -> result=0 (впервые)
ProdTypeGate: telephone_factory -> result=0 (впервые)
ProdTypeGate: telephone_factory -> result=0 (впервые)
ProdTypeGate: telephone_factory -> result=0 (впервые)
ProdTypeGate: telephone_factory -> result=0 (впервые)
ProdTypeGate: telephone_factory -> result=0 (впервые)
ProdTypeGate: telephone_factory -> result=0 (впервые)
ProdTypeGate: telephone_factory -> result=0 (впервые)
ProdTypeGate: telephone_factory -> result=0 (впервые)
ProdTypeGate: rubber_factory -> result=1 (впервые)
ProdTypeGate: explosives_factory -> result=0 (впервые)
ProdTypeGate: small_arms_factory -> result=0 (впервые)
ProdTypeGate: explosives_factory -> result=0 (впервые)
ProdTypeGate: telephone_factory -> result=0 (впервые)
ProdTypeGate: rubber_factory -> result=1 (впервые)
ProdTypeGate: explosives_factory -> result=0 (впервые)
ProdTypeGate: small_arms_factory -> result=0 (впервые)
ProdTypeGate: rubber_factory -> result=1 (впервые)
ProdTypeGate: explosives_factory -> result=0 (впервые)
ProdTypeGate: small_arms_factory -> result=0 (впервые)
ProdTypeGate: explosives_factory -> result=0 (впервые)
ProdTypeGate: explosives_factory -> result=0 (впервые)
ProdTypeGate: small_arms_factory -> result=0 (впервые)
ProdTypeGate: electric_gear_factory -> result=0 (впервые)
ProdTypeGate: electric_gear_factory -> result=0 (впервые)
ProdTypeGate: electric_gear_factory -> result=0 (впервые)
ProdTypeGate: electric_gear_factory -> result=0 (впервые)
ProdTypeGate: electric_gear_factory -> result=0 (впервые)
ProdTypeGate: electric_gear_factory -> result=0 (впервые)
ProdTypeGate: electric_gear_factory -> result=0 (впервые)
ProdTypeGate: electric_gear_factory -> result=0 (впервые)
ProdTypeGate: electric_gear_factory -> result=0 (впервые)
ProdTypeGate: electric_gear_factory -> result=0 (впервые)
ProdTypeGate: electric_gear_factory -> result=0 (впервые)
ProdTypeGate: electric_gear_factory -> result=0 (впервые)
ProdTypeGate: electric_gear_factory -> result=0 (впервые)
ProdTypeGate: electric_gear_factory -> result=0 (впервые)
ProdTypeGate: electric_gear_factory -> result=0 (впервые)
ProdTypeGate: electric_gear_factory -> result=0 (впервые)
ProdTypeGate: electric_gear_factory -> result=0 (впервые)
ProdTypeGate: electric_gear_factory -> result=0 (впервые)
ProdTypeGate: electric_gear_factory -> result=0 (впервые)
ProdTypeGate: electric_gear_factory -> result=0 (впервые)
ProdTypeGate: electric_gear_factory -> result=0 (впервые)
ProdTypeGate: electric_gear_factory -> result=0 (впервые)
ProdTypeGate: electric_gear_factory -> result=0 (впервые)
ProdTypeGate: electric_gear_factory -> result=0 (впервые)
ProdTypeGate: electric_gear_factory -> result=0 (впервые)
ProdTypeGate: electric_gear_factory -> result=0 (впервые)
ProdTypeGate: electric_gear_factory -> result=0 (впервые)
ProdTypeGate: electric_gear_factory -> result=0 (впервые)
ProdTypeGate: electric_gear_factory -> result=0 (впервые)
ProdTypeGate: electric_gear_factory -> result=0 (впервые)
ProdTypeGate: electric_gear_factory -> result=0 (впервые)
ProdTypeGate: electric_gear_factory -> result=0 (впервые)
ProdTypeGate: electric_gear_factory -> result=0 (впервые)
ProdTypeGate: electric_gear_factory -> result=0 (впервые)
ProdTypeGate: electric_gear_factory -> result=0 (впервые)
ProdTypeGate: electric_gear_factory -> result=0 (впервые)
ProdTypeGate: electric_gear_factory -> result=0 (впервые)
ProdTypeGate: electric_gear_factory -> result=0 (впервые)
ProdTypeGate: electric_gear_factory -> result=0 (впервые)
ProdTypeGate: electric_gear_factory -> result=0 (впервые)
ProdTypeGate: electric_gear_factory -> result=0 (впервые)
ProdTypeGate: electric_gear_factory -> result=0 (впервые)
ProdTypeGate: electric_gear_factory -> result=0 (впервые)
ProdTypeGate: electric_gear_factory -> result=0 (впервые)
ProdTypeGate: electric_gear_factory -> result=0 (впервые)
ProdTypeGate: telephone_factory -> result=0 (впервые)
ProdTypeGate: explosives_factory -> result=0 (впервые)
ProdTypeGate: explosives_factory -> result=0 (впервые)
ProdTypeGate: automobile_factory -> result=0 (впервые)
ProdTypeGate: automobile_factory -> result=0 (впервые)
ProdTypeGate: automobile_factory -> result=0 (впервые)
ProdTypeGate: automobile_factory -> result=0 (впервые)
ProdTypeGate: automobile_factory -> result=0 (впервые)
ProdTypeGate: automobile_factory -> result=0 (впервые)
ProdTypeGate: automobile_factory -> result=0 (впервые)
ProdTypeGate: automobile_factory -> result=0 (впервые)
ProdTypeGate: automobile_factory -> result=0 (впервые)
ProdTypeGate: automobile_factory -> result=0 (впервые)
ProdTypeGate: automobile_factory -> result=0 (впервые)
ProdTypeGate: automobile_factory -> result=0 (впервые)
ProdTypeGate: automobile_factory -> result=0 (впервые)
ProdTypeGate: automobile_factory -> result=0 (впервые)
ProdTypeGate: automobile_factory -> result=0 (впервые)
ProdTypeGate: automobile_factory -> result=0 (впервые)
ProdTypeGate: automobile_factory -> result=0 (впервые)
ProdTypeGate: automobile_factory -> result=0 (впервые)
ProdTypeGate: automobile_factory -> result=0 (впервые)
ProdTypeGate: automobile_factory -> result=0 (впервые)
ProdTypeGate: automobile_factory -> result=0 (впервые)
ProdTypeGate: automobile_factory -> result=0 (впервые)
ProdTypeGate: automobile_factory -> result=0 (впервые)
ProdTypeGate: automobile_factory -> result=0 (впервые)
ProdTypeGate: automobile_factory -> result=0 (впервые)
ProdTypeGate: automobile_factory -> result=0 (впервые)
ProdTypeGate: automobile_factory -> result=0 (впервые)
ProdTypeGate: automobile_factory -> result=0 (впервые)
ProdTypeGate: automobile_factory -> result=0 (впервые)
ProdTypeGate: automobile_factory -> result=0 (впервые)
ProdTypeGate: automobile_factory -> result=0 (впервые)
ProdTypeGate: automobile_factory -> result=0 (впервые)
ProdTypeGate: telephone_factory -> result=0 (впервые)
ProdTypeGate: telephone_factory -> result=0 (впервые)
ProdTypeGate: telephone_factory -> result=0 (впервые)
ProdTypeGate: telephone_factory -> result=0 (впервые)
ProdTypeGate: electric_gear_factory -> result=0 (впервые)
ProdTypeGate: electric_gear_factory -> result=0 (впервые)
ProdTypeGate: electric_gear_factory -> result=0 (впервые)
ProdTypeGate: electric_gear_factory -> result=0 (впервые)
ProdTypeGate: electric_gear_factory -> result=0 (впервые)
ProdTypeGate: electric_gear_factory -> result=0 (впервые)
ProdTypeGate: automobile_factory -> result=0 (впервые)
ProdTypeGate: electric_gear_factory -> result=0 (впервые)
ProdTypeGate: telephone_factory -> result=0 (впервые)
ProdTypeGate: explosives_factory -> result=0 (впервые)
ProdTypeGate: automobile_factory -> result=0 (впервые)
ProdTypeGate: automobile_factory -> result=0 (впервые)
ProdTypeGate: automobile_factory -> result=0 (впервые)
ProdTypeGate: automobile_factory -> result=0 (впервые)
ProdTypeGate: automobile_factory -> result=0 (впервые)
ProdTypeGate: automobile_factory -> result=0 (впервые)
ProdTypeGate: automobile_factory -> result=0 (впервые)
ProdTypeGate: automobile_factory -> result=0 (впервые)
ProdTypeGate: automobile_factory -> result=0 (впервые)
ProdTypeGate: automobile_factory -> result=0 (впервые)
ProdTypeGate: automobile_factory -> result=0 (впервые)
ProdTypeGate: automobile_factory -> result=0 (впервые)
ProdTypeGate: automobile_factory -> result=0 (впервые)
ProdTypeGate: automobile_factory -> result=0 (впервые)
ProdTypeGate: automobile_factory -> result=0 (впервые)
ProdTypeGate: automobile_factory -> result=0 (впервые)
ProdTypeGate: automobile_factory -> result=0 (впервые)
ProdTypeGate: automobile_factory -> result=0 (впервые)
ProdTypeGate: automobile_factory -> result=0 (впервые)
ProdTypeGate: automobile_factory -> result=0 (впервые)
ProdTypeGate: automobile_factory -> result=0 (впервые)
ProdTypeGate: automobile_factory -> result=0 (впервые)
ProdTypeGate: automobile_factory -> result=0 (впервые)
ProdTypeGate: automobile_factory -> result=0 (впервые)
ProdTypeGate: automobile_factory -> result=0 (впервые)
ProdTypeGate: automobile_factory -> result=0 (впервые)
ProdTypeGate: automobile_factory -> result=0 (впервые)
ProdTypeGate: automobile_factory -> result=0 (впервые)
ProdTypeGate: automobile_factory -> result=0 (впервые)
ProdTypeGate: automobile_factory -> result=0 (впервые)
ProdTypeGate: automobile_factory -> result=0 (впервые)
ProdTypeGate: automobile_factory -> result=0 (впервые)
ProdTypeGate: automobile_factory -> result=0 (впервые)
ProdTypeGate: automobile_factory -> result=0 (впервые)
ProdTypeGate: automobile_factory -> result=0 (впервые)
ProdTypeGate: automobile_factory -> result=0 (впервые)
ProdTypeGate: automobile_factory -> result=0 (впервые)
ProdTypeGate: automobile_factory -> result=0 (впервые)
ProdTypeGate: automobile_factory -> result=0 (впервые)
ProdTypeGate: automobile_factory -> result=0 (впервые)
ProdTypeGate: automobile_factory -> result=0 (впервые)
ProdTypeGate: automobile_factory -> result=0 (впервые)
ProdTypeGate: automobile_factory -> result=0 (впервые)
ProdTypeGate: automobile_factory -> result=0 (впервые)
ProdTypeGate: automobile_factory -> result=0 (впервые)
ProdTypeGate: automobile_factory -> result=0 (впервые)
ProdTypeGate: automobile_factory -> result=0 (впервые)
ProdTypeGate: automobile_factory -> result=0 (впервые)
ProdTypeGate: automobile_factory -> result=0 (впервые)
ProdTypeGate: automobile_factory -> result=0 (впервые)
ProdTypeGate: automobile_factory -> result=0 (впервые)
ProdTypeGate: automobile_factory -> result=0 (впервые)
ProdTypeGate: automobile_factory -> result=0 (впервые)
ProdTypeGate: automobile_factory -> result=0 (впервые)
ProdTypeGate: automobile_factory -> result=0 (впервые)
ProdTypeGate: electric_gear_factory -> result=0 (впервые)
ProdTypeGate: electric_gear_factory -> result=0 (впервые)
ProdTypeGate: electric_gear_factory -> result=0 (впервые)
ProdTypeGate: automobile_factory -> result=0 (впервые)
ProdTypeGate: electric_gear_factory -> result=0 (впервые)
ProdTypeGate: telephone_factory -> result=0 (впервые)
ProdTypeGate: explosives_factory -> result=0 (впервые)
ProdTypeGate: rubber_factory -> result=1 (впервые)
ProdTypeGate: explosives_factory -> result=0 (впервые)
ProdTypeGate: small_arms_factory -> result=0 (впервые)
ProdTypeGate: explosives_factory -> result=0 (впервые)
ProdTypeGate: small_arms_factory -> result=0 (впервые)
ProdTypeGate: explosives_factory -> result=0 (впервые)
ProdTypeGate: small_arms_factory -> result=0 (впервые)
ProdTypeGate: electric_gear_factory -> result=0 (впервые)
ProdTypeGate: electric_gear_factory -> result=0 (впервые)
ProdTypeGate: electric_gear_factory -> result=0 (впервые)
ProdTypeGate: electric_gear_factory -> result=0 (впервые)
ProdTypeGate: electric_gear_factory -> result=0 (впервые)
ProdTypeGate: electric_gear_factory -> result=0 (впервые)
ProdTypeGate: electric_gear_factory -> result=0 (впервые)
ProdTypeGate: electric_gear_factory -> result=0 (впервые)
ProdTypeGate: electric_gear_factory -> result=0 (впервые)
ProdTypeGate: electric_gear_factory -> result=0 (впервые)
ProdTypeGate: electric_gear_factory -> result=0 (впервые)
ProdTypeGate: electric_gear_factory -> result=0 (впервые)
ProdTypeGate: electric_gear_factory -> result=0 (впервые)
ProdTypeGate: electric_gear_factory -> result=0 (впервые)
ProdTypeGate: electric_gear_factory -> result=0 (впервые)
ProdTypeGate: electric_gear_factory -> result=0 (впервые)
ProdTypeGate: electric_gear_factory -> result=0 (впервые)
ProdTypeGate: electric_gear_factory -> result=0 (впервые)
ProdTypeGate: electric_gear_factory -> result=0 (впервые)
ProdTypeGate: electric_gear_factory -> result=0 (впервые)
ProdTypeGate: electric_gear_factory -> result=0 (впервые)
ProdTypeGate: electric_gear_factory -> result=0 (впервые)
ProdTypeGate: electric_gear_factory -> result=0 (впервые)
ProdTypeGate: telephone_factory -> result=0 (впервые)
ProdTypeGate: explosives_factory -> result=0 (впервые)
ProdTypeGate: rubber_factory -> result=1 (впервые)
ProdTypeGate: explosives_factory -> result=0 (впервые)
ProdTypeGate: small_arms_factory -> result=0 (впервые)
ProdTypeGate: rubber_factory -> result=1 (впервые)
ProdTypeGate: explosives_factory -> result=0 (впервые)
ProdTypeGate: small_arms_factory -> result=0 (впервые)
ProdTypeGate: explosives_factory -> result=0 (впервые)
ProdTypeGate: explosives_factory -> result=0 (впервые)
ProdTypeGate: small_arms_factory -> result=0 (впервые)
ProdTypeGate: explosives_factory -> result=0 (впервые)
ProdTypeGate: small_arms_factory -> result=0 (впервые)
ProdTypeGate: electric_gear_factory -> result=0 (впервые)
ProdTypeGate: electric_gear_factory -> result=0 (впервые)
ProdTypeGate: electric_gear_factory -> result=0 (впервые)
ProdTypeGate: electric_gear_factory -> result=0 (впервые)
ProdTypeGate: electric_gear_factory -> result=0 (впервые)
ProdTypeGate: electric_gear_factory -> result=0 (впервые)
ProdTypeGate: electric_gear_factory -> result=0 (впервые)
ProdTypeGate: electric_gear_factory -> result=0 (впервые)
ProdTypeGate: electric_gear_factory -> result=0 (впервые)
ProdTypeGate: telephone_factory -> result=0 (впервые)
ProdTypeGate: rubber_factory -> result=1 (впервые)
ProdTypeGate: explosives_factory -> result=0 (впервые)
ProdTypeGate: small_arms_factory -> result=0 (впервые)
ProdTypeGate: rubber_factory -> result=1 (впервые)
ProdTypeGate: explosives_factory -> result=0 (впервые)
ProdTypeGate: small_arms_factory -> result=0 (впервые)
ProdTypeGate: explosives_factory -> result=0 (впервые)
ProdTypeGate: explosives_factory -> result=0 (впервые)
ProdTypeGate: small_arms_factory -> result=0 (впервые)
ProdTypeGate: automobile_factory -> result=0 (впервые)
ProdTypeGate: automobile_factory -> result=0 (впервые)
ProdTypeGate: automobile_factory -> result=0 (впервые)
ProdTypeGate: automobile_factory -> result=0 (впервые)
ProdTypeGate: automobile_factory -> result=0 (впервые)
ProdTypeGate: automobile_factory -> result=0 (впервые)
ProdTypeGate: automobile_factory -> result=0 (впервые)
ProdTypeGate: automobile_factory -> result=0 (впервые)
ProdTypeGate: automobile_factory -> result=0 (впервые)
ProdTypeGate: automobile_factory -> result=0 (впервые)
ProdTypeGate: automobile_factory -> result=0 (впервые)
ProdTypeGate: automobile_factory -> result=0 (впервые)
ProdTypeGate: automobile_factory -> result=0 (впервые)
ProdTypeGate: telephone_factory -> result=0 (впервые)
ProdTypeGate: explosives_factory -> result=0 (впервые)
ProdTypeGate: small_arms_factory -> result=0 (впервые)
ProdTypeGate: rubber_factory -> result=1 (впервые)
ProdTypeGate: explosives_factory -> result=0 (впервые)
ProdTypeGate: small_arms_factory -> result=0 (впервые)
ProdTypeGate: rubber_factory -> result=1 (впервые)
ProdTypeGate: explosives_factory -> result=0 (впервые)
ProdTypeGate: small_arms_factory -> result=0 (впервые)
ProdTypeGate: explosives_factory -> result=0 (впервые)
ProdTypeGate: telephone_factory -> result=0 (впервые)
ProdTypeGate: explosives_factory -> result=0 (впервые)
ProdTypeGate: small_arms_factory -> result=0 (впервые)
ProdTypeGate: rubber_factory -> result=1 (впервые)
ProdTypeGate: explosives_factory -> result=0 (впервые)
ProdTypeGate: small_arms_factory -> result=0 (впервые)
ProdTypeGate: explosives_factory -> result=0 (впервые)
ProdTypeGate: rubber_factory -> result=1 (впервые)
ProdTypeGate: explosives_factory -> result=0 (впервые)
ProdTypeGate: small_arms_factory -> result=0 (впервые)
ProdTypeGate: explosives_factory -> result=0 (впервые)
ProdTypeGate: small_arms_factory -> result=0 (впервые)
ProdTypeGate: telephone_factory -> result=0 (впервые)
ProdTypeGate: explosives_factory -> result=0 (впервые)
ProdTypeGate: small_arms_factory -> result=0 (впервые)
ProdTypeGate: rubber_factory -> result=1 (впервые)
ProdTypeGate: explosives_factory -> result=0 (впервые)
ProdTypeGate: small_arms_factory -> result=0 (впервые)
ProdTypeGate: explosives_factory -> result=0 (впервые)
ProdTypeGate: rubber_factory -> result=1 (впервые)
ProdTypeGate: explosives_factory -> result=0 (впервые)
ProdTypeGate: small_arms_factory -> result=0 (впервые)
ProdTypeGate: explosives_factory -> result=0 (впервые)
ProdTypeGate: small_arms_factory -> result=0 (впервые)
ProdTypeGate: explosives_factory -> result=0 (впервые)
ProdTypeGate: small_arms_factory -> result=0 (впервые)
ProdTypeGate: telephone_factory -> result=0 (впервые)
ProdTypeGate: explosives_factory -> result=0 (впервые)
ProdTypeGate: small_arms_factory -> result=0 (впервые)
ProdTypeGate: rubber_factory -> result=1 (впервые)
ProdTypeGate: explosives_factory -> result=0 (впервые)
ProdTypeGate: small_arms_factory -> result=0 (впервые)
ProdTypeGate: explosives_factory -> result=0 (впервые)
ProdTypeGate: explosives_factory -> result=0 (впервые)
ProdTypeGate: small_arms_factory -> result=0 (впервые)
ProdTypeGate: telephone_factory -> result=0 (впервые)
ProdTypeGate: explosives_factory -> result=0 (впервые)
ProdTypeGate: explosives_factory -> result=0 (впервые)
ProdTypeGate: small_arms_factory -> result=0 (впервые)
ProdTypeGate: automobile_factory -> result=0 (впервые)
ProdTypeGate: automobile_factory -> result=0 (впервые)
ProdTypeGate: automobile_factory -> result=0 (впервые)
ProdTypeGate: automobile_factory -> result=0 (впервые)
ProdTypeGate: automobile_factory -> result=0 (впервые)
ProdTypeGate: automobile_factory -> result=0 (впервые)
ProdTypeGate: automobile_factory -> result=0 (впервые)
ProdTypeGate: automobile_factory -> result=0 (впервые)
ProdTypeGate: automobile_factory -> result=0 (впервые)
ProdTypeGate: automobile_factory -> result=0 (впервые)
ProdTypeGate: automobile_factory -> result=0 (впервые)
ProdTypeGate: automobile_factory -> result=0 (впервые)
ProdTypeGate: automobile_factory -> result=0 (впервые)
ProdTypeGate: automobile_factory -> result=0 (впервые)
ProdTypeGate: automobile_factory -> result=0 (впервые)
ProdTypeGate: automobile_factory -> result=0 (впервые)
ProdTypeGate: automobile_factory -> result=0 (впервые)
ProdTypeGate: automobile_factory -> result=0 (впервые)
ProdTypeGate: automobile_factory -> result=0 (впервые)
ProdTypeGate: automobile_factory -> result=0 (впервые)
ProdTypeGate: automobile_factory -> result=0 (впервые)
ProdTypeGate: automobile_factory -> result=0 (впервые)
ProdTypeGate: automobile_factory -> result=0 (впервые)
ProdTypeGate: automobile_factory -> result=0 (впервые)
ProdTypeGate: automobile_factory -> result=0 (впервые)
ProdTypeGate: automobile_factory -> result=0 (впервые)
ProdTypeGate: automobile_factory -> result=0 (впервые)
ProdTypeGate: automobile_factory -> result=0 (впервые)
ProdTypeGate: automobile_factory -> result=0 (впервые)
ProdTypeGate: automobile_factory -> result=0 (впервые)
ProdTypeGate: automobile_factory -> result=0 (впервые)
ProdTypeGate: automobile_factory -> result=0 (впервые)
ProdTypeGate: automobile_factory -> result=0 (впервые)
ProdTypeGate: telephone_factory -> result=0 (впервые)
ProdTypeGate: rubber_factory -> result=1 (впервые)
ProdTypeGate: explosives_factory -> result=0 (впервые)
ProdTypeGate: small_arms_factory -> result=0 (впервые)
ProdTypeGate: explosives_factory -> result=0 (впервые)
ProdTypeGate: explosives_factory -> result=0 (впервые)
ProdTypeGate: small_arms_factory -> result=0 (впервые)
ProdTypeGate: electric_gear_factory -> result=0 (впервые)
ProdTypeGate: electric_gear_factory -> result=0 (впервые)
ProdTypeGate: electric_gear_factory -> result=0 (впервые)
ProdTypeGate: electric_gear_factory -> result=0 (впервые)
ProdTypeGate: electric_gear_factory -> result=0 (впервые)
ProdTypeGate: electric_gear_factory -> result=0 (впервые)
ProdTypeGate: electric_gear_factory -> result=0 (впервые)
ProdTypeGate: electric_gear_factory -> result=0 (впервые)
ProdTypeGate: electric_gear_factory -> result=0 (впервые)
ProdTypeGate: electric_gear_factory -> result=0 (впервые)
ProdTypeGate: electric_gear_factory -> result=0 (впервые)
ProdTypeGate: electric_gear_factory -> result=0 (впервые)
ProdTypeGate: electric_gear_factory -> result=0 (впервые)
ProdTypeGate: electric_gear_factory -> result=0 (впервые)
ProdTypeGate: electric_gear_factory -> result=0 (впервые)
ProdTypeGate: electric_gear_factory -> result=0 (впервые)
ProdTypeGate: electric_gear_factory -> result=0 (впервые)
ProdTypeGate: electric_gear_factory -> result=0 (впервые)
ProdTypeGate: electric_gear_factory -> result=0 (впервые)
ProdTypeGate: electric_gear_factory -> result=0 (впервые)
ProdTypeGate: electric_gear_factory -> result=0 (впервые)
ProdTypeGate: electric_gear_factory -> result=0 (впервые)
ProdTypeGate: electric_gear_factory -> result=0 (впервые)
ProdTypeGate: electric_gear_factory -> result=0 (впервые)
ProdTypeGate: telephone_factory -> result=0 (впервые)
ProdTypeGate: rubber_factory -> result=1 (впервые)
ProdTypeGate: explosives_factory -> result=0 (впервые)
ProdTypeGate: small_arms_factory -> result=0 (впервые)
ProdTypeGate: rubber_factory -> result=1 (впервые)
ProdTypeGate: explosives_factory -> result=0 (впервые)
ProdTypeGate: small_arms_factory -> result=0 (впервые)
ProdTypeGate: rubber_factory -> result=1 (впервые)
ProdTypeGate: small_arms_factory -> result=0 (впервые)
ProdTypeGate: rubber_factory -> result=1 (впервые)
ProdTypeGate: explosives_factory -> result=0 (впервые)
ProdTypeGate: small_arms_factory -> result=0 (впервые)
ProdTypeGate: explosives_factory -> result=0 (впервые)
ProdTypeGate: rubber_factory -> result=1 (впервые)
ProdTypeGate: explosives_factory -> result=0 (впервые)
ProdTypeGate: small_arms_factory -> result=0 (впервые)
ProdTypeGate: explosives_factory -> result=0 (впервые)
ProdTypeGate: small_arms_factory -> result=0 (впервые)
ProdTypeGate: explosives_factory -> result=0 (впервые)
ProdTypeGate: small_arms_factory -> result=0 (впервые)
ProdTypeGate: electric_gear_factory -> result=0 (впервые)
ProdTypeGate: electric_gear_factory -> result=0 (впервые)
ProdTypeGate: electric_gear_factory -> result=0 (впервые)
ProdTypeGate: electric_gear_factory -> result=0 (впервые)
ProdTypeGate: electric_gear_factory -> result=0 (впервые)
ProdTypeGate: electric_gear_factory -> result=0 (впервые)
ProdTypeGate: electric_gear_factory -> result=0 (впервые)
ProdTypeGate: electric_gear_factory -> result=0 (впервые)
ProdTypeGate: electric_gear_factory -> result=0 (впервые)
ProdTypeGate: electric_gear_factory -> result=0 (впервые)
ProdTypeGate: electric_gear_factory -> result=0 (впервые)
ProdTypeGate: electric_gear_factory -> result=0 (впервые)
ProdTypeGate: electric_gear_factory -> result=0 (впервые)
ProdTypeGate: electric_gear_factory -> result=0 (впервые)
ProdTypeGate: electric_gear_factory -> result=0 (впервые)
ProdTypeGate: electric_gear_factory -> result=0 (впервые)
ProdTypeGate: electric_gear_factory -> result=0 (впервые)
ProdTypeGate: electric_gear_factory -> result=0 (впервые)
ProdTypeGate: electric_gear_factory -> result=0 (впервые)
ProdTypeGate: telephone_factory -> result=0 (впервые)
ProdTypeGate: rubber_factory -> result=1 (впервые)
ProdTypeGate: explosives_factory -> result=0 (впервые)
ProdTypeGate: small_arms_factory -> result=0 (впервые)
ProdTypeGate: explosives_factory -> result=0 (впервые)
ProdTypeGate: rubber_factory -> result=1 (впервые)
ProdTypeGate: explosives_factory -> result=0 (впервые)
ProdTypeGate: small_arms_factory -> result=0 (впервые)
ProdTypeGate: explosives_factory -> result=0 (впервые)
ProdTypeGate: small_arms_factory -> result=0 (впервые)
ProdTypeGate: automobile_factory -> result=0 (впервые)
ProdTypeGate: automobile_factory -> result=0 (впервые)
ProdTypeGate: automobile_factory -> result=0 (впервые)
ProdTypeGate: automobile_factory -> result=0 (впервые)
ProdTypeGate: automobile_factory -> result=0 (впервые)
ProdTypeGate: automobile_factory -> result=0 (впервые)
ProdTypeGate: automobile_factory -> result=0 (впервые)
ProdTypeGate: automobile_factory -> result=0 (впервые)
ProdTypeGate: automobile_factory -> result=0 (впервые)
ProdTypeGate: automobile_factory -> result=0 (впервые)
ProdTypeGate: automobile_factory -> result=0 (впервые)
ProdTypeGate: automobile_factory -> result=0 (впервые)
ProdTypeGate: automobile_factory -> result=0 (впервые)
ProdTypeGate: automobile_factory -> result=0 (впервые)
ProdTypeGate: automobile_factory -> result=0 (впервые)
ProdTypeGate: automobile_factory -> result=0 (впервые)
ProdTypeGate: automobile_factory -> result=0 (впервые)
ProdTypeGate: automobile_factory -> result=0 (впервые)
ProdTypeGate: automobile_factory -> result=0 (впервые)
ProdTypeGate: automobile_factory -> result=0 (впервые)
ProdTypeGate: automobile_factory -> result=0 (впервые)
ProdTypeGate: automobile_factory -> result=0 (впервые)
ProdTypeGate: automobile_factory -> result=0 (впервые)
ProdTypeGate: automobile_factory -> result=0 (впервые)
ProdTypeGate: automobile_factory -> result=0 (впервые)
ProdTypeGate: automobile_factory -> result=0 (впервые)
ProdTypeGate: automobile_factory -> result=0 (впервые)
ProdTypeGate: automobile_factory -> result=0 (впервые)
ProdTypeGate: automobile_factory -> result=0 (впервые)
ProdTypeGate: automobile_factory -> result=0 (впервые)
ProdTypeGate: automobile_factory -> result=0 (впервые)
ProdTypeGate: automobile_factory -> result=0 (впервые)
ProdTypeGate: automobile_factory -> result=0 (впервые)
ProdTypeGate: automobile_factory -> result=0 (впервые)
ProdTypeGate: automobile_factory -> result=0 (впервые)
ProdTypeGate: automobile_factory -> result=0 (впервые)
ProdTypeGate: automobile_factory -> result=0 (впервые)
ProdTypeGate: automobile_factory -> result=0 (впервые)
ProdTypeGate: automobile_factory -> result=0 (впервые)
ProdTypeGate: automobile_factory -> result=0 (впервые)
ProdTypeGate: automobile_factory -> result=0 (впервые)
ProdTypeGate: automobile_factory -> result=0 (впервые)
ProdTypeGate: automobile_factory -> result=0 (впервые)
ProdTypeGate: automobile_factory -> result=0 (впервые)
ProdTypeGate: automobile_factory -> result=0 (впервые)
ProdTypeGate: automobile_factory -> result=0 (впервые)
ProdTypeGate: automobile_factory -> result=0 (впервые)
ProdTypeGate: automobile_factory -> result=0 (впервые)
ProdTypeGate: automobile_factory -> result=0 (впервые)
ProdTypeGate: automobile_factory -> result=0 (впервые)
ProdTypeGate: automobile_factory -> result=0 (впервые)
ProdTypeGate: automobile_factory -> result=0 (впервые)
ProdTypeGate: automobile_factory -> result=0 (впервые)
ProdTypeGate: automobile_factory -> result=0 (впервые)
ProdTypeGate: automobile_factory -> result=0 (впервые)
ProdTypeGate: automobile_factory -> result=0 (впервые)
ProdTypeGate: electric_gear_factory -> result=0 (впервые)
ProdTypeGate: electric_gear_factory -> result=0 (впервые)
ProdTypeGate: electric_gear_factory -> result=0 (впервые)
ProdTypeGate: electric_gear_factory -> result=0 (впервые)
ProdTypeGate: electric_gear_factory -> result=0 (впервые)
ProdTypeGate: electric_gear_factory -> result=0 (впервые)
ProdTypeGate: electric_gear_factory -> result=0 (впервые)
ProdTypeGate: telephone_factory -> result=0 (впервые)
ProdTypeGate: explosives_factory -> result=0 (впервые)
ProdTypeGate: explosives_factory -> result=0 (впервые)
ProdTypeGate: small_arms_factory -> result=0 (впервые)
ProdTypeGate: explosives_factory -> result=0 (впервые)
ProdTypeGate: small_arms_factory -> result=0 (впервые)
ProdTypeGate: electric_gear_factory -> result=0 (впервые)
ProdTypeGate: electric_gear_factory -> result=0 (впервые)
ProdTypeGate: electric_gear_factory -> result=0 (впервые)
ProdTypeGate: electric_gear_factory -> result=0 (впервые)
ProdTypeGate: electric_gear_factory -> result=0 (впервые)
ProdTypeGate: electric_gear_factory -> result=0 (впервые)
ProdTypeGate: electric_gear_factory -> result=0 (впервые)
ProdTypeGate: electric_gear_factory -> result=0 (впервые)
ProdTypeGate: electric_gear_factory -> result=0 (впервые)
ProdTypeGate: electric_gear_factory -> result=0 (впервые)
ProdTypeGate: electric_gear_factory -> result=0 (впервые)
ProdTypeGate: electric_gear_factory -> result=0 (впервые)
ProdTypeGate: electric_gear_factory -> result=0 (впервые)
ProdTypeGate: electric_gear_factory -> result=0 (впервые)
ProdTypeGate: electric_gear_factory -> result=0 (впервые)
ProdTypeGate: electric_gear_factory -> result=0 (впервые)
ProdTypeGate: electric_gear_factory -> result=0 (впервые)
ProdTypeGate: electric_gear_factory -> result=0 (впервые)
ProdTypeGate: electric_gear_factory -> result=0 (впервые)
ProdTypeGate: electric_gear_factory -> result=0 (впервые)
ProdTypeGate: electric_gear_factory -> result=0 (впервые)
ProdTypeGate: electric_gear_factory -> result=0 (впервые)
ProdTypeGate: electric_gear_factory -> result=0 (впервые)
ProdTypeGate: electric_gear_factory -> result=0 (впервые)
ProdTypeGate: electric_gear_factory -> result=0 (впервые)
ProdTypeGate: electric_gear_factory -> result=0 (впервые)
ProdTypeGate: electric_gear_factory -> result=0 (впервые)
ProdTypeGate: electric_gear_factory -> result=0 (впервые)
ProdTypeGate: electric_gear_factory -> result=0 (впервые)
ProdTypeGate: electric_gear_factory -> result=0 (впервые)
ProdTypeGate: electric_gear_factory -> result=0 (впервые)
ProdTypeGate: electric_gear_factory -> result=0 (впервые)
ProdTypeGate: electric_gear_factory -> result=0 (впервые)
ProdTypeGate: electric_gear_factory -> result=0 (впервые)
ProdTypeGate: electric_gear_factory -> result=0 (впервые)
ProdTypeGate: electric_gear_factory -> result=0 (впервые)
ProdTypeGate: electric_gear_factory -> result=0 (впервые)
ProdTypeGate: electric_gear_factory -> result=0 (впервые)
ProdTypeGate: electric_gear_factory -> result=0 (впервые)
ProdTypeGate: electric_gear_factory -> result=0 (впервые)
ProdTypeGate: electric_gear_factory -> result=0 (впервые)
ProdTypeGate: electric_gear_factory -> result=0 (впервые)
ProdTypeGate: electric_gear_factory -> result=0 (впервые)
ProdTypeGate: electric_gear_factory -> result=0 (впервые)
ProdTypeGate: electric_gear_factory -> result=0 (впервые)
ProdTypeGate: electric_gear_factory -> result=0 (впервые)
ProdTypeGate: electric_gear_factory -> result=0 (впервые)
ProdTypeGate: electric_gear_factory -> result=0 (впервые)
ProdTypeGate: electric_gear_factory -> result=0 (впервые)
ProdTypeGate: electric_gear_factory -> result=0 (впервые)
ProdTypeGate: telephone_factory -> result=0 (впервые)
ProdTypeGate: explosives_factory -> result=0 (впервые)
ProdTypeGate: explosives_factory -> result=0 (впервые)
ProdTypeGate: small_arms_factory -> result=0 (впервые)
ProdTypeGate: explosives_factory -> result=0 (впервые)
ProdTypeGate: small_arms_factory -> result=0 (впервые)
ProdTypeGate: telephone_factory -> result=0 (впервые)
ProdTypeGate: telephone_factory -> result=0 (впервые)
ProdTypeGate: telephone_factory -> result=0 (впервые)
ProdTypeGate: telephone_factory -> result=0 (впервые)
ProdTypeGate: telephone_factory -> result=0 (впервые)
ProdTypeGate: explosives_factory -> result=0 (впервые)
ProdTypeGate: rubber_factory -> result=1 (впервые)
ProdTypeGate: explosives_factory -> result=0 (впервые)
ProdTypeGate: small_arms_factory -> result=0 (впервые)
ProdTypeGate: explosives_factory -> result=0 (впервые)
ProdTypeGate: explosives_factory -> result=0 (впервые)
ProdTypeGate: small_arms_factory -> result=0 (впервые)
ProdTypeGate: electric_gear_factory -> result=0 (впервые)
ProdTypeGate: electric_gear_factory -> result=0 (впервые)
ProdTypeGate: electric_gear_factory -> result=0 (впервые)
ProdTypeGate: electric_gear_factory -> result=0 (впервые)
ProdTypeGate: electric_gear_factory -> result=0 (впервые)
ProdTypeGate: telephone_factory -> result=0 (впервые)
ProdTypeGate: telephone_factory -> result=0 (впервые)
ProdTypeGate: telephone_factory -> result=0 (впервые)
ProdTypeGate: telephone_factory -> result=0 (впервые)
ProdTypeGate: telephone_factory -> result=0 (впервые)
ProdTypeGate: telephone_factory -> result=0 (впервые)
ProdTypeGate: electric_gear_factory -> result=0 (впервые)
ProdTypeGate: telephone_factory -> result=0 (впервые)
ProdTypeGate: telephone_factory -> result=0 (впервые)
ProdTypeGate: rubber_factory -> result=1 (впервые)
ProdTypeGate: explosives_factory -> result=0 (впервые)
ProdTypeGate: small_arms_factory -> result=0 (впервые)
ProdTypeGate: explosives_factory -> result=0 (впервые)
ProdTypeGate: telephone_factory -> result=0 (впервые)
ProdTypeGate: explosives_factory -> result=0 (впервые)
ProdTypeGate: rubber_factory -> result=1 (впервые)
ProdTypeGate: explosives_factory -> result=0 (впервые)
ProdTypeGate: small_arms_factory -> result=0 (впервые)
ProdTypeGate: automobile_factory -> result=0 (впервые)
ProdTypeGate: automobile_factory -> result=0 (впервые)
ProdTypeGate: automobile_factory -> result=0 (впервые)
ProdTypeGate: automobile_factory -> result=0 (впервые)
ProdTypeGate: automobile_factory -> result=0 (впервые)
ProdTypeGate: automobile_factory -> result=0 (впервые)
ProdTypeGate: automobile_factory -> result=0 (впервые)
ProdTypeGate: automobile_factory -> result=0 (впервые)
ProdTypeGate: automobile_factory -> result=0 (впервые)
ProdTypeGate: automobile_factory -> result=0 (впервые)
ProdTypeGate: automobile_factory -> result=0 (впервые)
ProdTypeGate: automobile_factory -> result=0 (впервые)
ProdTypeGate: automobile_factory -> result=0 (впервые)
ProdTypeGate: automobile_factory -> result=0 (впервые)
ProdTypeGate: automobile_factory -> result=0 (впервые)
ProdTypeGate: automobile_factory -> result=0 (впервые)
ProdTypeGate: automobile_factory -> result=0 (впервые)
ProdTypeGate: automobile_factory -> result=0 (впервые)
ProdTypeGate: automobile_factory -> result=0 (впервые)
ProdTypeGate: automobile_factory -> result=0 (впервые)
ProdTypeGate: automobile_factory -> result=0 (впервые)
ProdTypeGate: automobile_factory -> result=0 (впервые)
ProdTypeGate: automobile_factory -> result=0 (впервые)
ProdTypeGate: automobile_factory -> result=0 (впервые)
ProdTypeGate: automobile_factory -> result=0 (впервые)
ProdTypeGate: automobile_factory -> result=0 (впервые)
ProdTypeGate: automobile_factory -> result=0 (впервые)
ProdTypeGate: automobile_factory -> result=0 (впервые)
ProdTypeGate: automobile_factory -> result=0 (впервые)
ProdTypeGate: automobile_factory -> result=0 (впервые)
ProdTypeGate: automobile_factory -> result=0 (впервые)
ProdTypeGate: automobile_factory -> result=0 (впервые)
ProdTypeGate: electric_gear_factory -> result=0 (впервые)
ProdTypeGate: electric_gear_factory -> result=0 (впервые)
ProdTypeGate: automobile_factory -> result=0 (впервые)
ProdTypeGate: electric_gear_factory -> result=0 (впервые)
ProdTypeGate: telephone_factory -> result=0 (впервые)
ProdTypeGate: rubber_factory -> result=1 (впервые)
ProdTypeGate: explosives_factory -> result=0 (впервые)
ProdTypeGate: small_arms_factory -> result=0 (впервые)
ProdTypeGate: explosives_factory -> result=0 (впервые)
ProdTypeGate: electric_gear_factory -> result=0 (впервые)
ProdTypeGate: electric_gear_factory -> result=0 (впервые)
ProdTypeGate: electric_gear_factory -> result=0 (впервые)
ProdTypeGate: electric_gear_factory -> result=0 (впервые)
ProdTypeGate: electric_gear_factory -> result=0 (впервые)
ProdTypeGate: electric_gear_factory -> result=0 (впервые)
ProdTypeGate: electric_gear_factory -> result=0 (впервые)
ProdTypeGate: electric_gear_factory -> result=0 (впервые)
ProdTypeGate: electric_gear_factory -> result=0 (впервые)
ProdTypeGate: electric_gear_factory -> result=0 (впервые)
ProdTypeGate: electric_gear_factory -> result=0 (впервые)
ProdTypeGate: electric_gear_factory -> result=0 (впервые)
ProdTypeGate: electric_gear_factory -> result=0 (впервые)
ProdTypeGate: electric_gear_factory -> result=0 (впервые)
ProdTypeGate: electric_gear_factory -> result=0 (впервые)
ProdTypeGate: electric_gear_factory -> result=0 (впервые)
ProdTypeGate: electric_gear_factory -> result=0 (впервые)
ProdTypeGate: electric_gear_factory -> result=0 (впервые)
ProdTypeGate: electric_gear_factory -> result=0 (впервые)
ProdTypeGate: electric_gear_factory -> result=0 (впервые)
ProdTypeGate: electric_gear_factory -> result=0 (впервые)
ProdTypeGate: electric_gear_factory -> result=0 (впервые)
ProdTypeGate: electric_gear_factory -> result=0 (впервые)
ProdTypeGate: telephone_factory -> result=0 (впервые)
ProdTypeGate: rubber_factory -> result=1 (впервые)
ProdTypeGate: explosives_factory -> result=0 (впервые)
ProdTypeGate: small_arms_factory -> result=0 (впервые)
ProdTypeGate: rubber_factory -> result=1 (впервые)
ProdTypeGate: explosives_factory -> result=0 (впервые)
ProdTypeGate: small_arms_factory -> result=0 (впервые)
ProdTypeGate: explosives_factory -> result=0 (впервые)
ProdTypeGate: explosives_factory -> result=0 (впервые)
ProdTypeGate: small_arms_factory -> result=0 (впервые)
ProdTypeGate: explosives_factory -> result=0 (впервые)
ProdTypeGate: small_arms_factory -> result=0 (впервые)
ProdTypeGate: automobile_factory -> result=0 (впервые)
ProdTypeGate: automobile_factory -> result=0 (впервые)
ProdTypeGate: automobile_factory -> result=0 (впервые)
ProdTypeGate: automobile_factory -> result=0 (впервые)
ProdTypeGate: automobile_factory -> result=0 (впервые)
ProdTypeGate: automobile_factory -> result=0 (впервые)
ProdTypeGate: automobile_factory -> result=0 (впервые)
ProdTypeGate: automobile_factory -> result=0 (впервые)
ProdTypeGate: automobile_factory -> result=0 (впервые)
ProdTypeGate: automobile_factory -> result=0 (впервые)
ProdTypeGate: automobile_factory -> result=0 (впервые)
ProdTypeGate: automobile_factory -> result=0 (впервые)
ProdTypeGate: automobile_factory -> result=0 (впервые)
ProdTypeGate: automobile_factory -> result=0 (впервые)
ProdTypeGate: automobile_factory -> result=0 (впервые)
ProdTypeGate: automobile_factory -> result=0 (впервые)
ProdTypeGate: automobile_factory -> result=0 (впервые)
ProdTypeGate: automobile_factory -> result=0 (впервые)
ProdTypeGate: automobile_factory -> result=0 (впервые)
ProdTypeGate: automobile_factory -> result=0 (впервые)
ProdTypeGate: automobile_factory -> result=0 (впервые)
ProdTypeGate: automobile_factory -> result=0 (впервые)
ProdTypeGate: automobile_factory -> result=0 (впервые)
ProdTypeGate: automobile_factory -> result=0 (впервые)
ProdTypeGate: automobile_factory -> result=0 (впервые)
ProdTypeGate: automobile_factory -> result=0 (впервые)
ProdTypeGate: automobile_factory -> result=0 (впервые)
ProdTypeGate: automobile_factory -> result=0 (впервые)
ProdTypeGate: automobile_factory -> result=0 (впервые)
ProdTypeGate: automobile_factory -> result=0 (впервые)
ProdTypeGate: automobile_factory -> result=0 (впервые)
ProdTypeGate: automobile_factory -> result=0 (впервые)
ProdTypeGate: electric_gear_factory -> result=0 (впервые)
ProdTypeGate: electric_gear_factory -> result=0 (впервые)
ProdTypeGate: electric_gear_factory -> result=0 (впервые)
ProdTypeGate: automobile_factory -> result=0 (впервые)
ProdTypeGate: electric_gear_factory -> result=0 (впервые)
ProdTypeGate: telephone_factory -> result=0 (впервые)
ProdTypeGate: rubber_factory -> result=1 (впервые)
ProdTypeGate: explosives_factory -> result=0 (впервые)
ProdTypeGate: small_arms_factory -> result=0 (впервые)
ProdTypeGate: explosives_factory -> result=0 (впервые)
ProdTypeGate: explosives_factory -> result=0 (впервые)
ProdTypeGate: small_arms_factory -> result=0 (впервые)
ProdTypeGate: explosives_factory -> result=0 (впервые)
ProdTypeGate: small_arms_factory -> result=0 (впервые)
ProdTypeGate: telephone_factory -> result=0 (впервые)
ProdTypeGate: explosives_factory -> result=0 (впервые)
ProdTypeGate: explosives_factory -> result=0 (впервые)
ProdTypeGate: small_arms_factory -> result=0 (впервые)
ProdTypeGate: explosives_factory -> result=0 (впервые)
ProdTypeGate: small_arms_factory -> result=0 (впервые)
ProdTypeGate: electric_gear_factory -> result=0 (впервые)
ProdTypeGate: electric_gear_factory -> result=0 (впервые)
ProdTypeGate: electric_gear_factory -> result=0 (впервые)
ProdTypeGate: electric_gear_factory -> result=0 (впервые)
ProdTypeGate: electric_gear_factory -> result=0 (впервые)
ProdTypeGate: electric_gear_factory -> result=0 (впервые)
ProdTypeGate: electric_gear_factory -> result=0 (впервые)
ProdTypeGate: electric_gear_factory -> result=0 (впервые)
ProdTypeGate: electric_gear_factory -> result=0 (впервые)
ProdTypeGate: electric_gear_factory -> result=0 (впервые)
ProdTypeGate: electric_gear_factory -> result=0 (впервые)
ProdTypeGate: electric_gear_factory -> result=0 (впервые)
ProdTypeGate: electric_gear_factory -> result=0 (впервые)
ProdTypeGate: electric_gear_factory -> result=0 (впервые)
ProdTypeGate: electric_gear_factory -> result=0 (впервые)
ProdTypeGate: electric_gear_factory -> result=0 (впервые)
ProdTypeGate: electric_gear_factory -> result=0 (впервые)
ProdTypeGate: electric_gear_factory -> result=0 (впервые)
ProdTypeGate: automobile_factory -> result=0 (впервые)
ProdTypeGate: automobile_factory -> result=0 (впервые)
ProdTypeGate: automobile_factory -> result=0 (впервые)
ProdTypeGate: automobile_factory -> result=0 (впервые)
ProdTypeGate: automobile_factory -> result=0 (впервые)
ProdTypeGate: automobile_factory -> result=0 (впервые)
ProdTypeGate: automobile_factory -> result=0 (впервые)
ProdTypeGate: automobile_factory -> result=0 (впервые)
ProdTypeGate: automobile_factory -> result=0 (впервые)
ProdTypeGate: automobile_factory -> result=0 (впервые)
ProdTypeGate: automobile_factory -> result=0 (впервые)
ProdTypeGate: automobile_factory -> result=0 (впервые)
ProdTypeGate: automobile_factory -> result=0 (впервые)
ProdTypeGate: automobile_factory -> result=0 (впервые)
ProdTypeGate: electric_gear_factory -> result=0 (впервые)
ProdTypeGate: electric_gear_factory -> result=0 (впервые)
ProdTypeGate: electric_gear_factory -> result=0 (впервые)
ProdTypeGate: electric_gear_factory -> result=0 (впервые)
ProdTypeGate: electric_gear_factory -> result=0 (впервые)
ProdTypeGate: electric_gear_factory -> result=0 (впервые)
ProdTypeGate: electric_gear_factory -> result=0 (впервые)
ProdTypeGate: electric_gear_factory -> result=0 (впервые)
ProdTypeGate: electric_gear_factory -> result=0 (впервые)
ProdTypeGate: electric_gear_factory -> result=0 (впервые)
ProdTypeGate: electric_gear_factory -> result=0 (впервые)
ProdTypeGate: electric_gear_factory -> result=0 (впервые)
ProdTypeGate: electric_gear_factory -> result=0 (впервые)
ProdTypeGate: electric_gear_factory -> result=0 (впервые)
ProdTypeGate: electric_gear_factory -> result=0 (впервые)
ProdTypeGate: electric_gear_factory -> result=0 (впервые)
ProdTypeGate: electric_gear_factory -> result=0 (впервые)
ProdTypeGate: electric_gear_factory -> result=0 (впервые)
ProdTypeGate: electric_gear_factory -> result=0 (впервые)
ProdTypeGate: electric_gear_factory -> result=0 (впервые)
ProdTypeGate: automobile_factory -> result=0 (впервые)
ProdTypeGate: electric_gear_factory -> result=0 (впервые)
ProdTypeGate: electric_gear_factory -> result=0 (впервые)
ProdTypeGate: telephone_factory -> result=0 (впервые)
ProdTypeGate: explosives_factory -> result=0 (впервые)
ProdTypeGate: rubber_factory -> result=1 (впервые)
ProdTypeGate: explosives_factory -> result=0 (впервые)
ProdTypeGate: small_arms_factory -> result=0 (впервые)
ProdTypeGate: telephone_factory -> result=0 (впервые)
ProdTypeGate: telephone_factory -> result=0 (впервые)
ProdTypeGate: telephone_factory -> result=0 (впервые)
ProdTypeGate: telephone_factory -> result=0 (впервые)
ProdTypeGate: telephone_factory -> result=0 (впервые)
ProdTypeGate: telephone_factory -> result=0 (впервые)
ProdTypeGate: telephone_factory -> result=0 (впервые)
ProdTypeGate: telephone_factory -> result=0 (впервые)
ProdTypeGate: telephone_factory -> result=0 (впервые)
ProdTypeGate: telephone_factory -> result=0 (впервые)
ProdTypeGate: telephone_factory -> result=0 (впервые)
ProdTypeGate: telephone_factory -> result=0 (впервые)
ProdTypeGate: telephone_factory -> result=0 (впервые)
ProdTypeGate: telephone_factory -> result=0 (впервые)
ProdTypeGate: telephone_factory -> result=0 (впервые)
ProdTypeGate: telephone_factory -> result=0 (впервые)
ProdTypeGate: telephone_factory -> result=0 (впервые)
ProdTypeGate: telephone_factory -> result=0 (впервые)
ProdTypeGate: telephone_factory -> result=0 (впервые)
ProdTypeGate: telephone_factory -> result=0 (впервые)
ProdTypeGate: telephone_factory -> result=0 (впервые)
ProdTypeGate: telephone_factory -> result=0 (впервые)
ProdTypeGate: telephone_factory -> result=0 (впервые)
ProdTypeGate: telephone_factory -> result=0 (впервые)
ProdTypeGate: telephone_factory -> result=0 (впервые)
ProdTypeGate: telephone_factory -> result=0 (впервые)
ProdTypeGate: telephone_factory -> result=0 (впервые)
ProdTypeGate: telephone_factory -> result=0 (впервые)
ProdTypeGate: telephone_factory -> result=0 (впервые)
ProdTypeGate: rubber_factory -> result=1 (впервые)
ProdTypeGate: explosives_factory -> result=0 (впервые)
ProdTypeGate: small_arms_factory -> result=0 (впервые)
ProdTypeGate: rubber_factory -> result=1 (впервые)
ProdTypeGate: explosives_factory -> result=0 (впервые)
ProdTypeGate: small_arms_factory -> result=0 (впервые)
ProdTypeGate: explosives_factory -> result=0 (впервые)
ProdTypeGate: explosives_factory -> result=0 (впервые)
ProdTypeGate: small_arms_factory -> result=0 (впервые)
ProdTypeGate: telephone_factory -> result=0 (впервые)
ProdTypeGate: rubber_factory -> result=1 (впервые)
ProdTypeGate: small_arms_factory -> result=0 (впервые)
ProdTypeGate: explosives_factory -> result=0 (впервые)
ProdTypeGate: explosives_factory -> result=0 (впервые)
ProdTypeGate: small_arms_factory -> result=0 (впервые)
ProdTypeGate: automobile_factory -> result=0 (впервые)
ProdTypeGate: automobile_factory -> result=0 (впервые)
ProdTypeGate: automobile_factory -> result=0 (впервые)
ProdTypeGate: automobile_factory -> result=0 (впервые)
ProdTypeGate: automobile_factory -> result=0 (впервые)
ProdTypeGate: automobile_factory -> result=0 (впервые)
ProdTypeGate: automobile_factory -> result=0 (впервые)
ProdTypeGate: automobile_factory -> result=0 (впервые)
ProdTypeGate: automobile_factory -> result=0 (впервые)
ProdTypeGate: automobile_factory -> result=0 (впервые)
ProdTypeGate: automobile_factory -> result=0 (впервые)
ProdTypeGate: automobile_factory -> result=0 (впервые)
ProdTypeGate: automobile_factory -> result=0 (впервые)
ProdTypeGate: automobile_factory -> result=0 (впервые)
ProdTypeGate: automobile_factory -> result=0 (впервые)
ProdTypeGate: automobile_factory -> result=0 (впервые)
ProdTypeGate: automobile_factory -> result=0 (впервые)
ProdTypeGate: automobile_factory -> result=0 (впервые)
ProdTypeGate: automobile_factory -> result=0 (впервые)
ProdTypeGate: automobile_factory -> result=0 (впервые)
ProdTypeGate: automobile_factory -> result=0 (впервые)
ProdTypeGate: automobile_factory -> result=0 (впервые)
ProdTypeGate: automobile_factory -> result=0 (впервые)
ProdTypeGate: automobile_factory -> result=0 (впервые)
ProdTypeGate: automobile_factory -> result=0 (впервые)
ProdTypeGate: automobile_factory -> result=0 (впервые)
ProdTypeGate: automobile_factory -> result=0 (впервые)
ProdTypeGate: automobile_factory -> result=0 (впервые)
ProdTypeGate: automobile_factory -> result=0 (впервые)
ProdTypeGate: automobile_factory -> result=0 (впервые)
ProdTypeGate: automobile_factory -> result=0 (впервые)
ProdTypeGate: automobile_factory -> result=0 (впервые)
ProdTypeGate: automobile_factory -> result=0 (впервые)
ProdTypeGate: automobile_factory -> result=0 (впервые)
ProdTypeGate: automobile_factory -> result=0 (впервые)
ProdTypeGate: automobile_factory -> result=0 (впервые)
ProdTypeGate: automobile_factory -> result=0 (впервые)
ProdTypeGate: automobile_factory -> result=0 (впервые)
ProdTypeGate: automobile_factory -> result=0 (впервые)
ProdTypeGate: automobile_factory -> result=0 (впервые)
ProdTypeGate: automobile_factory -> result=0 (впервые)
ProdTypeGate: automobile_factory -> result=0 (впервые)
ProdTypeGate: automobile_factory -> result=0 (впервые)
ProdTypeGate: automobile_factory -> result=0 (впервые)
ProdTypeGate: automobile_factory -> result=0 (впервые)
ProdTypeGate: automobile_factory -> result=0 (впервые)
ProdTypeGate: automobile_factory -> result=0 (впервые)
ProdTypeGate: automobile_factory -> result=0 (впервые)
ProdTypeGate: automobile_factory -> result=0 (впервые)
ProdTypeGate: automobile_factory -> result=0 (впервые)
ProdTypeGate: automobile_factory -> result=0 (впервые)
ProdTypeGate: automobile_factory -> result=0 (впервые)
ProdTypeGate: automobile_factory -> result=0 (впервые)
ProdTypeGate: automobile_factory -> result=0 (впервые)
ProdTypeGate: automobile_factory -> result=0 (впервые)
ProdTypeGate: automobile_factory -> result=0 (впервые)
ProdTypeGate: telephone_factory -> result=0 (впервые)
ProdTypeGate: explosives_factory -> result=0 (впервые)
ProdTypeGate: explosives_factory -> result=0 (впервые)
ProdTypeGate: small_arms_factory -> result=0 (впервые)
ProdTypeGate: electric_gear_factory -> result=0 (впервые)
ProdTypeGate: electric_gear_factory -> result=0 (впервые)
ProdTypeGate: electric_gear_factory -> result=0 (впервые)
ProdTypeGate: electric_gear_factory -> result=0 (впервые)
ProdTypeGate: electric_gear_factory -> result=0 (впервые)
ProdTypeGate: electric_gear_factory -> result=0 (впервые)
ProdTypeGate: electric_gear_factory -> result=0 (впервые)
ProdTypeGate: electric_gear_factory -> result=0 (впервые)
ProdTypeGate: electric_gear_factory -> result=0 (впервые)
ProdTypeGate: electric_gear_factory -> result=0 (впервые)
ProdTypeGate: electric_gear_factory -> result=0 (впервые)
ProdTypeGate: electric_gear_factory -> result=0 (впервые)
ProdTypeGate: electric_gear_factory -> result=0 (впервые)
ProdTypeGate: electric_gear_factory -> result=0 (впервые)
ProdTypeGate: electric_gear_factory -> result=0 (впервые)
ProdTypeGate: electric_gear_factory -> result=0 (впервые)
ProdTypeGate: electric_gear_factory -> result=0 (впервые)
ProdTypeGate: electric_gear_factory -> result=0 (впервые)
ProdTypeGate: electric_gear_factory -> result=0 (впервые)
ProdTypeGate: electric_gear_factory -> result=0 (впервые)
ProdTypeGate: electric_gear_factory -> result=0 (впервые)
ProdTypeGate: electric_gear_factory -> result=0 (впервые)
ProdTypeGate: telephone_factory -> result=0 (впервые)
ProdTypeGate: telephone_factory -> result=0 (впервые)
ProdTypeGate: telephone_factory -> result=0 (впервые)
ProdTypeGate: telephone_factory -> result=0 (впервые)
ProdTypeGate: telephone_factory -> result=0 (впервые)
ProdTypeGate: telephone_factory -> result=0 (впервые)
ProdTypeGate: electric_gear_factory -> result=0 (впервые)
ProdTypeGate: telephone_factory -> result=0 (впервые)
ProdTypeGate: telephone_factory -> result=0 (впервые)
ProdTypeGate: explosives_factory -> result=0 (впервые)
ProdTypeGate: explosives_factory -> result=0 (впервые)
ProdTypeGate: explosives_factory -> result=0 (впервые)
ProdTypeGate: small_arms_factory -> result=0 (впервые)
ProdTypeGate: telephone_factory -> result=0 (впервые)
ProdTypeGate: telephone_factory -> result=0 (впервые)
ProdTypeGate: telephone_factory -> result=0 (впервые)
ProdTypeGate: telephone_factory -> result=0 (впервые)
ProdTypeGate: electric_gear_factory -> result=0 (впервые)
ProdTypeGate: electric_gear_factory -> result=0 (впервые)
ProdTypeGate: telephone_factory -> result=0 (впервые)
ProdTypeGate: explosives_factory -> result=0 (впервые)
ProdTypeGate: explosives_factory -> result=0 (впервые)
ProdTypeGate: small_arms_factory -> result=0 (впервые)
ProdTypeGate: telephone_factory -> result=0 (впервые)
ProdTypeGate: explosives_factory -> result=0 (впервые)
ProdTypeGate: explosives_factory -> result=0 (впервые)
ProdTypeGate: small_arms_factory -> result=0 (впервые)
ProdTypeGate: telephone_factory -> result=0 (впервые)
ProdTypeGate: rubber_factory -> result=1 (впервые)
ProdTypeGate: explosives_factory -> result=0 (впервые)
ProdTypeGate: small_arms_factory -> result=0 (впервые)
ProdTypeGate: rubber_factory -> result=1 (впервые)
ProdTypeGate: explosives_factory -> result=0 (впервые)
ProdTypeGate: small_arms_factory -> result=0 (впервые)
ProdTypeGate: explosives_factory -> result=0 (впервые)
ProdTypeGate: explosives_factory -> result=0 (впервые)
ProdTypeGate: small_arms_factory -> result=0 (впервые)
ProdTypeGate: electric_gear_factory -> result=0 (впервые)
ProdTypeGate: telephone_factory -> result=0 (впервые)
ProdTypeGate: explosives_factory -> result=0 (впервые)
ProdTypeGate: explosives_factory -> result=0 (впервые)
ProdTypeGate: small_arms_factory -> result=0 (впервые)
ProdTypeGate: explosives_factory -> result=0 (впервые)
ProdTypeGate: telephone_factory -> result=0 (впервые)
ProdTypeGate: rubber_factory -> result=1 (впервые)
ProdTypeGate: explosives_factory -> result=0 (впервые)
ProdTypeGate: small_arms_factory -> result=0 (впервые)
ProdTypeGate: explosives_factory -> result=0 (впервые)
ProdTypeGate: explosives_factory -> result=0 (впервые)
ProdTypeGate: small_arms_factory -> result=0 (впервые)
ProdTypeGate: explosives_factory -> result=0 (впервые)
ProdTypeGate: small_arms_factory -> result=0 (впервые)
ProdTypeGate: electric_gear_factory -> result=0 (впервые)
ProdTypeGate: electric_gear_factory -> result=0 (впервые)
ProdTypeGate: electric_gear_factory -> result=0 (впервые)
ProdTypeGate: electric_gear_factory -> result=0 (впервые)
ProdTypeGate: electric_gear_factory -> result=0 (впервые)
ProdTypeGate: electric_gear_factory -> result=0 (впервые)
ProdTypeGate: electric_gear_factory -> result=0 (впервые)
ProdTypeGate: electric_gear_factory -> result=0 (впервые)
ProdTypeGate: electric_gear_factory -> result=0 (впервые)
ProdTypeGate: electric_gear_factory -> result=0 (впервые)
ProdTypeGate: electric_gear_factory -> result=0 (впервые)
ProdTypeGate: electric_gear_factory -> result=0 (впервые)
ProdTypeGate: electric_gear_factory -> result=0 (впервые)
ProdTypeGate: electric_gear_factory -> result=0 (впервые)
ProdTypeGate: electric_gear_factory -> result=0 (впервые)
ProdTypeGate: electric_gear_factory -> result=0 (впервые)
ProdTypeGate: electric_gear_factory -> result=0 (впервые)
ProdTypeGate: electric_gear_factory -> result=0 (впервые)
ProdTypeGate: telephone_factory -> result=0 (впервые)
ProdTypeGate: rubber_factory -> result=1 (впервые)
ProdTypeGate: explosives_factory -> result=0 (впервые)
ProdTypeGate: small_arms_factory -> result=0 (впервые)
ProdTypeGate: explosives_factory -> result=0 (впервые)
ProdTypeGate: electric_gear_factory -> result=0 (впервые)
ProdTypeGate: electric_gear_factory -> result=0 (впервые)
ProdTypeGate: electric_gear_factory -> result=0 (впервые)
ProdTypeGate: electric_gear_factory -> result=0 (впервые)
ProdTypeGate: electric_gear_factory -> result=0 (впервые)
ProdTypeGate: electric_gear_factory -> result=0 (впервые)
ProdTypeGate: electric_gear_factory -> result=0 (впервые)
ProdTypeGate: electric_gear_factory -> result=0 (впервые)
ProdTypeGate: electric_gear_factory -> result=0 (впервые)
ProdTypeGate: electric_gear_factory -> result=0 (впервые)
ProdTypeGate: electric_gear_factory -> result=0 (впервые)
ProdTypeGate: electric_gear_factory -> result=0 (впервые)
ProdTypeGate: electric_gear_factory -> result=0 (впервые)
ProdTypeGate: electric_gear_factory -> result=0 (впервые)
ProdTypeGate: electric_gear_factory -> result=0 (впервые)
ProdTypeGate: electric_gear_factory -> result=0 (впервые)
ProdTypeGate: electric_gear_factory -> result=0 (впервые)
ProdTypeGate: electric_gear_factory -> result=0 (впервые)
ProdTypeGate: electric_gear_factory -> result=0 (впервые)
ProdTypeGate: electric_gear_factory -> result=0 (впервые)
ProdTypeGate: electric_gear_factory -> result=0 (впервые)
ProdTypeGate: electric_gear_factory -> result=0 (впервые)
ProdTypeGate: electric_gear_factory -> result=0 (впервые)
ProdTypeGate: electric_gear_factory -> result=0 (впервые)
ProdTypeGate: electric_gear_factory -> result=0 (впервые)
ProdTypeGate: electric_gear_factory -> result=0 (впервые)
ProdTypeGate: electric_gear_factory -> result=0 (впервые)
ProdTypeGate: electric_gear_factory -> result=0 (впервые)
ProdTypeGate: electric_gear_factory -> result=0 (впервые)
ProdTypeGate: electric_gear_factory -> result=0 (впервые)
ProdTypeGate: electric_gear_factory -> result=0 (впервые)
ProdTypeGate: electric_gear_factory -> result=0 (впервые)
ProdTypeGate: electric_gear_factory -> result=0 (впервые)
ProdTypeGate: electric_gear_factory -> result=0 (впервые)
ProdTypeGate: electric_gear_factory -> result=0 (впервые)
ProdTypeGate: electric_gear_factory -> result=0 (впервые)
ProdTypeGate: electric_gear_factory -> result=0 (впервые)
ProdTypeGate: electric_gear_factory -> result=0 (впервые)
ProdTypeGate: electric_gear_factory -> result=0 (впервые)
ProdTypeGate: electric_gear_factory -> result=0 (впервые)
ProdTypeGate: electric_gear_factory -> result=0 (впервые)
ProdTypeGate: electric_gear_factory -> result=0 (впервые)
ProdTypeGate: electric_gear_factory -> result=0 (впервые)
ProdTypeGate: electric_gear_factory -> result=0 (впервые)
ProdTypeGate: automobile_factory -> result=0 (впервые)
ProdTypeGate: automobile_factory -> result=0 (впервые)
ProdTypeGate: automobile_factory -> result=0 (впервые)
ProdTypeGate: automobile_factory -> result=0 (впервые)
ProdTypeGate: automobile_factory -> result=0 (впервые)
ProdTypeGate: automobile_factory -> result=0 (впервые)
ProdTypeGate: automobile_factory -> result=0 (впервые)
ProdTypeGate: automobile_factory -> result=0 (впервые)
ProdTypeGate: automobile_factory -> result=0 (впервые)
ProdTypeGate: automobile_factory -> result=0 (впервые)
ProdTypeGate: automobile_factory -> result=0 (впервые)
ProdTypeGate: automobile_factory -> result=0 (впервые)
ProdTypeGate: automobile_factory -> result=0 (впервые)
ProdTypeGate: automobile_factory -> result=0 (впервые)
ProdTypeGate: automobile_factory -> result=0 (впервые)
ProdTypeGate: automobile_factory -> result=0 (впервые)
ProdTypeGate: automobile_factory -> result=0 (впервые)
ProdTypeGate: automobile_factory -> result=0 (впервые)
ProdTypeGate: automobile_factory -> result=0 (впервые)
ProdTypeGate: automobile_factory -> result=0 (впервые)
ProdTypeGate: automobile_factory -> result=0 (впервые)
ProdTypeGate: automobile_factory -> result=0 (впервые)
ProdTypeGate: automobile_factory -> result=0 (впервые)
ProdTypeGate: automobile_factory -> result=0 (впервые)
ProdTypeGate: automobile_factory -> result=0 (впервые)
ProdTypeGate: automobile_factory -> result=0 (впервые)
ProdTypeGate: automobile_factory -> result=0 (впервые)
ProdTypeGate: automobile_factory -> result=0 (впервые)
ProdTypeGate: automobile_factory -> result=0 (впервые)
ProdTypeGate: automobile_factory -> result=0 (впервые)
ProdTypeGate: automobile_factory -> result=0 (впервые)
ProdTypeGate: automobile_factory -> result=0 (впервые)
ProdTypeGate: telephone_factory -> result=0 (впервые)
ProdTypeGate: telephone_factory -> result=0 (впервые)
ProdTypeGate: telephone_factory -> result=0 (впервые)
ProdTypeGate: telephone_factory -> result=0 (впервые)
ProdTypeGate: telephone_factory -> result=0 (впервые)
ProdTypeGate: telephone_factory -> result=0 (впервые)
ProdTypeGate: electric_gear_factory -> result=0 (впервые)
ProdTypeGate: electric_gear_factory -> result=0 (впервые)
ProdTypeGate: electric_gear_factory -> result=0 (впервые)
ProdTypeGate: electric_gear_factory -> result=0 (впервые)
ProdTypeGate: electric_gear_factory -> result=0 (впервые)
ProdTypeGate: electric_gear_factory -> result=0 (впервые)
ProdTypeGate: automobile_factory -> result=0 (впервые)
ProdTypeGate: telephone_factory -> result=0 (впервые)
ProdTypeGate: electric_gear_factory -> result=0 (впервые)
ProdTypeGate: telephone_factory -> result=0 (впервые)
ProdTypeGate: explosives_factory -> result=0 (впервые)
ProdTypeGate: rubber_factory -> result=1 (впервые)
ProdTypeGate: explosives_factory -> result=0 (впервые)
ProdTypeGate: small_arms_factory -> result=0 (впервые)
ProdTypeGate: explosives_factory -> result=0 (впервые)
ProdTypeGate: small_arms_factory -> result=0 (впервые)
ProdTypeGate: telephone_factory -> result=0 (впервые)
ProdTypeGate: rubber_factory -> result=1 (впервые)
ProdTypeGate: explosives_factory -> result=0 (впервые)
ProdTypeGate: small_arms_factory -> result=0 (впервые)
ProdTypeGate: rubber_factory -> result=1 (впервые)
ProdTypeGate: explosives_factory -> result=0 (впервые)
ProdTypeGate: small_arms_factory -> result=0 (впервые)
ProdTypeGate: rubber_factory -> result=1 (впервые)
ProdTypeGate: explosives_factory -> result=0 (впервые)
ProdTypeGate: small_arms_factory -> result=0 (впервые)
ProdTypeGate: rubber_factory -> result=1 (впервые)
ProdTypeGate: small_arms_factory -> result=0 (впервые)
ProdTypeGate: explosives_factory -> result=0 (впервые)
ProdTypeGate: explosives_factory -> result=0 (впервые)
ProdTypeGate: small_arms_factory -> result=0 (впервые)
ProdTypeGate: telephone_factory -> result=0 (впервые)
ProdTypeGate: rubber_factory -> result=1 (впервые)
ProdTypeGate: explosives_factory -> result=0 (впервые)
ProdTypeGate: small_arms_factory -> result=0 (впервые)
ProdTypeGate: rubber_factory -> result=1 (впервые)
ProdTypeGate: explosives_factory -> result=0 (впервые)
ProdTypeGate: small_arms_factory -> result=0 (впервые)
ProdTypeGate: explosives_factory -> result=0 (впервые)
ProdTypeGate: explosives_factory -> result=0 (впервые)
ProdTypeGate: small_arms_factory -> result=0 (впервые)
ProdTypeGate: explosives_factory -> result=0 (впервые)
ProdTypeGate: small_arms_factory -> result=0 (впервые)
ProdTypeGate: automobile_factory -> result=0 (впервые)
ProdTypeGate: automobile_factory -> result=0 (впервые)
ProdTypeGate: automobile_factory -> result=0 (впервые)
ProdTypeGate: automobile_factory -> result=0 (впервые)
ProdTypeGate: automobile_factory -> result=0 (впервые)
ProdTypeGate: automobile_factory -> result=0 (впервые)
ProdTypeGate: automobile_factory -> result=0 (впервые)
ProdTypeGate: automobile_factory -> result=0 (впервые)
ProdTypeGate: automobile_factory -> result=0 (впервые)
ProdTypeGate: automobile_factory -> result=0 (впервые)
ProdTypeGate: automobile_factory -> result=0 (впервые)
ProdTypeGate: automobile_factory -> result=0 (впервые)
ProdTypeGate: automobile_factory -> result=0 (впервые)
ProdTypeGate: telephone_factory -> result=0 (впервые)
ProdTypeGate: telephone_factory -> result=0 (впервые)
ProdTypeGate: telephone_factory -> result=0 (впервые)
ProdTypeGate: telephone_factory -> result=0 (впервые)
ProdTypeGate: telephone_factory -> result=0 (впервые)
ProdTypeGate: telephone_factory -> result=0 (впервые)
ProdTypeGate: telephone_factory -> result=0 (впервые)
ProdTypeGate: telephone_factory -> result=0 (впервые)
ProdTypeGate: rubber_factory -> result=1 (впервые)
ProdTypeGate: explosives_factory -> result=0 (впервые)
ProdTypeGate: small_arms_factory -> result=0 (впервые)
ProdTypeGate: rubber_factory -> result=1 (впервые)
ProdTypeGate: explosives_factory -> result=0 (впервые)
ProdTypeGate: small_arms_factory -> result=0 (впервые)
ProdTypeGate: explosives_factory -> result=0 (впервые)
ProdTypeGate: explosives_factory -> result=0 (впервые)
ProdTypeGate: small_arms_factory -> result=0 (впервые)
ProdTypeGate: electric_gear_factory -> result=0 (впервые)
ProdTypeGate: electric_gear_factory -> result=0 (впервые)
ProdTypeGate: telephone_factory -> result=0 (впервые)
ProdTypeGate: explosives_factory -> result=0 (впервые)
ProdTypeGate: explosives_factory -> result=0 (впервые)
ProdTypeGate: small_arms_factory -> result=0 (впервые)
ProdTypeGate: telephone_factory -> result=0 (впервые)
ProdTypeGate: rubber_factory -> result=1 (впервые)
ProdTypeGate: explosives_factory -> result=0 (впервые)
ProdTypeGate: small_arms_factory -> result=0 (впервые)
ProdTypeGate: explosives_factory -> result=0 (впервые)
ProdTypeGate: rubber_factory -> result=1 (впервые)
ProdTypeGate: explosives_factory -> result=0 (впервые)
ProdTypeGate: small_arms_factory -> result=0 (впервые)
ProdTypeGate: explosives_factory -> result=0 (впервые)
ProdTypeGate: small_arms_factory -> result=0 (впервые)
ProdTypeGate: explosives_factory -> result=0 (впервые)
ProdTypeGate: small_arms_factory -> result=0 (впервые)
ProdTypeGate: electric_gear_factory -> result=0 (впервые)
ProdTypeGate: electric_gear_factory -> result=0 (впервые)
ProdTypeGate: electric_gear_factory -> result=0 (впервые)
ProdTypeGate: electric_gear_factory -> result=0 (впервые)
ProdTypeGate: electric_gear_factory -> result=0 (впервые)
ProdTypeGate: electric_gear_factory -> result=0 (впервые)
ProdTypeGate: electric_gear_factory -> result=0 (впервые)
ProdTypeGate: electric_gear_factory -> result=0 (впервые)
ProdTypeGate: electric_gear_factory -> result=0 (впервые)
ProdTypeGate: electric_gear_factory -> result=0 (впервые)
ProdTypeGate: electric_gear_factory -> result=0 (впервые)
ProdTypeGate: electric_gear_factory -> result=0 (впервые)
ProdTypeGate: electric_gear_factory -> result=0 (впервые)
ProdTypeGate: electric_gear_factory -> result=0 (впервые)
ProdTypeGate: electric_gear_factory -> result=0 (впервые)
ProdTypeGate: electric_gear_factory -> result=0 (впервые)
ProdTypeGate: electric_gear_factory -> result=0 (впервые)
ProdTypeGate: electric_gear_factory -> result=0 (впервые)
ProdTypeGate: electric_gear_factory -> result=0 (впервые)
ProdTypeGate: electric_gear_factory -> result=0 (впервые)
ProdTypeGate: electric_gear_factory -> result=0 (впервые)
ProdTypeGate: electric_gear_factory -> result=0 (впервые)
ProdTypeGate: electric_gear_factory -> result=0 (впервые)
ProdTypeGate: electric_gear_factory -> result=0 (впервые)
ProdTypeGate: telephone_factory -> result=0 (впервые)
ProdTypeGate: explosives_factory -> result=0 (впервые)
ProdTypeGate: explosives_factory -> result=0 (впервые)
ProdTypeGate: small_arms_factory -> result=0 (впервые)
ProdTypeGate: telephone_factory -> result=0 (впервые)
ProdTypeGate: explosives_factory -> result=0 (впервые)
ProdTypeGate: electric_gear_factory -> result=0 (впервые)
ProdTypeGate: explosives_factory -> result=0 (впервые)
ProdTypeGate: small_arms_factory -> result=0 (впервые)
ProdTypeGate: pharmaceutical_plant -> result=0 (впервые)
ProdTypeGate: explosives_factory -> result=0 (впервые)
ProdTypeGate: small_arms_factory -> result=0 (впервые)
ProdTypeGate: automobile_factory -> result=0 (впервые)
ProdTypeGate: automobile_factory -> result=0 (впервые)
ProdTypeGate: automobile_factory -> result=0 (впервые)
ProdTypeGate: automobile_factory -> result=0 (впервые)
ProdTypeGate: automobile_factory -> result=0 (впервые)
ProdTypeGate: automobile_factory -> result=0 (впервые)
ProdTypeGate: automobile_factory -> result=0 (впервые)
ProdTypeGate: automobile_factory -> result=0 (впервые)
ProdTypeGate: automobile_factory -> result=0 (впервые)
ProdTypeGate: automobile_factory -> result=0 (впервые)
ProdTypeGate: automobile_factory -> result=0 (впервые)
ProdTypeGate: automobile_factory -> result=0 (впервые)
ProdTypeGate: automobile_factory -> result=0 (впервые)
ProdTypeGate: automobile_factory -> result=0 (впервые)
ProdTypeGate: automobile_factory -> result=0 (впервые)
ProdTypeGate: automobile_factory -> result=0 (впервые)
ProdTypeGate: automobile_factory -> result=0 (впервые)
ProdTypeGate: automobile_factory -> result=0 (впервые)
ProdTypeGate: automobile_factory -> result=0 (впервые)
ProdTypeGate: automobile_factory -> result=0 (впервые)
ProdTypeGate: automobile_factory -> result=0 (впервые)
ProdTypeGate: automobile_factory -> result=0 (впервые)
ProdTypeGate: automobile_factory -> result=0 (впервые)
ProdTypeGate: automobile_factory -> result=0 (впервые)
ProdTypeGate: automobile_factory -> result=0 (впервые)
ProdTypeGate: automobile_factory -> result=0 (впервые)
ProdTypeGate: automobile_factory -> result=0 (впервые)
ProdTypeGate: automobile_factory -> result=0 (впервые)
ProdTypeGate: automobile_factory -> result=0 (впервые)
ProdTypeGate: automobile_factory -> result=0 (впервые)
ProdTypeGate: automobile_factory -> result=0 (впервые)
ProdTypeGate: automobile_factory -> result=0 (впервые)
ProdTypeGate: automobile_factory -> result=0 (впервые)
ProdTypeGate: automobile_factory -> result=0 (впервые)
ProdTypeGate: automobile_factory -> result=0 (впервые)
ProdTypeGate: automobile_factory -> result=0 (впервые)
ProdTypeGate: automobile_factory -> result=0 (впервые)
ProdTypeGate: automobile_factory -> result=0 (впервые)
ProdTypeGate: automobile_factory -> result=0 (впервые)
ProdTypeGate: automobile_factory -> result=0 (впервые)
ProdTypeGate: automobile_factory -> result=0 (впервые)
ProdTypeGate: automobile_factory -> result=0 (впервые)
ProdTypeGate: automobile_factory -> result=0 (впервые)
ProdTypeGate: automobile_factory -> result=0 (впервые)
ProdTypeGate: automobile_factory -> result=0 (впервые)
ProdTypeGate: automobile_factory -> result=0 (впервые)
ProdTypeGate: automobile_factory -> result=0 (впервые)
ProdTypeGate: automobile_factory -> result=0 (впервые)
ProdTypeGate: automobile_factory -> result=0 (впервые)
ProdTypeGate: automobile_factory -> result=0 (впервые)
ProdTypeGate: automobile_factory -> result=0 (впервые)
ProdTypeGate: automobile_factory -> result=0 (впервые)
ProdTypeGate: automobile_factory -> result=0 (впервые)
ProdTypeGate: automobile_factory -> result=0 (впервые)
ProdTypeGate: automobile_factory -> result=0 (впервые)
ProdTypeGate: automobile_factory -> result=0 (впервые)
ProdTypeGate: telephone_factory -> result=0 (впервые)
ProdTypeGate: rubber_factory -> result=1 (впервые)
ProdTypeGate: small_arms_factory -> result=0 (впервые)
ProdTypeGate: explosives_factory -> result=0 (впервые)
ProdTypeGate: explosives_factory -> result=0 (впервые)
ProdTypeGate: small_arms_factory -> result=0 (впервые)
ProdTypeGate: telephone_factory -> result=0 (впервые)
ProdTypeGate: telephone_factory -> result=0 (впервые)
ProdTypeGate: telephone_factory -> result=0 (впервые)
ProdTypeGate: telephone_factory -> result=0 (впервые)
ProdTypeGate: telephone_factory -> result=0 (впервые)
ProdTypeGate: telephone_factory -> result=0 (впервые)
ProdTypeGate: telephone_factory -> result=0 (впервые)
ProdTypeGate: telephone_factory -> result=0 (впервые)
ProdTypeGate: telephone_factory -> result=0 (впервые)
ProdTypeGate: telephone_factory -> result=0 (впервые)
ProdTypeGate: telephone_factory -> result=0 (впервые)
ProdTypeGate: telephone_factory -> result=0 (впервые)
ProdTypeGate: telephone_factory -> result=0 (впервые)
ProdTypeGate: telephone_factory -> result=0 (впервые)
ProdTypeGate: telephone_factory -> result=0 (впервые)
ProdTypeGate: telephone_factory -> result=0 (впервые)
ProdTypeGate: telephone_factory -> result=0 (впервые)
ProdTypeGate: telephone_factory -> result=0 (впервые)
ProdTypeGate: telephone_factory -> result=0 (впервые)
ProdTypeGate: telephone_factory -> result=0 (впервые)
ProdTypeGate: telephone_factory -> result=0 (впервые)
ProdTypeGate: telephone_factory -> result=0 (впервые)
ProdTypeGate: telephone_factory -> result=0 (впервые)
ProdTypeGate: telephone_factory -> result=0 (впервые)
ProdTypeGate: telephone_factory -> result=0 (впервые)
ProdTypeGate: telephone_factory -> result=0 (впервые)
ProdTypeGate: telephone_factory -> result=0 (впервые)
ProdTypeGate: electric_gear_factory -> result=0 (впервые)
ProdTypeGate: electric_gear_factory -> result=0 (впервые)
ProdTypeGate: electric_gear_factory -> result=0 (впервые)
ProdTypeGate: electric_gear_factory -> result=0 (впервые)
ProdTypeGate: electric_gear_factory -> result=0 (впервые)
ProdTypeGate: electric_gear_factory -> result=0 (впервые)
ProdTypeGate: electric_gear_factory -> result=0 (впервые)
ProdTypeGate: electric_gear_factory -> result=0 (впервые)
ProdTypeGate: electric_gear_factory -> result=0 (впервые)
ProdTypeGate: electric_gear_factory -> result=0 (впервые)
ProdTypeGate: electric_gear_factory -> result=0 (впервые)
ProdTypeGate: electric_gear_factory -> result=0 (впервые)
ProdTypeGate: electric_gear_factory -> result=0 (впервые)
ProdTypeGate: electric_gear_factory -> result=0 (впервые)
ProdTypeGate: electric_gear_factory -> result=0 (впервые)
ProdTypeGate: electric_gear_factory -> result=0 (впервые)
ProdTypeGate: electric_gear_factory -> result=0 (впервые)
ProdTypeGate: electric_gear_factory -> result=0 (впервые)
ProdTypeGate: electric_gear_factory -> result=0 (впервые)
ProdTypeGate: electric_gear_factory -> result=0 (впервые)
ProdTypeGate: electric_gear_factory -> result=0 (впервые)
ProdTypeGate: electric_gear_factory -> result=0 (впервые)
ProdTypeGate: telephone_factory -> result=0 (впервые)
ProdTypeGate: electric_gear_factory -> result=0 (впервые)
ProdTypeGate: telephone_factory -> result=0 (впервые)
ProdTypeGate: explosives_factory -> result=0 (впервые)
ProdTypeGate: rubber_factory -> result=1 (впервые)
ProdTypeGate: explosives_factory -> result=0 (впервые)
ProdTypeGate: small_arms_factory -> result=0 (впервые)
ProdTypeGate: explosives_factory -> result=0 (впервые)
ProdTypeGate: small_arms_factory -> result=0 (впервые)
ProdTypeGate: telephone_factory -> result=0 (впервые)
ProdTypeGate: rubber_factory -> result=1 (впервые)
ProdTypeGate: explosives_factory -> result=0 (впервые)
ProdTypeGate: small_arms_factory -> result=0 (впервые)
ProdTypeGate: rubber_factory -> result=1 (впервые)
ProdTypeGate: small_arms_factory -> result=0 (впервые)
ProdTypeGate: explosives_factory -> result=0 (впервые)
ProdTypeGate: explosives_factory -> result=0 (впервые)
ProdTypeGate: small_arms_factory -> result=0 (впервые)
ProdTypeGate: explosives_factory -> result=0 (впервые)
ProdTypeGate: small_arms_factory -> result=0 (впервые)
ProdTypeGate: automobile_factory -> result=0 (впервые)
ProdTypeGate: automobile_factory -> result=0 (впервые)
ProdTypeGate: automobile_factory -> result=0 (впервые)
ProdTypeGate: automobile_factory -> result=0 (впервые)
ProdTypeGate: automobile_factory -> result=0 (впервые)
ProdTypeGate: automobile_factory -> result=0 (впервые)
ProdTypeGate: automobile_factory -> result=0 (впервые)
ProdTypeGate: automobile_factory -> result=0 (впервые)
ProdTypeGate: automobile_factory -> result=0 (впервые)
ProdTypeGate: automobile_factory -> result=0 (впервые)
ProdTypeGate: automobile_factory -> result=0 (впервые)
ProdTypeGate: automobile_factory -> result=0 (впервые)
ProdTypeGate: automobile_factory -> result=0 (впервые)
ProdTypeGate: automobile_factory -> result=0 (впервые)
ProdTypeGate: automobile_factory -> result=0 (впервые)
ProdTypeGate: automobile_factory -> result=0 (впервые)
ProdTypeGate: automobile_factory -> result=0 (впервые)
ProdTypeGate: automobile_factory -> result=0 (впервые)
ProdTypeGate: automobile_factory -> result=0 (впервые)
ProdTypeGate: automobile_factory -> result=0 (впервые)
ProdTypeGate: automobile_factory -> result=0 (впервые)
ProdTypeGate: automobile_factory -> result=0 (впервые)
ProdTypeGate: automobile_factory -> result=0 (впервые)
ProdTypeGate: automobile_factory -> result=0 (впервые)
ProdTypeGate: automobile_factory -> result=0 (впервые)
ProdTypeGate: automobile_factory -> result=0 (впервые)
ProdTypeGate: automobile_factory -> result=0 (впервые)
ProdTypeGate: automobile_factory -> result=0 (впервые)
ProdTypeGate: automobile_factory -> result=0 (впервые)
ProdTypeGate: automobile_factory -> result=0 (впервые)
ProdTypeGate: automobile_factory -> result=0 (впервые)
ProdTypeGate: automobile_factory -> result=0 (впервые)
ProdTypeGate: telephone_factory -> result=0 (впервые)
ProdTypeGate: telephone_factory -> result=0 (впервые)
ProdTypeGate: telephone_factory -> result=0 (впервые)
ProdTypeGate: telephone_factory -> result=0 (впервые)
ProdTypeGate: automobile_factory -> result=0 (впервые)
ProdTypeGate: telephone_factory -> result=0 (впервые)
ProdTypeGate: explosives_factory -> result=0 (впервые)
ProdTypeGate: explosives_factory -> result=0 (впервые)
ProdTypeGate: small_arms_factory -> result=0 (впервые)
ProdTypeGate: electric_gear_factory -> result=0 (впервые)
ProdTypeGate: telephone_factory -> result=0 (впервые)
ProdTypeGate: small_arms_factory -> result=0 (впервые)
ProdTypeGate: rubber_factory -> result=1 (впервые)
ProdTypeGate: explosives_factory -> result=0 (впервые)
ProdTypeGate: small_arms_factory -> result=0 (впервые)
ProdTypeGate: explosives_factory -> result=0 (впервые)
ProdTypeGate: rubber_factory -> result=1 (впервые)
ProdTypeGate: explosives_factory -> result=0 (впервые)
ProdTypeGate: small_arms_factory -> result=0 (впервые)
ProdTypeGate: explosives_factory -> result=0 (впервые)
ProdTypeGate: small_arms_factory -> result=0 (впервые)
ProdTypeGate: explosives_factory -> result=0 (впервые)
ProdTypeGate: small_arms_factory -> result=0 (впервые)
ProdTypeGate: electric_gear_factory -> result=0 (впервые)
ProdTypeGate: electric_gear_factory -> result=0 (впервые)
ProdTypeGate: electric_gear_factory -> result=0 (впервые)
ProdTypeGate: electric_gear_factory -> result=0 (впервые)
ProdTypeGate: electric_gear_factory -> result=0 (впервые)
ProdTypeGate: electric_gear_factory -> result=0 (впервые)
ProdTypeGate: electric_gear_factory -> result=0 (впервые)
ProdTypeGate: electric_gear_factory -> result=0 (впервые)
ProdTypeGate: electric_gear_factory -> result=0 (впервые)
ProdTypeGate: electric_gear_factory -> result=0 (впервые)
ProdTypeGate: electric_gear_factory -> result=0 (впервые)
ProdTypeGate: electric_gear_factory -> result=0 (впервые)
ProdTypeGate: electric_gear_factory -> result=0 (впервые)
ProdTypeGate: electric_gear_factory -> result=0 (впервые)
ProdTypeGate: electric_gear_factory -> result=0 (впервые)
ProdTypeGate: electric_gear_factory -> result=0 (впервые)
ProdTypeGate: electric_gear_factory -> result=0 (впервые)
ProdTypeGate: electric_gear_factory -> result=0 (впервые)
ProdTypeGate: electric_gear_factory -> result=0 (впервые)
ProdTypeGate: electric_gear_factory -> result=0 (впервые)
ProdTypeGate: electric_gear_factory -> result=0 (впервые)
ProdTypeGate: electric_gear_factory -> result=0 (впервые)
ProdTypeGate: electric_gear_factory -> result=0 (впервые)
ProdTypeGate: electric_gear_factory -> result=0 (впервые)
ProdTypeGate: electric_gear_factory -> result=0 (впервые)
ProdTypeGate: electric_gear_factory -> result=0 (впервые)
ProdTypeGate: electric_gear_factory -> result=0 (впервые)
ProdTypeGate: electric_gear_factory -> result=0 (впервые)
ProdTypeGate: electric_gear_factory -> result=0 (впервые)
ProdTypeGate: electric_gear_factory -> result=0 (впервые)
ProdTypeGate: electric_gear_factory -> result=0 (впервые)
ProdTypeGate: electric_gear_factory -> result=0 (впервые)
ProdTypeGate: electric_gear_factory -> result=0 (впервые)
ProdTypeGate: electric_gear_factory -> result=0 (впервые)
ProdTypeGate: electric_gear_factory -> result=0 (впервые)
ProdTypeGate: electric_gear_factory -> result=0 (впервые)
ProdTypeGate: electric_gear_factory -> result=0 (впервые)
ProdTypeGate: electric_gear_factory -> result=0 (впервые)
ProdTypeGate: electric_gear_factory -> result=0 (впервые)
ProdTypeGate: electric_gear_factory -> result=0 (впервые)
ProdTypeGate: electric_gear_factory -> result=0 (впервые)
ProdTypeGate: electric_gear_factory -> result=0 (впервые)
ProdTypeGate: electric_gear_factory -> result=0 (впервые)
ProdTypeGate: electric_gear_factory -> result=0 (впервые)
ProdTypeGate: automobile_factory -> result=0 (впервые)
ProdTypeGate: automobile_factory -> result=0 (впервые)
ProdTypeGate: automobile_factory -> result=0 (впервые)
ProdTypeGate: automobile_factory -> result=0 (впервые)
ProdTypeGate: automobile_factory -> result=0 (впервые)
ProdTypeGate: automobile_factory -> result=0 (впервые)
ProdTypeGate: automobile_factory -> result=0 (впервые)
ProdTypeGate: automobile_factory -> result=0 (впервые)
ProdTypeGate: automobile_factory -> result=0 (впервые)
ProdTypeGate: automobile_factory -> result=0 (впервые)
ProdTypeGate: automobile_factory -> result=0 (впервые)
ProdTypeGate: automobile_factory -> result=0 (впервые)
ProdTypeGate: automobile_factory -> result=0 (впервые)
ProdTypeGate: automobile_factory -> result=0 (впервые)
ProdTypeGate: automobile_factory -> result=0 (впервые)
ProdTypeGate: automobile_factory -> result=0 (впервые)
ProdTypeGate: automobile_factory -> result=0 (впервые)
ProdTypeGate: automobile_factory -> result=0 (впервые)
ProdTypeGate: automobile_factory -> result=0 (впервые)
ProdTypeGate: automobile_factory -> result=0 (впервые)
ProdTypeGate: automobile_factory -> result=0 (впервые)
ProdTypeGate: automobile_factory -> result=0 (впервые)
ProdTypeGate: automobile_factory -> result=0 (впервые)
ProdTypeGate: automobile_factory -> result=0 (впервые)
ProdTypeGate: automobile_factory -> result=0 (впервые)
ProdTypeGate: automobile_factory -> result=0 (впервые)
ProdTypeGate: automobile_factory -> result=0 (впервые)
ProdTypeGate: automobile_factory -> result=0 (впервые)
ProdTypeGate: automobile_factory -> result=0 (впервые)
ProdTypeGate: automobile_factory -> result=0 (впервые)
ProdTypeGate: automobile_factory -> result=0 (впервые)
ProdTypeGate: automobile_factory -> result=0 (впервые)
ProdTypeGate: electric_gear_factory -> result=0 (впервые)
ProdTypeGate: electric_gear_factory -> result=0 (впервые)
ProdTypeGate: automobile_factory -> result=0 (впервые)
ProdTypeGate: telephone_factory -> result=0 (впервые)
ProdTypeGate: explosives_factory -> result=0 (впервые)
ProdTypeGate: explosives_factory -> result=0 (впервые)
ProdTypeGate: small_arms_factory -> result=0 (впервые)
ProdTypeGate: electric_gear_factory -> result=0 (впервые)
ProdTypeGate: electric_gear_factory -> result=0 (впервые)
ProdTypeGate: electric_gear_factory -> result=0 (впервые)
ProdTypeGate: electric_gear_factory -> result=0 (впервые)
ProdTypeGate: telephone_factory -> result=0 (впервые)
ProdTypeGate: explosives_factory -> result=0 (впервые)
ProdTypeGate: telephone_factory -> result=0 (впервые)
ProdTypeGate: rubber_factory -> result=1 (впервые)
ProdTypeGate: explosives_factory -> result=0 (впервые)
ProdTypeGate: small_arms_factory -> result=0 (впервые)
ProdTypeGate: explosives_factory -> result=0 (впервые)
ProdTypeGate: explosives_factory -> result=0 (впервые)
ProdTypeGate: small_arms_factory -> result=0 (впервые)
ProdTypeGate: telephone_factory -> result=0 (впервые)
ProdTypeGate: telephone_factory -> result=0 (впервые)
ProdTypeGate: telephone_factory -> result=0 (впервые)
ProdTypeGate: telephone_factory -> result=0 (впервые)
ProdTypeGate: telephone_factory -> result=0 (впервые)
ProdTypeGate: telephone_factory -> result=0 (впервые)
ProdTypeGate: telephone_factory -> result=0 (впервые)
ProdTypeGate: telephone_factory -> result=0 (впервые)
ProdTypeGate: explosives_factory -> result=0 (впервые)
ProdTypeGate: rubber_factory -> result=1 (впервые)
ProdTypeGate: explosives_factory -> result=0 (впервые)
ProdTypeGate: small_arms_factory -> result=0 (впервые)
ProdTypeGate: explosives_factory -> result=0 (впервые)
ProdTypeGate: small_arms_factory -> result=0 (впервые)
ProdTypeGate: electric_gear_factory -> result=0 (впервые)
ProdTypeGate: electric_gear_factory -> result=0 (впервые)
ProdTypeGate: electric_gear_factory -> result=0 (впервые)
ProdTypeGate: electric_gear_factory -> result=0 (впервые)
ProdTypeGate: electric_gear_factory -> result=0 (впервые)
ProdTypeGate: electric_gear_factory -> result=0 (впервые)
ProdTypeGate: electric_gear_factory -> result=0 (впервые)
ProdTypeGate: electric_gear_factory -> result=0 (впервые)
ProdTypeGate: electric_gear_factory -> result=0 (впервые)
ProdTypeGate: electric_gear_factory -> result=0 (впервые)
ProdTypeGate: electric_gear_factory -> result=0 (впервые)
ProdTypeGate: electric_gear_factory -> result=0 (впервые)
ProdTypeGate: electric_gear_factory -> result=0 (впервые)
ProdTypeGate: electric_gear_factory -> result=0 (впервые)
ProdTypeGate: electric_gear_factory -> result=0 (впервые)
ProdTypeGate: electric_gear_factory -> result=0 (впервые)
ProdTypeGate: electric_gear_factory -> result=0 (впервые)
ProdTypeGate: electric_gear_factory -> result=0 (впервые)
ProdTypeGate: electric_gear_factory -> result=0 (впервые)
ProdTypeGate: electric_gear_factory -> result=0 (впервые)
ProdTypeGate: electric_gear_factory -> result=0 (впервые)
ProdTypeGate: electric_gear_factory -> result=0 (впервые)
ProdTypeGate: electric_gear_factory -> result=0 (впервые)
ProdTypeGate: electric_gear_factory -> result=0 (впервые)
ProdTypeGate: electric_gear_factory -> result=0 (впервые)
ProdTypeGate: telephone_factory -> result=0 (впервые)
ProdTypeGate: rubber_factory -> result=1 (впервые)
ProdTypeGate: explosives_factory -> result=0 (впервые)
ProdTypeGate: small_arms_factory -> result=0 (впервые)
ProdTypeGate: explosives_factory -> result=0 (впервые)
ProdTypeGate: explosives_factory -> result=0 (впервые)
ProdTypeGate: small_arms_factory -> result=0 (впервые)
ProdTypeGate: electric_gear_factory -> result=0 (впервые)
ProdTypeGate: electric_gear_factory -> result=0 (впервые)
ProdTypeGate: electric_gear_factory -> result=0 (впервые)
ProdTypeGate: electric_gear_factory -> result=0 (впервые)
ProdTypeGate: electric_gear_factory -> result=0 (впервые)
ProdTypeGate: electric_gear_factory -> result=0 (впервые)
ProdTypeGate: electric_gear_factory -> result=0 (впервые)
ProdTypeGate: electric_gear_factory -> result=0 (впервые)
ProdTypeGate: electric_gear_factory -> result=0 (впервые)
ProdTypeGate: electric_gear_factory -> result=0 (впервые)
ProdTypeGate: electric_gear_factory -> result=0 (впервые)
ProdTypeGate: electric_gear_factory -> result=0 (впервые)
ProdTypeGate: electric_gear_factory -> result=0 (впервые)
ProdTypeGate: electric_gear_factory -> result=0 (впервые)
ProdTypeGate: electric_gear_factory -> result=0 (впервые)
ProdTypeGate: electric_gear_factory -> result=0 (впервые)
ProdTypeGate: electric_gear_factory -> result=0 (впервые)
ProdTypeGate: electric_gear_factory -> result=0 (впервые)
ProdTypeGate: electric_gear_factory -> result=0 (впервые)
ProdTypeGate: telephone_factory -> result=0 (впервые)
ProdTypeGate: explosives_factory -> result=0 (впервые)
ProdTypeGate: telephone_factory -> result=0 (впервые)
ProdTypeGate: explosives_factory -> result=0 (впервые)
ProdTypeGate: rubber_factory -> result=1 (впервые)
ProdTypeGate: explosives_factory -> result=0 (впервые)
ProdTypeGate: small_arms_factory -> result=0 (впервые)
ProdTypeGate: rubber_factory -> result=1 (впервые)
ProdTypeGate: explosives_factory -> result=0 (впервые)
ProdTypeGate: small_arms_factory -> result=0 (впервые)
ProdTypeGate: explosives_factory -> result=0 (впервые)
ProdTypeGate: small_arms_factory -> result=0 (впервые)
ProdTypeGate: telephone_factory -> result=0 (впервые)
ProdTypeGate: telephone_factory -> result=0 (впервые)
ProdTypeGate: telephone_factory -> result=0 (впервые)
ProdTypeGate: telephone_factory -> result=0 (впервые)
ProdTypeGate: telephone_factory -> result=0 (впервые)
ProdTypeGate: telephone_factory -> result=0 (впервые)
ProdTypeGate: telephone_factory -> result=0 (впервые)
ProdTypeGate: telephone_factory -> result=0 (впервые)
ProdTypeGate: telephone_factory -> result=0 (впервые)
ProdTypeGate: telephone_factory -> result=0 (впервые)
ProdTypeGate: telephone_factory -> result=0 (впервые)
ProdTypeGate: telephone_factory -> result=0 (впервые)
ProdTypeGate: telephone_factory -> result=0 (впервые)
ProdTypeGate: telephone_factory -> result=0 (впервые)
ProdTypeGate: telephone_factory -> result=0 (впервые)
ProdTypeGate: telephone_factory -> result=0 (впервые)
ProdTypeGate: telephone_factory -> result=0 (впервые)
ProdTypeGate: telephone_factory -> result=0 (впервые)
ProdTypeGate: telephone_factory -> result=0 (впервые)
ProdTypeGate: telephone_factory -> result=0 (впервые)
ProdTypeGate: telephone_factory -> result=0 (впервые)
ProdTypeGate: telephone_factory -> result=0 (впервые)
ProdTypeGate: telephone_factory -> result=0 (впервые)
ProdTypeGate: telephone_factory -> result=0 (впервые)
ProdTypeGate: telephone_factory -> result=0 (впервые)
ProdTypeGate: telephone_factory -> result=0 (впервые)
ProdTypeGate: telephone_factory -> result=0 (впервые)
ProdTypeGate: automobile_factory -> result=0 (впервые)
ProdTypeGate: automobile_factory -> result=0 (впервые)
ProdTypeGate: automobile_factory -> result=0 (впервые)
ProdTypeGate: automobile_factory -> result=0 (впервые)
ProdTypeGate: automobile_factory -> result=0 (впервые)
ProdTypeGate: automobile_factory -> result=0 (впервые)
ProdTypeGate: automobile_factory -> result=0 (впервые)
ProdTypeGate: automobile_factory -> result=0 (впервые)
ProdTypeGate: automobile_factory -> result=0 (впервые)
ProdTypeGate: automobile_factory -> result=0 (впервые)
ProdTypeGate: automobile_factory -> result=0 (впервые)
ProdTypeGate: automobile_factory -> result=0 (впервые)
ProdTypeGate: automobile_factory -> result=0 (впервые)
ProdTypeGate: automobile_factory -> result=0 (впервые)
ProdTypeGate: automobile_factory -> result=0 (впервые)
ProdTypeGate: automobile_factory -> result=0 (впервые)
ProdTypeGate: automobile_factory -> result=0 (впервые)
ProdTypeGate: automobile_factory -> result=0 (впервые)
ProdTypeGate: automobile_factory -> result=0 (впервые)
ProdTypeGate: automobile_factory -> result=0 (впервые)
ProdTypeGate: automobile_factory -> result=0 (впервые)
ProdTypeGate: automobile_factory -> result=0 (впервые)
ProdTypeGate: automobile_factory -> result=0 (впервые)
ProdTypeGate: automobile_factory -> result=0 (впервые)
ProdTypeGate: automobile_factory -> result=0 (впервые)
ProdTypeGate: automobile_factory -> result=0 (впервые)
ProdTypeGate: automobile_factory -> result=0 (впервые)
ProdTypeGate: automobile_factory -> result=0 (впервые)
ProdTypeGate: automobile_factory -> result=0 (впервые)
ProdTypeGate: automobile_factory -> result=0 (впервые)
ProdTypeGate: automobile_factory -> result=0 (впервые)
ProdTypeGate: automobile_factory -> result=0 (впервые)
ProdTypeGate: automobile_factory -> result=0 (впервые)
ProdTypeGate: automobile_factory -> result=0 (впервые)
ProdTypeGate: automobile_factory -> result=0 (впервые)
ProdTypeGate: automobile_factory -> result=0 (впервые)
ProdTypeGate: automobile_factory -> result=0 (впервые)
ProdTypeGate: automobile_factory -> result=0 (впервые)
ProdTypeGate: automobile_factory -> result=0 (впервые)
ProdTypeGate: automobile_factory -> result=0 (впервые)
ProdTypeGate: automobile_factory -> result=0 (впервые)
ProdTypeGate: automobile_factory -> result=0 (впервые)
ProdTypeGate: automobile_factory -> result=0 (впервые)
ProdTypeGate: automobile_factory -> result=0 (впервые)
ProdTypeGate: automobile_factory -> result=0 (впервые)
ProdTypeGate: automobile_factory -> result=0 (впервые)
ProdTypeGate: automobile_factory -> result=0 (впервые)
ProdTypeGate: automobile_factory -> result=0 (впервые)
ProdTypeGate: automobile_factory -> result=0 (впервые)
ProdTypeGate: automobile_factory -> result=0 (впервые)
ProdTypeGate: automobile_factory -> result=0 (впервые)
ProdTypeGate: automobile_factory -> result=0 (впервые)
ProdTypeGate: automobile_factory -> result=0 (впервые)
ProdTypeGate: automobile_factory -> result=0 (впервые)
ProdTypeGate: automobile_factory -> result=0 (впервые)
ProdTypeGate: telephone_factory -> result=0 (впервые)
ProdTypeGate: automobile_factory -> result=0 (впервые)
ProdTypeGate: telephone_factory -> result=0 (впервые)
ProdTypeGate: rubber_factory -> result=1 (впервые)
ProdTypeGate: explosives_factory -> result=0 (впервые)
ProdTypeGate: small_arms_factory -> result=0 (впервые)
ProdTypeGate: explosives_factory -> result=0 (впервые)
ProdTypeGate: rubber_factory -> result=1 (впервые)
ProdTypeGate: explosives_factory -> result=0 (впервые)
ProdTypeGate: small_arms_factory -> result=0 (впервые)
ProdTypeGate: telephone_factory -> result=0 (впервые)
ProdTypeGate: explosives_factory -> result=0 (впервые)
ProdTypeGate: rubber_factory -> result=1 (впервые)
ProdTypeGate: explosives_factory -> result=0 (впервые)
ProdTypeGate: small_arms_factory -> result=0 (впервые)
ProdTypeGate: explosives_factory -> result=0 (впервые)
ProdTypeGate: small_arms_factory -> result=0 (впервые)
ProdTypeGate: explosives_factory -> result=0 (впервые)
ProdTypeGate: small_arms_factory -> result=0 (впервые)
ProdTypeGate: telephone_factory -> result=0 (впервые)
ProdTypeGate: rubber_factory -> result=1 (впервые)
ProdTypeGate: explosives_factory -> result=0 (впервые)
ProdTypeGate: small_arms_factory -> result=0 (впервые)
ProdTypeGate: explosives_factory -> result=0 (впервые)
ProdTypeGate: electric_gear_factory -> result=0 (впервые)
ProdTypeGate: electric_gear_factory -> result=0 (впервые)
ProdTypeGate: electric_gear_factory -> result=0 (впервые)
ProdTypeGate: electric_gear_factory -> result=0 (впервые)
ProdTypeGate: electric_gear_factory -> result=0 (впервые)
ProdTypeGate: electric_gear_factory -> result=0 (впервые)
ProdTypeGate: telephone_factory -> result=0 (впервые)
ProdTypeGate: explosives_factory -> result=0 (впервые)
ProdTypeGate: rubber_factory -> result=1 (впервые)
ProdTypeGate: explosives_factory -> result=0 (впервые)
ProdTypeGate: small_arms_factory -> result=0 (впервые)
ProdTypeGate: explosives_factory -> result=0 (впервые)
ProdTypeGate: small_arms_factory -> result=0 (впервые)
ProdTypeGate: explosives_factory -> result=0 (впервые)
ProdTypeGate: small_arms_factory -> result=0 (впервые)
ProdTypeGate: electric_gear_factory -> result=0 (впервые)
ProdTypeGate: electric_gear_factory -> result=0 (впервые)
ProdTypeGate: electric_gear_factory -> result=0 (впервые)
ProdTypeGate: electric_gear_factory -> result=0 (впервые)
ProdTypeGate: electric_gear_factory -> result=0 (впервые)
ProdTypeGate: electric_gear_factory -> result=0 (впервые)
ProdTypeGate: electric_gear_factory -> result=0 (впервые)
ProdTypeGate: electric_gear_factory -> result=0 (впервые)
ProdTypeGate: electric_gear_factory -> result=0 (впервые)
ProdTypeGate: electric_gear_factory -> result=0 (впервые)
ProdTypeGate: electric_gear_factory -> result=0 (впервые)
ProdTypeGate: electric_gear_factory -> result=0 (впервые)
ProdTypeGate: electric_gear_factory -> result=0 (впервые)
ProdTypeGate: electric_gear_factory -> result=0 (впервые)
ProdTypeGate: electric_gear_factory -> result=0 (впервые)
ProdTypeGate: electric_gear_factory -> result=0 (впервые)
ProdTypeGate: electric_gear_factory -> result=0 (впервые)
ProdTypeGate: telephone_factory -> result=0 (впервые)
ProdTypeGate: explosives_factory -> result=0 (впервые)
ProdTypeGate: explosives_factory -> result=0 (впервые)
ProdTypeGate: small_arms_factory -> result=0 (впервые)
ProdTypeGate: telephone_factory -> result=0 (впервые)
ProdTypeGate: rubber_factory -> result=1 (впервые)
ProdTypeGate: explosives_factory -> result=0 (впервые)
ProdTypeGate: small_arms_factory -> result=0 (впервые)
ProdTypeGate: explosives_factory -> result=0 (впервые)
ProdTypeGate: explosives_factory -> result=0 (впервые)
ProdTypeGate: small_arms_factory -> result=0 (впервые)
ProdTypeGate: telephone_factory -> result=0 (впервые)
ProdTypeGate: telephone_factory -> result=0 (впервые)
ProdTypeGate: telephone_factory -> result=0 (впервые)
ProdTypeGate: telephone_factory -> result=0 (впервые)
ProdTypeGate: telephone_factory -> result=0 (впервые)
ProdTypeGate: telephone_factory -> result=0 (впервые)
ProdTypeGate: telephone_factory -> result=0 (впервые)
ProdTypeGate: telephone_factory -> result=0 (впервые)
ProdTypeGate: explosives_factory -> result=0 (впервые)
ProdTypeGate: explosives_factory -> result=0 (впервые)
ProdTypeGate: small_arms_factory -> result=0 (впервые)
ProdTypeGate: electric_gear_factory -> result=0 (впервые)
ProdTypeGate: electric_gear_factory -> result=0 (впервые)
ProdTypeGate: electric_gear_factory -> result=0 (впервые)
ProdTypeGate: electric_gear_factory -> result=0 (впервые)
ProdTypeGate: electric_gear_factory -> result=0 (впервые)
ProdTypeGate: telephone_factory -> result=0 (впервые)
ProdTypeGate: rubber_factory -> result=1 (впервые)
ProdTypeGate: explosives_factory -> result=0 (впервые)
ProdTypeGate: small_arms_factory -> result=0 (впервые)
ProdTypeGate: explosives_factory -> result=0 (впервые)
ProdTypeGate: rubber_factory -> result=1 (впервые)
ProdTypeGate: explosives_factory -> result=0 (впервые)
ProdTypeGate: small_arms_factory -> result=0 (впервые)
ProdTypeGate: rubber_factory -> result=1 (впервые)
ProdTypeGate: explosives_factory -> result=0 (впервые)
ProdTypeGate: small_arms_factory -> result=0 (впервые)
ProdTypeGate: explosives_factory -> result=0 (впервые)
ProdTypeGate: automobile_factory -> result=0 (впервые)
ProdTypeGate: automobile_factory -> result=0 (впервые)
ProdTypeGate: automobile_factory -> result=0 (впервые)
ProdTypeGate: automobile_factory -> result=0 (впервые)
ProdTypeGate: automobile_factory -> result=0 (впервые)
ProdTypeGate: automobile_factory -> result=0 (впервые)
ProdTypeGate: automobile_factory -> result=0 (впервые)
ProdTypeGate: automobile_factory -> result=0 (впервые)
ProdTypeGate: automobile_factory -> result=0 (впервые)
ProdTypeGate: automobile_factory -> result=0 (впервые)
ProdTypeGate: automobile_factory -> result=0 (впервые)
ProdTypeGate: automobile_factory -> result=0 (впервые)
ProdTypeGate: automobile_factory -> result=0 (впервые)
ProdTypeGate: automobile_factory -> result=0 (впервые)
ProdTypeGate: electric_gear_factory -> result=0 (впервые)
ProdTypeGate: automobile_factory -> result=0 (впервые)
ProdTypeGate: telephone_factory -> result=0 (впервые)
ProdTypeGate: explosives_factory -> result=0 (впервые)
ProdTypeGate: rubber_factory -> result=1 (впервые)
ProdTypeGate: explosives_factory -> result=0 (впервые)
ProdTypeGate: small_arms_factory -> result=0 (впервые)
ProdTypeGate: explosives_factory -> result=0 (впервые)
ProdTypeGate: small_arms_factory -> result=0 (впервые)
ProdTypeGate: explosives_factory -> result=0 (впервые)
ProdTypeGate: small_arms_factory -> result=0 (впервые)
ProdTypeGate: electric_gear_factory -> result=0 (впервые)
ProdTypeGate: electric_gear_factory -> result=0 (впервые)
ProdTypeGate: electric_gear_factory -> result=0 (впервые)
ProdTypeGate: electric_gear_factory -> result=0 (впервые)
ProdTypeGate: electric_gear_factory -> result=0 (впервые)
ProdTypeGate: electric_gear_factory -> result=0 (впервые)
ProdTypeGate: electric_gear_factory -> result=0 (впервые)
ProdTypeGate: electric_gear_factory -> result=0 (впервые)
ProdTypeGate: electric_gear_factory -> result=0 (впервые)
ProdTypeGate: electric_gear_factory -> result=0 (впервые)
ProdTypeGate: electric_gear_factory -> result=0 (впервые)
ProdTypeGate: electric_gear_factory -> result=0 (впервые)
ProdTypeGate: electric_gear_factory -> result=0 (впервые)
ProdTypeGate: electric_gear_factory -> result=0 (впервые)
ProdTypeGate: electric_gear_factory -> result=0 (впервые)
ProdTypeGate: electric_gear_factory -> result=0 (впервые)
ProdTypeGate: electric_gear_factory -> result=0 (впервые)
ProdTypeGate: electric_gear_factory -> result=0 (впервые)
ProdTypeGate: electric_gear_factory -> result=0 (впервые)
ProdTypeGate: electric_gear_factory -> result=0 (впервые)
ProdTypeGate: electric_gear_factory -> result=0 (впервые)
ProdTypeGate: electric_gear_factory -> result=0 (впервые)
ProdTypeGate: electric_gear_factory -> result=0 (впервые)
ProdTypeGate: electric_gear_factory -> result=0 (впервые)
ProdTypeGate: electric_gear_factory -> result=0 (впервые)
ProdTypeGate: electric_gear_factory -> result=0 (впервые)
ProdTypeGate: electric_gear_factory -> result=0 (впервые)
ProdTypeGate: electric_gear_factory -> result=0 (впервые)
ProdTypeGate: electric_gear_factory -> result=0 (впервые)
ProdTypeGate: electric_gear_factory -> result=0 (впервые)
ProdTypeGate: electric_gear_factory -> result=0 (впервые)
ProdTypeGate: electric_gear_factory -> result=0 (впервые)
ProdTypeGate: electric_gear_factory -> result=0 (впервые)
ProdTypeGate: electric_gear_factory -> result=0 (впервые)
ProdTypeGate: electric_gear_factory -> result=0 (впервые)
ProdTypeGate: electric_gear_factory -> result=0 (впервые)
ProdTypeGate: electric_gear_factory -> result=0 (впервые)
ProdTypeGate: electric_gear_factory -> result=0 (впервые)
ProdTypeGate: electric_gear_factory -> result=0 (впервые)
ProdTypeGate: electric_gear_factory -> result=0 (впервые)
ProdTypeGate: electric_gear_factory -> result=0 (впервые)
ProdTypeGate: electric_gear_factory -> result=0 (впервые)
ProdTypeGate: electric_gear_factory -> result=0 (впервые)
ProdTypeGate: telephone_factory -> result=0 (впервые)
ProdTypeGate: explosives_factory -> result=0 (впервые)
ProdTypeGate: rubber_factory -> result=1 (впервые)
ProdTypeGate: explosives_factory -> result=0 (впервые)
ProdTypeGate: small_arms_factory -> result=0 (впервые)
ProdTypeGate: explosives_factory -> result=0 (впервые)
ProdTypeGate: small_arms_factory -> result=0 (впервые)
ProdTypeGate: electric_gear_factory -> result=0 (впервые)
ProdTypeGate: electric_gear_factory -> result=0 (впервые)
ProdTypeGate: electric_gear_factory -> result=0 (впервые)
ProdTypeGate: electric_gear_factory -> result=0 (впервые)
ProdTypeGate: electric_gear_factory -> result=0 (впервые)
ProdTypeGate: electric_gear_factory -> result=0 (впервые)
ProdTypeGate: electric_gear_factory -> result=0 (впервые)
ProdTypeGate: electric_gear_factory -> result=0 (впервые)
ProdTypeGate: electric_gear_factory -> result=0 (впервые)
ProdTypeGate: electric_gear_factory -> result=0 (впервые)
ProdTypeGate: electric_gear_factory -> result=0 (впервые)
ProdTypeGate: electric_gear_factory -> result=0 (впервые)
ProdTypeGate: electric_gear_factory -> result=0 (впервые)
ProdTypeGate: electric_gear_factory -> result=0 (впервые)
ProdTypeGate: electric_gear_factory -> result=0 (впервые)
ProdTypeGate: electric_gear_factory -> result=0 (впервые)
ProdTypeGate: electric_gear_factory -> result=0 (впервые)
ProdTypeGate: electric_gear_factory -> result=0 (впервые)
ProdTypeGate: electric_gear_factory -> result=0 (впервые)
ProdTypeGate: electric_gear_factory -> result=0 (впервые)
ProdTypeGate: electric_gear_factory -> result=0 (впервые)
ProdTypeGate: electric_gear_factory -> result=0 (впервые)
ProdTypeGate: electric_gear_factory -> result=0 (впервые)
ProdTypeGate: electric_gear_factory -> result=0 (впервые)
ProdTypeGate: electric_gear_factory -> result=0 (впервые)
ProdTypeGate: electric_gear_factory -> result=0 (впервые)
ProdTypeGate: electric_gear_factory -> result=0 (впервые)
ProdTypeGate: electric_gear_factory -> result=0 (впервые)
ProdTypeGate: electric_gear_factory -> result=0 (впервые)
ProdTypeGate: electric_gear_factory -> result=0 (впервые)
ProdTypeGate: electric_gear_factory -> result=0 (впервые)
ProdTypeGate: electric_gear_factory -> result=0 (впервые)
ProdTypeGate: electric_gear_factory -> result=0 (впервые)
ProdTypeGate: electric_gear_factory -> result=0 (впервые)
ProdTypeGate: electric_gear_factory -> result=0 (впервые)
ProdTypeGate: electric_gear_factory -> result=0 (впервые)
ProdTypeGate: electric_gear_factory -> result=0 (впервые)
ProdTypeGate: electric_gear_factory -> result=0 (впервые)
ProdTypeGate: electric_gear_factory -> result=0 (впервые)
ProdTypeGate: electric_gear_factory -> result=0 (впервые)
ProdTypeGate: electric_gear_factory -> result=0 (впервые)
ProdTypeGate: electric_gear_factory -> result=0 (впервые)
ProdTypeGate: electric_gear_factory -> result=0 (впервые)
ProdTypeGate: electric_gear_factory -> result=0 (впервые)
ProdTypeGate: electric_gear_factory -> result=0 (впервые)
ProdTypeGate: electric_gear_factory -> result=0 (впервые)
ProdTypeGate: electric_gear_factory -> result=0 (впервые)
ProdTypeGate: telephone_factory -> result=0 (впервые)
ProdTypeGate: rubber_factory -> result=1 (впервые)
ProdTypeGate: explosives_factory -> result=0 (впервые)
ProdTypeGate: small_arms_factory -> result=0 (впервые)
ProdTypeGate: rubber_factory -> result=1 (впервые)
ProdTypeGate: explosives_factory -> result=0 (впервые)
ProdTypeGate: small_arms_factory -> result=0 (впервые)
ProdTypeGate: explosives_factory -> result=0 (впервые)
ProdTypeGate: rubber_factory -> result=1 (впервые)
ProdTypeGate: explosives_factory -> result=0 (впервые)
ProdTypeGate: small_arms_factory -> result=0 (впервые)
ProdTypeGate: rubber_factory -> result=1 (впервые)
ProdTypeGate: explosives_factory -> result=0 (впервые)
ProdTypeGate: small_arms_factory -> result=0 (впервые)
ProdTypeGate: explosives_factory -> result=0 (впервые)
ProdTypeGate: small_arms_factory -> result=0 (впервые)
ProdTypeGate: telephone_factory -> result=0 (впервые)
ProdTypeGate: telephone_factory -> result=0 (впервые)
ProdTypeGate: telephone_factory -> result=0 (впервые)
ProdTypeGate: telephone_factory -> result=0 (впервые)
ProdTypeGate: telephone_factory -> result=0 (впервые)
ProdTypeGate: explosives_factory -> result=0 (впервые)
ProdTypeGate: rubber_factory -> result=1 (впервые)
ProdTypeGate: explosives_factory -> result=0 (впервые)
ProdTypeGate: small_arms_factory -> result=0 (впервые)
ProdTypeGate: explosives_factory -> result=0 (впервые)
ProdTypeGate: small_arms_factory -> result=0 (впервые)
ProdTypeGate: telephone_factory -> result=0 (впервые)
ProdTypeGate: explosives_factory -> result=0 (впервые)
ProdTypeGate: explosives_factory -> result=0 (впервые)
ProdTypeGate: small_arms_factory -> result=0 (впервые)
ProdTypeGate: explosives_factory -> result=0 (впервые)
ProdTypeGate: small_arms_factory -> result=0 (впервые)
ProdTypeGate: telephone_factory -> result=0 (впервые)
ProdTypeGate: explosives_factory -> result=0 (впервые)
ProdTypeGate: explosives_factory -> result=0 (впервые)
ProdTypeGate: small_arms_factory -> result=0 (впервые)
ProdTypeGate: telephone_factory -> result=0 (впервые)
ProdTypeGate: telephone_factory -> result=0 (впервые)
ProdTypeGate: telephone_factory -> result=0 (впервые)
ProdTypeGate: telephone_factory -> result=0 (впервые)
ProdTypeGate: telephone_factory -> result=0 (впервые)
ProdTypeGate: telephone_factory -> result=0 (впервые)
ProdTypeGate: telephone_factory -> result=0 (впервые)
ProdTypeGate: telephone_factory -> result=0 (впервые)
ProdTypeGate: telephone_factory -> result=0 (впервые)
ProdTypeGate: telephone_factory -> result=0 (впервые)
ProdTypeGate: telephone_factory -> result=0 (впервые)
ProdTypeGate: telephone_factory -> result=0 (впервые)
ProdTypeGate: telephone_factory -> result=0 (впервые)
ProdTypeGate: telephone_factory -> result=0 (впервые)
ProdTypeGate: telephone_factory -> result=0 (впервые)
ProdTypeGate: telephone_factory -> result=0 (впервые)
ProdTypeGate: telephone_factory -> result=0 (впервые)
ProdTypeGate: telephone_factory -> result=0 (впервые)
ProdTypeGate: telephone_factory -> result=0 (впервые)
ProdTypeGate: telephone_factory -> result=0 (впервые)
ProdTypeGate: telephone_factory -> result=0 (впервые)
ProdTypeGate: telephone_factory -> result=0 (впервые)
ProdTypeGate: telephone_factory -> result=0 (впервые)
ProdTypeGate: telephone_factory -> result=0 (впервые)
ProdTypeGate: telephone_factory -> result=0 (впервые)
ProdTypeGate: telephone_factory -> result=0 (впервые)
ProdTypeGate: telephone_factory -> result=0 (впервые)
ProdTypeGate: telephone_factory -> result=0 (впервые)
ProdTypeGate: telephone_factory -> result=0 (впервые)
ProdTypeGate: telephone_factory -> result=0 (впервые)
ProdTypeGate: telephone_factory -> result=0 (впервые)
ProdTypeGate: telephone_factory -> result=0 (впервые)
ProdTypeGate: telephone_factory -> result=0 (впервые)
ProdTypeGate: telephone_factory -> result=0 (впервые)
ProdTypeGate: telephone_factory -> result=0 (впервые)
ProdTypeGate: telephone_factory -> result=0 (впервые)
ProdTypeGate: explosives_factory -> result=0 (впервые)
ProdTypeGate: rubber_factory -> result=1 (впервые)
ProdTypeGate: explosives_factory -> result=0 (впервые)
ProdTypeGate: small_arms_factory -> result=0 (впервые)
ProdTypeGate: automobile_factory -> result=0 (впервые)
ProdTypeGate: automobile_factory -> result=0 (впервые)
ProdTypeGate: automobile_factory -> result=0 (впервые)
ProdTypeGate: automobile_factory -> result=0 (впервые)
ProdTypeGate: automobile_factory -> result=0 (впервые)
ProdTypeGate: automobile_factory -> result=0 (впервые)
ProdTypeGate: automobile_factory -> result=0 (впервые)
ProdTypeGate: automobile_factory -> result=0 (впервые)
ProdTypeGate: automobile_factory -> result=0 (впервые)
ProdTypeGate: automobile_factory -> result=0 (впервые)
ProdTypeGate: automobile_factory -> result=0 (впервые)
ProdTypeGate: automobile_factory -> result=0 (впервые)
ProdTypeGate: automobile_factory -> result=0 (впервые)
ProdTypeGate: automobile_factory -> result=0 (впервые)
ProdTypeGate: automobile_factory -> result=0 (впервые)
ProdTypeGate: automobile_factory -> result=0 (впервые)
ProdTypeGate: automobile_factory -> result=0 (впервые)
ProdTypeGate: automobile_factory -> result=0 (впервые)
ProdTypeGate: automobile_factory -> result=0 (впервые)
ProdTypeGate: automobile_factory -> result=0 (впервые)
ProdTypeGate: automobile_factory -> result=0 (впервые)
ProdTypeGate: automobile_factory -> result=0 (впервые)
ProdTypeGate: automobile_factory -> result=0 (впервые)
ProdTypeGate: automobile_factory -> result=0 (впервые)
ProdTypeGate: automobile_factory -> result=0 (впервые)
ProdTypeGate: automobile_factory -> result=0 (впервые)
ProdTypeGate: automobile_factory -> result=0 (впервые)
ProdTypeGate: automobile_factory -> result=0 (впервые)
ProdTypeGate: automobile_factory -> result=0 (впервые)
ProdTypeGate: automobile_factory -> result=0 (впервые)
ProdTypeGate: automobile_factory -> result=0 (впервые)
ProdTypeGate: automobile_factory -> result=0 (впервые)
ProdTypeGate: electric_gear_factory -> result=0 (впервые)
ProdTypeGate: electric_gear_factory -> result=0 (впервые)
ProdTypeGate: electric_gear_factory -> result=0 (впервые)
ProdTypeGate: electric_gear_factory -> result=0 (впервые)
ProdTypeGate: electric_gear_factory -> result=0 (впервые)
ProdTypeGate: electric_gear_factory -> result=0 (впервые)
ProdTypeGate: electric_gear_factory -> result=0 (впервые)
ProdTypeGate: electric_gear_factory -> result=0 (впервые)
ProdTypeGate: electric_gear_factory -> result=0 (впервые)
ProdTypeGate: electric_gear_factory -> result=0 (впервые)
ProdTypeGate: electric_gear_factory -> result=0 (впервые)
ProdTypeGate: electric_gear_factory -> result=0 (впервые)
ProdTypeGate: electric_gear_factory -> result=0 (впервые)
ProdTypeGate: electric_gear_factory -> result=0 (впервые)
ProdTypeGate: electric_gear_factory -> result=0 (впервые)
ProdTypeGate: electric_gear_factory -> result=0 (впервые)
ProdTypeGate: electric_gear_factory -> result=0 (впервые)
ProdTypeGate: electric_gear_factory -> result=0 (впервые)
ProdTypeGate: electric_gear_factory -> result=0 (впервые)
ProdTypeGate: electric_gear_factory -> result=0 (впервые)
ProdTypeGate: electric_gear_factory -> result=0 (впервые)
ProdTypeGate: electric_gear_factory -> result=0 (впервые)
ProdTypeGate: automobile_factory -> result=0 (впервые)
ProdTypeGate: electric_gear_factory -> result=0 (впервые)
ProdTypeGate: telephone_factory -> result=0 (впервые)
ProdTypeGate: explosives_factory -> result=0 (впервые)
ProdTypeGate: explosives_factory -> result=0 (впервые)
ProdTypeGate: small_arms_factory -> result=0 (впервые)
ProdTypeGate: explosives_factory -> result=0 (впервые)
ProdTypeGate: small_arms_factory -> result=0 (впервые)
ProdTypeGate: telephone_factory -> result=0 (впервые)
ProdTypeGate: rubber_factory -> result=1 (впервые)
ProdTypeGate: explosives_factory -> result=0 (впервые)
ProdTypeGate: small_arms_factory -> result=0 (впервые)
ProdTypeGate: explosives_factory -> result=0 (впервые)
ProdTypeGate: explosives_factory -> result=0 (впервые)
ProdTypeGate: telephone_factory -> result=0 (впервые)
ProdTypeGate: rubber_factory -> result=1 (впервые)
ProdTypeGate: explosives_factory -> result=0 (впервые)
ProdTypeGate: small_arms_factory -> result=0 (впервые)
ProdTypeGate: rubber_factory -> result=1 (впервые)
ProdTypeGate: explosives_factory -> result=0 (впервые)
ProdTypeGate: small_arms_factory -> result=0 (впервые)
ProdTypeGate: explosives_factory -> result=0 (впервые)
ProdTypeGate: rubber_factory -> result=1 (впервые)
ProdTypeGate: explosives_factory -> result=0 (впервые)
ProdTypeGate: small_arms_factory -> result=0 (впервые)
ProdTypeGate: explosives_factory -> result=0 (впервые)
ProdTypeGate: small_arms_factory -> result=0 (впервые)
ProdTypeGate: explosives_factory -> result=0 (впервые)
ProdTypeGate: small_arms_factory -> result=0 (впервые)
ProdTypeGate: automobile_factory -> result=0 (впервые)
ProdTypeGate: automobile_factory -> result=0 (впервые)
ProdTypeGate: automobile_factory -> result=0 (впервые)
ProdTypeGate: automobile_factory -> result=0 (впервые)
ProdTypeGate: automobile_factory -> result=0 (впервые)
ProdTypeGate: automobile_factory -> result=0 (впервые)
ProdTypeGate: automobile_factory -> result=0 (впервые)
ProdTypeGate: automobile_factory -> result=0 (впервые)
ProdTypeGate: automobile_factory -> result=0 (впервые)
ProdTypeGate: automobile_factory -> result=0 (впервые)
ProdTypeGate: automobile_factory -> result=0 (впервые)
ProdTypeGate: automobile_factory -> result=0 (впервые)
ProdTypeGate: automobile_factory -> result=0 (впервые)
ProdTypeGate: automobile_factory -> result=0 (впервые)
ProdTypeGate: automobile_factory -> result=0 (впервые)
ProdTypeGate: automobile_factory -> result=0 (впервые)
ProdTypeGate: automobile_factory -> result=0 (впервые)
ProdTypeGate: automobile_factory -> result=0 (впервые)
ProdTypeGate: automobile_factory -> result=0 (впервые)
ProdTypeGate: automobile_factory -> result=0 (впервые)
ProdTypeGate: automobile_factory -> result=0 (впервые)
ProdTypeGate: automobile_factory -> result=0 (впервые)
ProdTypeGate: automobile_factory -> result=0 (впервые)
ProdTypeGate: automobile_factory -> result=0 (впервые)
ProdTypeGate: automobile_factory -> result=0 (впервые)
ProdTypeGate: automobile_factory -> result=0 (впервые)
ProdTypeGate: automobile_factory -> result=0 (впервые)
ProdTypeGate: automobile_factory -> result=0 (впервые)
ProdTypeGate: automobile_factory -> result=0 (впервые)
ProdTypeGate: automobile_factory -> result=0 (впервые)
ProdTypeGate: automobile_factory -> result=0 (впервые)
ProdTypeGate: automobile_factory -> result=0 (впервые)
ProdTypeGate: automobile_factory -> result=0 (впервые)
ProdTypeGate: telephone_factory -> result=0 (впервые)
ProdTypeGate: explosives_factory -> result=0 (впервые)
ProdTypeGate: explosives_factory -> result=0 (впервые)
ProdTypeGate: small_arms_factory -> result=0 (впервые)
ProdTypeGate: automobile_factory -> result=0 (впервые)
ProdTypeGate: automobile_factory -> result=0 (впервые)
ProdTypeGate: automobile_factory -> result=0 (впервые)
ProdTypeGate: automobile_factory -> result=0 (впервые)
ProdTypeGate: automobile_factory -> result=0 (впервые)
ProdTypeGate: automobile_factory -> result=0 (впервые)
ProdTypeGate: automobile_factory -> result=0 (впервые)
ProdTypeGate: automobile_factory -> result=0 (впервые)
ProdTypeGate: automobile_factory -> result=0 (впервые)
ProdTypeGate: automobile_factory -> result=0 (впервые)
ProdTypeGate: automobile_factory -> result=0 (впервые)
ProdTypeGate: automobile_factory -> result=0 (впервые)
ProdTypeGate: automobile_factory -> result=0 (впервые)
ProdTypeGate: automobile_factory -> result=0 (впервые)
ProdTypeGate: automobile_factory -> result=0 (впервые)
ProdTypeGate: automobile_factory -> result=0 (впервые)
ProdTypeGate: automobile_factory -> result=0 (впервые)
ProdTypeGate: automobile_factory -> result=0 (впервые)
ProdTypeGate: automobile_factory -> result=0 (впервые)
ProdTypeGate: automobile_factory -> result=0 (впервые)
ProdTypeGate: automobile_factory -> result=0 (впервые)
ProdTypeGate: automobile_factory -> result=0 (впервые)
ProdTypeGate: automobile_factory -> result=0 (впервые)
ProdTypeGate: automobile_factory -> result=0 (впервые)
ProdTypeGate: automobile_factory -> result=0 (впервые)
ProdTypeGate: automobile_factory -> result=0 (впервые)
ProdTypeGate: automobile_factory -> result=0 (впервые)
ProdTypeGate: automobile_factory -> result=0 (впервые)
ProdTypeGate: automobile_factory -> result=0 (впервые)
ProdTypeGate: automobile_factory -> result=0 (впервые)
ProdTypeGate: automobile_factory -> result=0 (впервые)
ProdTypeGate: automobile_factory -> result=0 (впервые)
ProdTypeGate: automobile_factory -> result=0 (впервые)
ProdTypeGate: automobile_factory -> result=0 (впервые)
ProdTypeGate: automobile_factory -> result=0 (впервые)
ProdTypeGate: automobile_factory -> result=0 (впервые)
ProdTypeGate: automobile_factory -> result=0 (впервые)
ProdTypeGate: automobile_factory -> result=0 (впервые)
ProdTypeGate: automobile_factory -> result=0 (впервые)
ProdTypeGate: automobile_factory -> result=0 (впервые)
ProdTypeGate: automobile_factory -> result=0 (впервые)
ProdTypeGate: automobile_factory -> result=0 (впервые)
ProdTypeGate: automobile_factory -> result=0 (впервые)
ProdTypeGate: automobile_factory -> result=0 (впервые)
ProdTypeGate: automobile_factory -> result=0 (впервые)
ProdTypeGate: automobile_factory -> result=0 (впервые)
ProdTypeGate: automobile_factory -> result=0 (впервые)
ProdTypeGate: automobile_factory -> result=0 (впервые)
ProdTypeGate: automobile_factory -> result=0 (впервые)
ProdTypeGate: automobile_factory -> result=0 (впервые)
ProdTypeGate: automobile_factory -> result=0 (впервые)
ProdTypeGate: automobile_factory -> result=0 (впервые)
ProdTypeGate: automobile_factory -> result=0 (впервые)
ProdTypeGate: automobile_factory -> result=0 (впервые)
ProdTypeGate: automobile_factory -> result=0 (впервые)
ProdTypeGate: automobile_factory -> result=0 (впервые)
ProdTypeGate: electric_gear_factory -> result=0 (впервые)
ProdTypeGate: electric_gear_factory -> result=0 (впервые)
ProdTypeGate: electric_gear_factory -> result=0 (впервые)
ProdTypeGate: electric_gear_factory -> result=0 (впервые)
ProdTypeGate: electric_gear_factory -> result=0 (впервые)
ProdTypeGate: electric_gear_factory -> result=0 (впервые)
ProdTypeGate: electric_gear_factory -> result=0 (впервые)
ProdTypeGate: telephone_factory -> result=0 (впервые)
ProdTypeGate: rubber_factory -> result=1 (впервые)
ProdTypeGate: explosives_factory -> result=0 (впервые)
ProdTypeGate: small_arms_factory -> result=0 (впервые)
ProdTypeGate: explosives_factory -> result=0 (впервые)
ProdTypeGate: explosives_factory -> result=0 (впервые)
ProdTypeGate: small_arms_factory -> result=0 (впервые)
ProdTypeGate: electric_gear_factory -> result=0 (впервые)
ProdTypeGate: electric_gear_factory -> result=0 (впервые)
ProdTypeGate: electric_gear_factory -> result=0 (впервые)
ProdTypeGate: electric_gear_factory -> result=0 (впервые)
ProdTypeGate: electric_gear_factory -> result=0 (впервые)
ProdTypeGate: electric_gear_factory -> result=0 (впервые)
ProdTypeGate: electric_gear_factory -> result=0 (впервые)
ProdTypeGate: electric_gear_factory -> result=0 (впервые)
ProdTypeGate: electric_gear_factory -> result=0 (впервые)
ProdTypeGate: electric_gear_factory -> result=0 (впервые)
ProdTypeGate: electric_gear_factory -> result=0 (впервые)
ProdTypeGate: electric_gear_factory -> result=0 (впервые)
ProdTypeGate: electric_gear_factory -> result=0 (впервые)
ProdTypeGate: electric_gear_factory -> result=0 (впервые)
ProdTypeGate: electric_gear_factory -> result=0 (впервые)
ProdTypeGate: electric_gear_factory -> result=0 (впервые)
ProdTypeGate: electric_gear_factory -> result=0 (впервые)
ProdTypeGate: electric_gear_factory -> result=0 (впервые)
ProdTypeGate: electric_gear_factory -> result=0 (впервые)
ProdTypeGate: electric_gear_factory -> result=0 (впервые)
ProdTypeGate: electric_gear_factory -> result=0 (впервые)
ProdTypeGate: electric_gear_factory -> result=0 (впервые)
ProdTypeGate: electric_gear_factory -> result=0 (впервые)
ProdTypeGate: telephone_factory -> result=0 (впервые)
ProdTypeGate: telephone_factory -> result=0 (впервые)
ProdTypeGate: telephone_factory -> result=0 (впервые)
ProdTypeGate: telephone_factory -> result=0 (впервые)
ProdTypeGate: telephone_factory -> result=0 (впервые)
ProdTypeGate: telephone_factory -> result=0 (впервые)
ProdTypeGate: electric_gear_factory -> result=0 (впервые)
ProdTypeGate: electric_gear_factory -> result=0 (впервые)
ProdTypeGate: electric_gear_factory -> result=0 (впервые)
ProdTypeGate: telephone_factory -> result=0 (впервые)
ProdTypeGate: telephone_factory -> result=0 (впервые)
ProdTypeGate: rubber_factory -> result=1 (впервые)
ProdTypeGate: explosives_factory -> result=0 (впервые)
ProdTypeGate: small_arms_factory -> result=0 (впервые)
ProdTypeGate: explosives_factory -> result=0 (впервые)
ProdTypeGate: explosives_factory -> result=0 (впервые)
ProdTypeGate: small_arms_factory -> result=0 (впервые)
ProdTypeGate: explosives_factory -> result=0 (впервые)
ProdTypeGate: small_arms_factory -> result=0 (впервые)
ProdTypeGate: telephone_factory -> result=0 (впервые)
ProdTypeGate: rubber_factory -> result=1 (впервые)
ProdTypeGate: explosives_factory -> result=0 (впервые)
ProdTypeGate: small_arms_factory -> result=0 (впервые)
ProdTypeGate: rubber_factory -> result=1 (впервые)
ProdTypeGate: explosives_factory -> result=0 (впервые)
ProdTypeGate: small_arms_factory -> result=0 (впервые)
ProdTypeGate: explosives_factory -> result=0 (впервые)
ProdTypeGate: rubber_factory -> result=1 (впервые)
ProdTypeGate: explosives_factory -> result=0 (впервые)
ProdTypeGate: small_arms_factory -> result=0 (впервые)
ProdTypeGate: rubber_factory -> result=1 (впервые)
ProdTypeGate: explosives_factory -> result=0 (впервые)
ProdTypeGate: small_arms_factory -> result=0 (впервые)
ProdTypeGate: telephone_factory -> result=0 (впервые)
ProdTypeGate: explosives_factory -> result=0 (впервые)
ProdTypeGate: explosives_factory -> result=0 (впервые)
ProdTypeGate: small_arms_factory -> result=0 (впервые)
ProdTypeGate: explosives_factory -> result=0 (впервые)
ProdTypeGate: small_arms_factory -> result=0 (впервые)
ProdTypeGate: telephone_factory -> result=0 (впервые)
ProdTypeGate: telephone_factory -> result=0 (впервые)
ProdTypeGate: telephone_factory -> result=0 (впервые)
ProdTypeGate: telephone_factory -> result=0 (впервые)
ProdTypeGate: telephone_factory -> result=0 (впервые)
ProdTypeGate: rubber_factory -> result=1 (впервые)
ProdTypeGate: explosives_factory -> result=0 (впервые)
ProdTypeGate: small_arms_factory -> result=0 (впервые)
ProdTypeGate: explosives_factory -> result=0 (впервые)
ProdTypeGate: explosives_factory -> result=0 (впервые)
ProdTypeGate: small_arms_factory -> result=0 (впервые)
ProdTypeGate: telephone_factory -> result=0 (впервые)
ProdTypeGate: explosives_factory -> result=0 (впервые)
ProdTypeGate: explosives_factory -> result=0 (впервые)
ProdTypeGate: small_arms_factory -> result=0 (впервые)
ProdTypeGate: electric_gear_factory -> result=0 (впервые)
ProdTypeGate: electric_gear_factory -> result=0 (впервые)
ProdTypeGate: electric_gear_factory -> result=0 (впервые)
ProdTypeGate: electric_gear_factory -> result=0 (впервые)
ProdTypeGate: electric_gear_factory -> result=0 (впервые)
ProdTypeGate: electric_gear_factory -> result=0 (впервые)
ProdTypeGate: telephone_factory -> result=0 (впервые)
ProdTypeGate: explosives_factory -> result=0 (впервые)
ProdTypeGate: rubber_factory -> result=1 (впервые)
ProdTypeGate: explosives_factory -> result=0 (впервые)
ProdTypeGate: small_arms_factory -> result=0 (впервые)
ProdTypeGate: rubber_factory -> result=1 (впервые)
ProdTypeGate: explosives_factory -> result=0 (впервые)
ProdTypeGate: small_arms_factory -> result=0 (впервые)
ProdTypeGate: explosives_factory -> result=0 (впервые)
ProdTypeGate: small_arms_factory -> result=0 (впервые)
ProdTypeGate: electric_gear_factory -> result=0 (впервые)
ProdTypeGate: electric_gear_factory -> result=0 (впервые)
ProdTypeGate: electric_gear_factory -> result=0 (впервые)
ProdTypeGate: electric_gear_factory -> result=0 (впервые)
ProdTypeGate: electric_gear_factory -> result=0 (впервые)
ProdTypeGate: electric_gear_factory -> result=0 (впервые)
ProdTypeGate: electric_gear_factory -> result=0 (впервые)
ProdTypeGate: electric_gear_factory -> result=0 (впервые)
ProdTypeGate: electric_gear_factory -> result=0 (впервые)
ProdTypeGate: electric_gear_factory -> result=0 (впервые)
ProdTypeGate: electric_gear_factory -> result=0 (впервые)
ProdTypeGate: electric_gear_factory -> result=0 (впервые)
ProdTypeGate: electric_gear_factory -> result=0 (впервые)
ProdTypeGate: electric_gear_factory -> result=0 (впервые)
ProdTypeGate: electric_gear_factory -> result=0 (впервые)
ProdTypeGate: electric_gear_factory -> result=0 (впервые)
ProdTypeGate: electric_gear_factory -> result=0 (впервые)
ProdTypeGate: electric_gear_factory -> result=0 (впервые)
ProdTypeGate: electric_gear_factory -> result=0 (впервые)
ProdTypeGate: electric_gear_factory -> result=0 (впервые)
ProdTypeGate: electric_gear_factory -> result=0 (впервые)
ProdTypeGate: electric_gear_factory -> result=0 (впервые)
ProdTypeGate: electric_gear_factory -> result=0 (впервые)
ProdTypeGate: electric_gear_factory -> result=0 (впервые)
ProdTypeGate: electric_gear_factory -> result=0 (впервые)
ProdTypeGate: electric_gear_factory -> result=0 (впервые)
ProdTypeGate: electric_gear_factory -> result=0 (впервые)
ProdTypeGate: electric_gear_factory -> result=0 (впервые)
ProdTypeGate: electric_gear_factory -> result=0 (впервые)
ProdTypeGate: electric_gear_factory -> result=0 (впервые)
ProdTypeGate: electric_gear_factory -> result=0 (впервые)
ProdTypeGate: electric_gear_factory -> result=0 (впервые)
ProdTypeGate: electric_gear_factory -> result=0 (впервые)
ProdTypeGate: electric_gear_factory -> result=0 (впервые)
ProdTypeGate: electric_gear_factory -> result=0 (впервые)
ProdTypeGate: electric_gear_factory -> result=0 (впервые)
ProdTypeGate: electric_gear_factory -> result=0 (впервые)
ProdTypeGate: electric_gear_factory -> result=0 (впервые)
ProdTypeGate: electric_gear_factory -> result=0 (впервые)
ProdTypeGate: electric_gear_factory -> result=0 (впервые)
ProdTypeGate: electric_gear_factory -> result=0 (впервые)
ProdTypeGate: electric_gear_factory -> result=0 (впервые)
ProdTypeGate: electric_gear_factory -> result=0 (впервые)
ProdTypeGate: electric_gear_factory -> result=0 (впервые)
ProdTypeGate: electric_gear_factory -> result=0 (впервые)
ProdTypeGate: electric_gear_factory -> result=0 (впервые)
ProdTypeGate: electric_gear_factory -> result=0 (впервые)
ProdTypeGate: electric_gear_factory -> result=0 (впервые)
ProdTypeGate: electric_gear_factory -> result=0 (впервые)
ProdTypeGate: electric_gear_factory -> result=0 (впервые)
ProdTypeGate: electric_gear_factory -> result=0 (впервые)
ProdTypeGate: electric_gear_factory -> result=0 (впервые)
ProdTypeGate: electric_gear_factory -> result=0 (впервые)
ProdTypeGate: electric_gear_factory -> result=0 (впервые)
ProdTypeGate: electric_gear_factory -> result=0 (впервые)
ProdTypeGate: electric_gear_factory -> result=0 (впервые)
ProdTypeGate: electric_gear_factory -> result=0 (впервые)
ProdTypeGate: electric_gear_factory -> result=0 (впервые)
ProdTypeGate: electric_gear_factory -> result=0 (впервые)
ProdTypeGate: electric_gear_factory -> result=0 (впервые)
ProdTypeGate: electric_gear_factory -> result=0 (впервые)
ProdTypeGate: electric_gear_factory -> result=0 (впервые)
ProdTypeGate: electric_gear_factory -> result=0 (впервые)
ProdTypeGate: electric_gear_factory -> result=0 (впервые)
ProdTypeGate: telephone_factory -> result=0 (впервые)
ProdTypeGate: rubber_factory -> result=1 (впервые)
ProdTypeGate: explosives_factory -> result=0 (впервые)
ProdTypeGate: small_arms_factory -> result=0 (впервые)
ProdTypeGate: explosives_factory -> result=0 (впервые)
ProdTypeGate: rubber_factory -> result=1 (впервые)
ProdTypeGate: explosives_factory -> result=0 (впервые)
ProdTypeGate: small_arms_factory -> result=0 (впервые)
ProdTypeGate: explosives_factory -> result=0 (впервые)
ProdTypeGate: small_arms_factory -> result=0 (впервые)
ProdTypeGate: explosives_factory -> result=0 (впервые)
ProdTypeGate: small_arms_factory -> result=0 (впервые)
ProdTypeGate: automobile_factory -> result=0 (впервые)
ProdTypeGate: automobile_factory -> result=0 (впервые)
ProdTypeGate: automobile_factory -> result=0 (впервые)
ProdTypeGate: automobile_factory -> result=0 (впервые)
ProdTypeGate: automobile_factory -> result=0 (впервые)
ProdTypeGate: automobile_factory -> result=0 (впервые)
ProdTypeGate: automobile_factory -> result=0 (впервые)
ProdTypeGate: automobile_factory -> result=0 (впервые)
ProdTypeGate: automobile_factory -> result=0 (впервые)
ProdTypeGate: automobile_factory -> result=0 (впервые)
ProdTypeGate: automobile_factory -> result=0 (впервые)
ProdTypeGate: automobile_factory -> result=0 (впервые)
ProdTypeGate: automobile_factory -> result=0 (впервые)
ProdTypeGate: electric_gear_factory -> result=0 (впервые)
ProdTypeGate: electric_gear_factory -> result=0 (впервые)
ProdTypeGate: electric_gear_factory -> result=0 (впервые)
ProdTypeGate: electric_gear_factory -> result=0 (впервые)
ProdTypeGate: electric_gear_factory -> result=0 (впервые)
ProdTypeGate: electric_gear_factory -> result=0 (впервые)
ProdTypeGate: electric_gear_factory -> result=0 (впервые)
ProdTypeGate: electric_gear_factory -> result=0 (впервые)
ProdTypeGate: electric_gear_factory -> result=0 (впервые)
ProdTypeGate: electric_gear_factory -> result=0 (впервые)
ProdTypeGate: electric_gear_factory -> result=0 (впервые)
ProdTypeGate: electric_gear_factory -> result=0 (впервые)
ProdTypeGate: electric_gear_factory -> result=0 (впервые)
ProdTypeGate: electric_gear_factory -> result=0 (впервые)
ProdTypeGate: electric_gear_factory -> result=0 (впервые)
ProdTypeGate: electric_gear_factory -> result=0 (впервые)
ProdTypeGate: electric_gear_factory -> result=0 (впервые)
ProdTypeGate: electric_gear_factory -> result=0 (впервые)
ProdTypeGate: electric_gear_factory -> result=0 (впервые)
ProdTypeGate: electric_gear_factory -> result=0 (впервые)
ProdTypeGate: electric_gear_factory -> result=0 (впервые)
ProdTypeGate: electric_gear_factory -> result=0 (впервые)
ProdTypeGate: electric_gear_factory -> result=0 (впервые)
ProdTypeGate: electric_gear_factory -> result=0 (впервые)
ProdTypeGate: electric_gear_factory -> result=0 (впервые)
ProdTypeGate: electric_gear_factory -> result=0 (впервые)
ProdTypeGate: electric_gear_factory -> result=0 (впервые)
ProdTypeGate: electric_gear_factory -> result=0 (впервые)
ProdTypeGate: electric_gear_factory -> result=0 (впервые)
ProdTypeGate: electric_gear_factory -> result=0 (впервые)
ProdTypeGate: electric_gear_factory -> result=0 (впервые)
ProdTypeGate: electric_gear_factory -> result=0 (впервые)
ProdTypeGate: electric_gear_factory -> result=0 (впервые)
ProdTypeGate: electric_gear_factory -> result=0 (впервые)
ProdTypeGate: electric_gear_factory -> result=0 (впервые)
ProdTypeGate: electric_gear_factory -> result=0 (впервые)
ProdTypeGate: electric_gear_factory -> result=0 (впервые)
ProdTypeGate: electric_gear_factory -> result=0 (впервые)
ProdTypeGate: electric_gear_factory -> result=0 (впервые)
ProdTypeGate: electric_gear_factory -> result=0 (впервые)
ProdTypeGate: telephone_factory -> result=0 (впервые)
ProdTypeGate: explosives_factory -> result=0 (впервые)
ProdTypeGate: telephone_factory -> result=0 (впервые)
ProdTypeGate: rubber_factory -> result=1 (впервые)
ProdTypeGate: explosives_factory -> result=0 (впервые)
ProdTypeGate: small_arms_factory -> result=0 (впервые)
ProdTypeGate: explosives_factory -> result=0 (впервые)
ProdTypeGate: telephone_factory -> result=0 (впервые)
ProdTypeGate: explosives_factory -> result=0 (впервые)
ProdTypeGate: explosives_factory -> result=0 (впервые)
ProdTypeGate: small_arms_factory -> result=0 (впервые)
ProdTypeGate: explosives_factory -> result=0 (впервые)
ProdTypeGate: small_arms_factory -> result=0 (впервые)
ProdTypeGate: automobile_factory -> result=0 (впервые)
ProdTypeGate: automobile_factory -> result=0 (впервые)
ProdTypeGate: automobile_factory -> result=0 (впервые)
ProdTypeGate: automobile_factory -> result=0 (впервые)
ProdTypeGate: automobile_factory -> result=0 (впервые)
ProdTypeGate: automobile_factory -> result=0 (впервые)
ProdTypeGate: automobile_factory -> result=0 (впервые)
ProdTypeGate: automobile_factory -> result=0 (впервые)
ProdTypeGate: automobile_factory -> result=0 (впервые)
ProdTypeGate: automobile_factory -> result=0 (впервые)
ProdTypeGate: automobile_factory -> result=0 (впервые)
ProdTypeGate: automobile_factory -> result=0 (впервые)
ProdTypeGate: automobile_factory -> result=0 (впервые)
ProdTypeGate: automobile_factory -> result=0 (впервые)
ProdTypeGate: automobile_factory -> result=0 (впервые)
ProdTypeGate: automobile_factory -> result=0 (впервые)
ProdTypeGate: automobile_factory -> result=0 (впервые)
ProdTypeGate: automobile_factory -> result=0 (впервые)
ProdTypeGate: automobile_factory -> result=0 (впервые)
ProdTypeGate: automobile_factory -> result=0 (впервые)
ProdTypeGate: automobile_factory -> result=0 (впервые)
ProdTypeGate: automobile_factory -> result=0 (впервые)
ProdTypeGate: automobile_factory -> result=0 (впервые)
ProdTypeGate: automobile_factory -> result=0 (впервые)
ProdTypeGate: automobile_factory -> result=0 (впервые)
ProdTypeGate: automobile_factory -> result=0 (впервые)
ProdTypeGate: automobile_factory -> result=0 (впервые)
ProdTypeGate: automobile_factory -> result=0 (впервые)
ProdTypeGate: automobile_factory -> result=0 (впервые)
ProdTypeGate: automobile_factory -> result=0 (впервые)
ProdTypeGate: automobile_factory -> result=0 (впервые)
ProdTypeGate: automobile_factory -> result=0 (впервые)
ProdTypeGate: electric_gear_factory -> result=0 (впервые)
ProdTypeGate: electric_gear_factory -> result=0 (впервые)
ProdTypeGate: electric_gear_factory -> result=0 (впервые)
ProdTypeGate: electric_gear_factory -> result=0 (впервые)
ProdTypeGate: electric_gear_factory -> result=0 (впервые)
ProdTypeGate: electric_gear_factory -> result=0 (впервые)
ProdTypeGate: electric_gear_factory -> result=0 (впервые)
ProdTypeGate: electric_gear_factory -> result=0 (впервые)
ProdTypeGate: electric_gear_factory -> result=0 (впервые)
ProdTypeGate: electric_gear_factory -> result=0 (впервые)
ProdTypeGate: electric_gear_factory -> result=0 (впервые)
ProdTypeGate: electric_gear_factory -> result=0 (впервые)
ProdTypeGate: electric_gear_factory -> result=0 (впервые)
ProdTypeGate: electric_gear_factory -> result=0 (впервые)
ProdTypeGate: electric_gear_factory -> result=0 (впервые)
ProdTypeGate: electric_gear_factory -> result=0 (впервые)
ProdTypeGate: electric_gear_factory -> result=0 (впервые)
ProdTypeGate: telephone_factory -> result=0 (впервые)
ProdTypeGate: telephone_factory -> result=0 (впервые)
ProdTypeGate: telephone_factory -> result=0 (впервые)
ProdTypeGate: telephone_factory -> result=0 (впервые)
ProdTypeGate: telephone_factory -> result=0 (впервые)
ProdTypeGate: telephone_factory -> result=0 (впервые)
ProdTypeGate: electric_gear_factory -> result=0 (впервые)
ProdTypeGate: automobile_factory -> result=0 (впервые)
ProdTypeGate: telephone_factory -> result=0 (впервые)
ProdTypeGate: telephone_factory -> result=0 (впервые)
ProdTypeGate: rubber_factory -> result=1 (впервые)
ProdTypeGate: explosives_factory -> result=0 (впервые)
ProdTypeGate: small_arms_factory -> result=0 (впервые)
ProdTypeGate: explosives_factory -> result=0 (впервые)
ProdTypeGate: rubber_factory -> result=1 (впервые)
ProdTypeGate: explosives_factory -> result=0 (впервые)
ProdTypeGate: small_arms_factory -> result=0 (впервые)
ProdTypeGate: explosives_factory -> result=0 (впервые)
ProdTypeGate: small_arms_factory -> result=0 (впервые)
ProdTypeGate: explosives_factory -> result=0 (впервые)
ProdTypeGate: explosives_factory -> result=0 (впервые)
ProdTypeGate: small_arms_factory -> result=0 (впервые)
ProdTypeGate: automobile_factory -> result=0 (впервые)
ProdTypeGate: automobile_factory -> result=0 (впервые)
ProdTypeGate: automobile_factory -> result=0 (впервые)
ProdTypeGate: automobile_factory -> result=0 (впервые)
ProdTypeGate: automobile_factory -> result=0 (впервые)
ProdTypeGate: automobile_factory -> result=0 (впервые)
ProdTypeGate: automobile_factory -> result=0 (впервые)
ProdTypeGate: automobile_factory -> result=0 (впервые)
ProdTypeGate: automobile_factory -> result=0 (впервые)
ProdTypeGate: automobile_factory -> result=0 (впервые)
ProdTypeGate: automobile_factory -> result=0 (впервые)
ProdTypeGate: automobile_factory -> result=0 (впервые)
ProdTypeGate: automobile_factory -> result=0 (впервые)
ProdTypeGate: automobile_factory -> result=0 (впервые)
ProdTypeGate: automobile_factory -> result=0 (впервые)
ProdTypeGate: automobile_factory -> result=0 (впервые)
ProdTypeGate: automobile_factory -> result=0 (впервые)
ProdTypeGate: automobile_factory -> result=0 (впервые)
ProdTypeGate: automobile_factory -> result=0 (впервые)
ProdTypeGate: automobile_factory -> result=0 (впервые)
ProdTypeGate: automobile_factory -> result=0 (впервые)
ProdTypeGate: automobile_factory -> result=0 (впервые)
ProdTypeGate: automobile_factory -> result=0 (впервые)
ProdTypeGate: automobile_factory -> result=0 (впервые)
ProdTypeGate: automobile_factory -> result=0 (впервые)
ProdTypeGate: automobile_factory -> result=0 (впервые)
ProdTypeGate: automobile_factory -> result=0 (впервые)
ProdTypeGate: automobile_factory -> result=0 (впервые)
ProdTypeGate: automobile_factory -> result=0 (впервые)
ProdTypeGate: automobile_factory -> result=0 (впервые)
ProdTypeGate: automobile_factory -> result=0 (впервые)
ProdTypeGate: automobile_factory -> result=0 (впервые)
ProdTypeGate: automobile_factory -> result=0 (впервые)
ProdTypeGate: telephone_factory -> result=0 (впервые)
ProdTypeGate: explosives_factory -> result=0 (впервые)
ProdTypeGate: telephone_factory -> result=0 (впервые)
ProdTypeGate: explosives_factory -> result=0 (впервые)
ProdTypeGate: rubber_factory -> result=1 (впервые)
ProdTypeGate: explosives_factory -> result=0 (впервые)
ProdTypeGate: small_arms_factory -> result=0 (впервые)
ProdTypeGate: explosives_factory -> result=0 (впервые)
ProdTypeGate: small_arms_factory -> result=0 (впервые)
ProdTypeGate: explosives_factory -> result=0 (впервые)
ProdTypeGate: small_arms_factory -> result=0 (впервые)
ProdTypeGate: electric_gear_factory -> result=0 (впервые)
ProdTypeGate: electric_gear_factory -> result=0 (впервые)
ProdTypeGate: electric_gear_factory -> result=0 (впервые)
ProdTypeGate: electric_gear_factory -> result=0 (впервые)
ProdTypeGate: telephone_factory -> result=0 (впервые)
ProdTypeGate: rubber_factory -> result=1 (впервые)
ProdTypeGate: small_arms_factory -> result=0 (впервые)
ProdTypeGate: explosives_factory -> result=0 (впервые)
ProdTypeGate: telephone_factory -> result=0 (впервые)
ProdTypeGate: telephone_factory -> result=0 (впервые)
ProdTypeGate: telephone_factory -> result=0 (впервые)
ProdTypeGate: telephone_factory -> result=0 (впервые)
ProdTypeGate: telephone_factory -> result=0 (впервые)
ProdTypeGate: telephone_factory -> result=0 (впервые)
ProdTypeGate: telephone_factory -> result=0 (впервые)
ProdTypeGate: telephone_factory -> result=0 (впервые)
ProdTypeGate: explosives_factory -> result=0 (впервые)
ProdTypeGate: rubber_factory -> result=1 (впервые)
ProdTypeGate: explosives_factory -> result=0 (впервые)
ProdTypeGate: small_arms_factory -> result=0 (впервые)
ProdTypeGate: explosives_factory -> result=0 (впервые)
ProdTypeGate: small_arms_factory -> result=0 (впервые)
ProdTypeGate: telephone_factory -> result=0 (впервые)
ProdTypeGate: explosives_factory -> result=0 (впервые)
ProdTypeGate: rubber_factory -> result=1 (впервые)
ProdTypeGate: explosives_factory -> result=0 (впервые)
ProdTypeGate: small_arms_factory -> result=0 (впервые)
ProdTypeGate: telephone_factory -> result=0 (впервые)
ProdTypeGate: telephone_factory -> result=0 (впервые)
ProdTypeGate: telephone_factory -> result=0 (впервые)
ProdTypeGate: telephone_factory -> result=0 (впервые)
ProdTypeGate: electric_gear_factory -> result=0 (впервые)
ProdTypeGate: electric_gear_factory -> result=0 (впервые)
ProdTypeGate: telephone_factory -> result=0 (впервые)
ProdTypeGate: explosives_factory -> result=0 (впервые)
ProdTypeGate: telephone_factory -> result=0 (впервые)
ProdTypeGate: rubber_factory -> result=1 (впервые)
ProdTypeGate: explosives_factory -> result=0 (впервые)
ProdTypeGate: small_arms_factory -> result=0 (впервые)
ProdTypeGate: explosives_factory -> result=0 (впервые)
ProdTypeGate: explosives_factory -> result=0 (впервые)
ProdTypeGate: small_arms_factory -> result=0 (впервые)
ProdTypeGate: electric_gear_factory -> result=0 (впервые)
ProdTypeGate: electric_gear_factory -> result=0 (впервые)
ProdTypeGate: electric_gear_factory -> result=0 (впервые)
ProdTypeGate: electric_gear_factory -> result=0 (впервые)
ProdTypeGate: electric_gear_factory -> result=0 (впервые)
ProdTypeGate: electric_gear_factory -> result=0 (впервые)
ProdTypeGate: electric_gear_factory -> result=0 (впервые)
ProdTypeGate: electric_gear_factory -> result=0 (впервые)
ProdTypeGate: electric_gear_factory -> result=0 (впервые)
ProdTypeGate: electric_gear_factory -> result=0 (впервые)
ProdTypeGate: electric_gear_factory -> result=0 (впервые)
ProdTypeGate: electric_gear_factory -> result=0 (впервые)
ProdTypeGate: electric_gear_factory -> result=0 (впервые)
ProdTypeGate: electric_gear_factory -> result=0 (впервые)
ProdTypeGate: electric_gear_factory -> result=0 (впервые)
ProdTypeGate: electric_gear_factory -> result=0 (впервые)
ProdTypeGate: electric_gear_factory -> result=0 (впервые)
ProdTypeGate: electric_gear_factory -> result=0 (впервые)
ProdTypeGate: electric_gear_factory -> result=0 (впервые)
ProdTypeGate: electric_gear_factory -> result=0 (впервые)
ProdTypeGate: electric_gear_factory -> result=0 (впервые)
ProdTypeGate: electric_gear_factory -> result=0 (впервые)
ProdTypeGate: electric_gear_factory -> result=0 (впервые)
ProdTypeGate: telephone_factory -> result=0 (впервые)
ProdTypeGate: explosives_factory -> result=0 (впервые)
ProdTypeGate: rubber_factory -> result=1 (впервые)
ProdTypeGate: explosives_factory -> result=0 (впервые)
ProdTypeGate: small_arms_factory -> result=0 (впервые)
ProdTypeGate: rubber_factory -> result=1 (впервые)
ProdTypeGate: explosives_factory -> result=0 (впервые)
ProdTypeGate: small_arms_factory -> result=0 (впервые)
ProdTypeGate: telephone_factory -> result=0 (впервые)
ProdTypeGate: telephone_factory -> result=0 (впервые)
ProdTypeGate: telephone_factory -> result=0 (впервые)
ProdTypeGate: telephone_factory -> result=0 (впервые)
ProdTypeGate: telephone_factory -> result=0 (впервые)
ProdTypeGate: telephone_factory -> result=0 (впервые)
ProdTypeGate: telephone_factory -> result=0 (впервые)
ProdTypeGate: telephone_factory -> result=0 (впервые)
ProdTypeGate: telephone_factory -> result=0 (впервые)
ProdTypeGate: telephone_factory -> result=0 (впервые)
ProdTypeGate: telephone_factory -> result=0 (впервые)
ProdTypeGate: telephone_factory -> result=0 (впервые)
ProdTypeGate: telephone_factory -> result=0 (впервые)
ProdTypeGate: telephone_factory -> result=0 (впервые)
ProdTypeGate: telephone_factory -> result=0 (впервые)
ProdTypeGate: telephone_factory -> result=0 (впервые)
ProdTypeGate: telephone_factory -> result=0 (впервые)
ProdTypeGate: telephone_factory -> result=0 (впервые)
ProdTypeGate: telephone_factory -> result=0 (впервые)
ProdTypeGate: telephone_factory -> result=0 (впервые)
ProdTypeGate: telephone_factory -> result=0 (впервые)
ProdTypeGate: telephone_factory -> result=0 (впервые)
ProdTypeGate: telephone_factory -> result=0 (впервые)
ProdTypeGate: telephone_factory -> result=0 (впервые)
ProdTypeGate: telephone_factory -> result=0 (впервые)
ProdTypeGate: telephone_factory -> result=0 (впервые)
ProdTypeGate: telephone_factory -> result=0 (впервые)
ProdTypeGate: telephone_factory -> result=0 (впервые)
ProdTypeGate: telephone_factory -> result=0 (впервые)
ProdTypeGate: explosives_factory -> result=0 (впервые)
ProdTypeGate: rubber_factory -> result=1 (впервые)
ProdTypeGate: explosives_factory -> result=0 (впервые)
ProdTypeGate: small_arms_factory -> result=0 (впервые)
ProdTypeGate: electric_gear_factory -> result=0 (впервые)
ProdTypeGate: electric_gear_factory -> result=0 (впервые)
ProdTypeGate: electric_gear_factory -> result=0 (впервые)
ProdTypeGate: electric_gear_factory -> result=0 (впервые)
ProdTypeGate: electric_gear_factory -> result=0 (впервые)
ProdTypeGate: electric_gear_factory -> result=0 (впервые)
ProdTypeGate: electric_gear_factory -> result=0 (впервые)
ProdTypeGate: electric_gear_factory -> result=0 (впервые)
ProdTypeGate: electric_gear_factory -> result=0 (впервые)
ProdTypeGate: electric_gear_factory -> result=0 (впервые)
ProdTypeGate: electric_gear_factory -> result=0 (впервые)
ProdTypeGate: electric_gear_factory -> result=0 (впервые)
ProdTypeGate: electric_gear_factory -> result=0 (впервые)
ProdTypeGate: electric_gear_factory -> result=0 (впервые)
ProdTypeGate: electric_gear_factory -> result=0 (впервые)
ProdTypeGate: electric_gear_factory -> result=0 (впервые)
ProdTypeGate: electric_gear_factory -> result=0 (впервые)
ProdTypeGate: electric_gear_factory -> result=0 (впервые)
ProdTypeGate: electric_gear_factory -> result=0 (впервые)
ProdTypeGate: electric_gear_factory -> result=0 (впервые)
ProdTypeGate: electric_gear_factory -> result=0 (впервые)
ProdTypeGate: electric_gear_factory -> result=0 (впервые)
ProdTypeGate: electric_gear_factory -> result=0 (впервые)
ProdTypeGate: telephone_factory -> result=0 (впервые)
ProdTypeGate: rubber_factory -> result=1 (впервые)
ProdTypeGate: explosives_factory -> result=0 (впервые)
ProdTypeGate: small_arms_factory -> result=0 (впервые)
ProdTypeGate: explosives_factory -> result=0 (впервые)
ProdTypeGate: explosives_factory -> result=0 (впервые)
ProdTypeGate: small_arms_factory -> result=0 (впервые)
ProdTypeGate: electric_gear_factory -> result=0 (впервые)
ProdTypeGate: electric_gear_factory -> result=0 (впервые)
ProdTypeGate: electric_gear_factory -> result=0 (впервые)
ProdTypeGate: electric_gear_factory -> result=0 (впервые)
ProdTypeGate: electric_gear_factory -> result=0 (впервые)
ProdTypeGate: electric_gear_factory -> result=0 (впервые)
ProdTypeGate: electric_gear_factory -> result=0 (впервые)
ProdTypeGate: electric_gear_factory -> result=0 (впервые)
ProdTypeGate: electric_gear_factory -> result=0 (впервые)
ProdTypeGate: electric_gear_factory -> result=0 (впервые)
ProdTypeGate: electric_gear_factory -> result=0 (впервые)
ProdTypeGate: electric_gear_factory -> result=0 (впервые)
ProdTypeGate: electric_gear_factory -> result=0 (впервые)
ProdTypeGate: electric_gear_factory -> result=0 (впервые)
ProdTypeGate: electric_gear_factory -> result=0 (впервые)
ProdTypeGate: electric_gear_factory -> result=0 (впервые)
ProdTypeGate: electric_gear_factory -> result=0 (впервые)
ProdTypeGate: electric_gear_factory -> result=0 (впервые)
ProdTypeGate: electric_gear_factory -> result=0 (впервые)
ProdTypeGate: electric_gear_factory -> result=0 (впервые)
ProdTypeGate: electric_gear_factory -> result=0 (впервые)
ProdTypeGate: electric_gear_factory -> result=0 (впервые)
ProdTypeGate: electric_gear_factory -> result=0 (впервые)
ProdTypeGate: electric_gear_factory -> result=0 (впервые)
ProdTypeGate: electric_gear_factory -> result=0 (впервые)
ProdTypeGate: electric_gear_factory -> result=0 (впервые)
ProdTypeGate: electric_gear_factory -> result=0 (впервые)
ProdTypeGate: electric_gear_factory -> result=0 (впервые)
ProdTypeGate: electric_gear_factory -> result=0 (впервые)
ProdTypeGate: electric_gear_factory -> result=0 (впервые)
ProdTypeGate: electric_gear_factory -> result=0 (впервые)
ProdTypeGate: electric_gear_factory -> result=0 (впервые)
ProdTypeGate: electric_gear_factory -> result=0 (впервые)
ProdTypeGate: electric_gear_factory -> result=0 (впервые)
ProdTypeGate: electric_gear_factory -> result=0 (впервые)
ProdTypeGate: electric_gear_factory -> result=0 (впервые)
ProdTypeGate: electric_gear_factory -> result=0 (впервые)
ProdTypeGate: electric_gear_factory -> result=0 (впервые)
ProdTypeGate: electric_gear_factory -> result=0 (впервые)
ProdTypeGate: electric_gear_factory -> result=0 (впервые)
ProdTypeGate: electric_gear_factory -> result=0 (впервые)
ProdTypeGate: electric_gear_factory -> result=0 (впервые)
ProdTypeGate: electric_gear_factory -> result=0 (впервые)
ProdTypeGate: electric_gear_factory -> result=0 (впервые)
ProdTypeGate: electric_gear_factory -> result=0 (впервые)
ProdTypeGate: electric_gear_factory -> result=0 (впервые)
ProdTypeGate: electric_gear_factory -> result=0 (впервые)
ProdTypeGate: electric_gear_factory -> result=0 (впервые)
ProdTypeGate: electric_gear_factory -> result=0 (впервые)
ProdTypeGate: electric_gear_factory -> result=0 (впервые)
ProdTypeGate: telephone_factory -> result=0 (впервые)
ProdTypeGate: explosives_factory -> result=0 (впервые)
ProdTypeGate: rubber_factory -> result=1 (впервые)
ProdTypeGate: explosives_factory -> result=0 (впервые)
ProdTypeGate: small_arms_factory -> result=0 (впервые)
ProdTypeGate: explosives_factory -> result=0 (впервые)
ProdTypeGate: explosives_factory -> result=0 (впервые)
ProdTypeGate: small_arms_factory -> result=0 (впервые)
ProdTypeGate: automobile_factory -> result=0 (впервые)
ProdTypeGate: automobile_factory -> result=0 (впервые)
ProdTypeGate: automobile_factory -> result=0 (впервые)
ProdTypeGate: automobile_factory -> result=0 (впервые)
ProdTypeGate: automobile_factory -> result=0 (впервые)
ProdTypeGate: automobile_factory -> result=0 (впервые)
ProdTypeGate: automobile_factory -> result=0 (впервые)
ProdTypeGate: automobile_factory -> result=0 (впервые)
ProdTypeGate: automobile_factory -> result=0 (впервые)
ProdTypeGate: automobile_factory -> result=0 (впервые)
ProdTypeGate: automobile_factory -> result=0 (впервые)
ProdTypeGate: automobile_factory -> result=0 (впервые)
ProdTypeGate: automobile_factory -> result=0 (впервые)
ProdTypeGate: automobile_factory -> result=0 (впервые)
ProdTypeGate: automobile_factory -> result=0 (впервые)
ProdTypeGate: automobile_factory -> result=0 (впервые)
ProdTypeGate: automobile_factory -> result=0 (впервые)
ProdTypeGate: automobile_factory -> result=0 (впервые)
ProdTypeGate: automobile_factory -> result=0 (впервые)
ProdTypeGate: automobile_factory -> result=0 (впервые)
ProdTypeGate: automobile_factory -> result=0 (впервые)
ProdTypeGate: automobile_factory -> result=0 (впервые)
ProdTypeGate: automobile_factory -> result=0 (впервые)
ProdTypeGate: automobile_factory -> result=0 (впервые)
ProdTypeGate: automobile_factory -> result=0 (впервые)
ProdTypeGate: automobile_factory -> result=0 (впервые)
ProdTypeGate: automobile_factory -> result=0 (впервые)
ProdTypeGate: automobile_factory -> result=0 (впервые)
ProdTypeGate: automobile_factory -> result=0 (впервые)
ProdTypeGate: automobile_factory -> result=0 (впервые)
ProdTypeGate: automobile_factory -> result=0 (впервые)
ProdTypeGate: automobile_factory -> result=0 (впервые)
ProdTypeGate: automobile_factory -> result=0 (впервые)
ProdTypeGate: automobile_factory -> result=0 (впервые)
ProdTypeGate: automobile_factory -> result=0 (впервые)
ProdTypeGate: automobile_factory -> result=0 (впервые)
ProdTypeGate: automobile_factory -> result=0 (впервые)
ProdTypeGate: automobile_factory -> result=0 (впервые)
ProdTypeGate: automobile_factory -> result=0 (впервые)
ProdTypeGate: automobile_factory -> result=0 (впервые)
ProdTypeGate: automobile_factory -> result=0 (впервые)
ProdTypeGate: automobile_factory -> result=0 (впервые)
ProdTypeGate: automobile_factory -> result=0 (впервые)
ProdTypeGate: automobile_factory -> result=0 (впервые)
ProdTypeGate: automobile_factory -> result=0 (впервые)
ProdTypeGate: automobile_factory -> result=0 (впервые)
ProdTypeGate: automobile_factory -> result=0 (впервые)
ProdTypeGate: automobile_factory -> result=0 (впервые)
ProdTypeGate: automobile_factory -> result=0 (впервые)
ProdTypeGate: automobile_factory -> result=0 (впервые)
ProdTypeGate: automobile_factory -> result=0 (впервые)
ProdTypeGate: automobile_factory -> result=0 (впервые)
ProdTypeGate: automobile_factory -> result=0 (впервые)
ProdTypeGate: automobile_factory -> result=0 (впервые)
ProdTypeGate: automobile_factory -> result=0 (впервые)
ProdTypeGate: automobile_factory -> result=0 (впервые)
ProdTypeGate: automobile_factory -> result=0 (впервые)
ProdTypeGate: automobile_factory -> result=0 (впервые)
ProdTypeGate: automobile_factory -> result=0 (впервые)
ProdTypeGate: automobile_factory -> result=0 (впервые)
ProdTypeGate: automobile_factory -> result=0 (впервые)
ProdTypeGate: automobile_factory -> result=0 (впервые)
ProdTypeGate: automobile_factory -> result=0 (впервые)
ProdTypeGate: automobile_factory -> result=0 (впервые)
ProdTypeGate: automobile_factory -> result=0 (впервые)
ProdTypeGate: automobile_factory -> result=0 (впервые)
ProdTypeGate: automobile_factory -> result=0 (впервые)
ProdTypeGate: automobile_factory -> result=0 (впервые)
ProdTypeGate: automobile_factory -> result=0 (впервые)
ProdTypeGate: automobile_factory -> result=0 (впервые)
ProdTypeGate: automobile_factory -> result=0 (впервые)
ProdTypeGate: automobile_factory -> result=0 (впервые)
ProdTypeGate: automobile_factory -> result=0 (впервые)
ProdTypeGate: automobile_factory -> result=0 (впервые)
ProdTypeGate: automobile_factory -> result=0 (впервые)
ProdTypeGate: automobile_factory -> result=0 (впервые)
ProdTypeGate: automobile_factory -> result=0 (впервые)
ProdTypeGate: automobile_factory -> result=0 (впервые)
ProdTypeGate: automobile_factory -> result=0 (впервые)
ProdTypeGate: automobile_factory -> result=0 (впервые)
ProdTypeGate: automobile_factory -> result=0 (впервые)
ProdTypeGate: automobile_factory -> result=0 (впервые)
ProdTypeGate: automobile_factory -> result=0 (впервые)
ProdTypeGate: automobile_factory -> result=0 (впервые)
ProdTypeGate: automobile_factory -> result=0 (впервые)
ProdTypeGate: automobile_factory -> result=0 (впервые)
ProdTypeGate: automobile_factory -> result=0 (впервые)
ProdTypeGate: electric_gear_factory -> result=0 (впервые)
ProdTypeGate: electric_gear_factory -> result=0 (впервые)
ProdTypeGate: electric_gear_factory -> result=0 (впервые)
ProdTypeGate: electric_gear_factory -> result=0 (впервые)
ProdTypeGate: automobile_factory -> result=0 (впервые)
ProdTypeGate: automobile_factory -> result=0 (впервые)
ProdTypeGate: telephone_factory -> result=0 (впервые)
ProdTypeGate: explosives_factory -> result=0 (впервые)
ProdTypeGate: explosives_factory -> result=0 (впервые)
ProdTypeGate: small_arms_factory -> result=0 (впервые)
ProdTypeGate: explosives_factory -> result=0 (впервые)
ProdTypeGate: small_arms_factory -> result=0 (впервые)
ProdTypeGate: electric_gear_factory -> result=0 (впервые)
ProdTypeGate: telephone_factory -> result=0 (впервые)
ProdTypeGate: rubber_factory -> result=1 (впервые)
ProdTypeGate: small_arms_factory -> result=0 (впервые)
ProdTypeGate: explosives_factory -> result=0 (впервые)
ProdTypeGate: explosives_factory -> result=0 (впервые)
ProdTypeGate: explosives_factory -> result=0 (впервые)
ProdTypeGate: small_arms_factory -> result=0 (впервые)
ProdTypeGate: telephone_factory -> result=0 (впервые)
ProdTypeGate: explosives_factory -> result=0 (впервые)
ProdTypeGate: rubber_factory -> result=1 (впервые)
ProdTypeGate: explosives_factory -> result=0 (впервые)
ProdTypeGate: small_arms_factory -> result=0 (впервые)
ProdTypeGate: explosives_factory -> result=0 (впервые)
ProdTypeGate: small_arms_factory -> result=0 (впервые)
ProdTypeGate: explosives_factory -> result=0 (впервые)
ProdTypeGate: small_arms_factory -> result=0 (впервые)
ProdTypeGate: electric_gear_factory -> result=0 (впервые)
ProdTypeGate: electric_gear_factory -> result=0 (впервые)
ProdTypeGate: electric_gear_factory -> result=0 (впервые)
ProdTypeGate: electric_gear_factory -> result=0 (впервые)
ProdTypeGate: electric_gear_factory -> result=0 (впервые)
ProdTypeGate: electric_gear_factory -> result=0 (впервые)
ProdTypeGate: electric_gear_factory -> result=0 (впервые)
ProdTypeGate: electric_gear_factory -> result=0 (впервые)
ProdTypeGate: electric_gear_factory -> result=0 (впервые)
ProdTypeGate: electric_gear_factory -> result=0 (впервые)
ProdTypeGate: electric_gear_factory -> result=0 (впервые)
ProdTypeGate: electric_gear_factory -> result=0 (впервые)
ProdTypeGate: electric_gear_factory -> result=0 (впервые)
ProdTypeGate: electric_gear_factory -> result=0 (впервые)
ProdTypeGate: electric_gear_factory -> result=0 (впервые)
ProdTypeGate: electric_gear_factory -> result=0 (впервые)
ProdTypeGate: electric_gear_factory -> result=0 (впервые)
ProdTypeGate: electric_gear_factory -> result=0 (впервые)
ProdTypeGate: automobile_factory -> result=0 (впервые)
ProdTypeGate: automobile_factory -> result=0 (впервые)
ProdTypeGate: automobile_factory -> result=0 (впервые)
ProdTypeGate: automobile_factory -> result=0 (впервые)
ProdTypeGate: automobile_factory -> result=0 (впервые)
ProdTypeGate: automobile_factory -> result=0 (впервые)
ProdTypeGate: automobile_factory -> result=0 (впервые)
ProdTypeGate: automobile_factory -> result=0 (впервые)
ProdTypeGate: automobile_factory -> result=0 (впервые)
ProdTypeGate: automobile_factory -> result=0 (впервые)
ProdTypeGate: automobile_factory -> result=0 (впервые)
ProdTypeGate: automobile_factory -> result=0 (впервые)
ProdTypeGate: automobile_factory -> result=0 (впервые)
ProdTypeGate: automobile_factory -> result=0 (впервые)
ProdTypeGate: electric_gear_factory -> result=0 (впервые)
ProdTypeGate: automobile_factory -> result=0 (впервые)
ProdTypeGate: telephone_factory -> result=0 (впервые)
ProdTypeGate: explosives_factory -> result=0 (впервые)
ProdTypeGate: rubber_factory -> result=1 (впервые)
ProdTypeGate: explosives_factory -> result=0 (впервые)
ProdTypeGate: small_arms_factory -> result=0 (впервые)
ProdTypeGate: electric_gear_factory -> result=0 (впервые)
ProdTypeGate: electric_gear_factory -> result=0 (впервые)
ProdTypeGate: telephone_factory -> result=0 (впервые)
ProdTypeGate: explosives_factory -> result=0 (впервые)
ProdTypeGate: rubber_factory -> result=1 (впервые)
ProdTypeGate: explosives_factory -> result=0 (впервые)
ProdTypeGate: small_arms_factory -> result=0 (впервые)
ProdTypeGate: explosives_factory -> result=0 (впервые)
ProdTypeGate: small_arms_factory -> result=0 (впервые)
ProdTypeGate: explosives_factory -> result=0 (впервые)
ProdTypeGate: small_arms_factory -> result=0 (впервые)
ProdTypeGate: telephone_factory -> result=0 (впервые)
ProdTypeGate: rubber_factory -> result=1 (впервые)
ProdTypeGate: explosives_factory -> result=0 (впервые)
ProdTypeGate: small_arms_factory -> result=0 (впервые)
ProdTypeGate: explosives_factory -> result=0 (впервые)
ProdTypeGate: rubber_factory -> result=1 (впервые)
ProdTypeGate: explosives_factory -> result=0 (впервые)
ProdTypeGate: small_arms_factory -> result=0 (впервые)
ProdTypeGate: explosives_factory -> result=0 (впервые)
ProdTypeGate: small_arms_factory -> result=0 (впервые)
ProdTypeGate: telephone_factory -> result=0 (впервые)
ProdTypeGate: explosives_factory -> result=0 (впервые)
ProdTypeGate: rubber_factory -> result=1 (впервые)
ProdTypeGate: explosives_factory -> result=0 (впервые)
ProdTypeGate: small_arms_factory -> result=0 (впервые)
ProdTypeGate: telephone_factory -> result=0 (впервые)
ProdTypeGate: explosives_factory -> result=0 (впервые)
ProdTypeGate: explosives_factory -> result=0 (впервые)
ProdTypeGate: small_arms_factory -> result=0 (впервые)
ProdTypeGate: explosives_factory -> result=0 (впервые)
ProdTypeGate: small_arms_factory -> result=0 (впервые)
ProdTypeGate: electric_gear_factory -> result=0 (впервые)
ProdTypeGate: telephone_factory -> result=0 (впервые)
ProdTypeGate: rubber_factory -> result=1 (впервые)
ProdTypeGate: small_arms_factory -> result=0 (впервые)
ProdTypeGate: explosives_factory -> result=0 (впервые)
ProdTypeGate: rubber_factory -> result=1 (впервые)
ProdTypeGate: explosives_factory -> result=0 (впервые)
ProdTypeGate: small_arms_factory -> result=0 (впервые)
ProdTypeGate: rubber_factory -> result=1 (впервые)
ProdTypeGate: explosives_factory -> result=0 (впервые)
ProdTypeGate: small_arms_factory -> result=0 (впервые)
ProdTypeGate: explosives_factory -> result=0 (впервые)
ProdTypeGate: explosives_factory -> result=0 (впервые)
ProdTypeGate: small_arms_factory -> result=0 (впервые)
ProdTypeGate: electric_gear_factory -> result=0 (впервые)
ProdTypeGate: electric_gear_factory -> result=0 (впервые)
ProdTypeGate: electric_gear_factory -> result=0 (впервые)
ProdTypeGate: electric_gear_factory -> result=0 (впервые)
ProdTypeGate: electric_gear_factory -> result=0 (впервые)
ProdTypeGate: electric_gear_factory -> result=0 (впервые)
ProdTypeGate: electric_gear_factory -> result=0 (впервые)
ProdTypeGate: electric_gear_factory -> result=0 (впервые)
ProdTypeGate: electric_gear_factory -> result=0 (впервые)
ProdTypeGate: electric_gear_factory -> result=0 (впервые)
ProdTypeGate: electric_gear_factory -> result=0 (впервые)
ProdTypeGate: electric_gear_factory -> result=0 (впервые)
ProdTypeGate: electric_gear_factory -> result=0 (впервые)
ProdTypeGate: electric_gear_factory -> result=0 (впервые)
ProdTypeGate: electric_gear_factory -> result=0 (впервые)
ProdTypeGate: electric_gear_factory -> result=0 (впервые)
ProdTypeGate: electric_gear_factory -> result=0 (впервые)
ProdTypeGate: electric_gear_factory -> result=0 (впервые)
ProdTypeGate: electric_gear_factory -> result=0 (впервые)
ProdTypeGate: electric_gear_factory -> result=0 (впервые)
ProdTypeGate: electric_gear_factory -> result=0 (впервые)
ProdTypeGate: electric_gear_factory -> result=0 (впервые)
ProdTypeGate: electric_gear_factory -> result=0 (впервые)
ProdTypeGate: electric_gear_factory -> result=0 (впервые)
ProdTypeGate: electric_gear_factory -> result=0 (впервые)
ProdTypeGate: electric_gear_factory -> result=0 (впервые)
ProdTypeGate: electric_gear_factory -> result=0 (впервые)
ProdTypeGate: electric_gear_factory -> result=0 (впервые)
ProdTypeGate: electric_gear_factory -> result=0 (впервые)
ProdTypeGate: electric_gear_factory -> result=0 (впервые)
ProdTypeGate: electric_gear_factory -> result=0 (впервые)
ProdTypeGate: electric_gear_factory -> result=0 (впервые)
ProdTypeGate: electric_gear_factory -> result=0 (впервые)
ProdTypeGate: electric_gear_factory -> result=0 (впервые)
ProdTypeGate: electric_gear_factory -> result=0 (впервые)
ProdTypeGate: electric_gear_factory -> result=0 (впервые)
ProdTypeGate: electric_gear_factory -> result=0 (впервые)
ProdTypeGate: electric_gear_factory -> result=0 (впервые)
ProdTypeGate: electric_gear_factory -> result=0 (впервые)
ProdTypeGate: electric_gear_factory -> result=0 (впервые)
ProdTypeGate: telephone_factory -> result=0 (впервые)
ProdTypeGate: rubber_factory -> result=1 (впервые)
ProdTypeGate: explosives_factory -> result=0 (впервые)
ProdTypeGate: small_arms_factory -> result=0 (впервые)
ProdTypeGate: rubber_factory -> result=1 (впервые)
ProdTypeGate: explosives_factory -> result=0 (впервые)
ProdTypeGate: small_arms_factory -> result=0 (впервые)
ProdTypeGate: explosives_factory -> result=0 (впервые)
ProdTypeGate: explosives_factory -> result=0 (впервые)
ProdTypeGate: small_arms_factory -> result=0 (впервые)
ProdTypeGate: automobile_factory -> result=0 (впервые)
ProdTypeGate: automobile_factory -> result=0 (впервые)
ProdTypeGate: automobile_factory -> result=0 (впервые)
ProdTypeGate: automobile_factory -> result=0 (впервые)
ProdTypeGate: automobile_factory -> result=0 (впервые)
ProdTypeGate: automobile_factory -> result=0 (впервые)
ProdTypeGate: automobile_factory -> result=0 (впервые)
ProdTypeGate: automobile_factory -> result=0 (впервые)
ProdTypeGate: automobile_factory -> result=0 (впервые)
ProdTypeGate: automobile_factory -> result=0 (впервые)
ProdTypeGate: automobile_factory -> result=0 (впервые)
ProdTypeGate: automobile_factory -> result=0 (впервые)
ProdTypeGate: automobile_factory -> result=0 (впервые)
ProdTypeGate: automobile_factory -> result=0 (впервые)
ProdTypeGate: automobile_factory -> result=0 (впервые)
ProdTypeGate: automobile_factory -> result=0 (впервые)
ProdTypeGate: automobile_factory -> result=0 (впервые)
ProdTypeGate: automobile_factory -> result=0 (впервые)
ProdTypeGate: automobile_factory -> result=0 (впервые)
ProdTypeGate: automobile_factory -> result=0 (впервые)
ProdTypeGate: automobile_factory -> result=0 (впервые)
ProdTypeGate: automobile_factory -> result=0 (впервые)
ProdTypeGate: automobile_factory -> result=0 (впервые)
ProdTypeGate: automobile_factory -> result=0 (впервые)
ProdTypeGate: automobile_factory -> result=0 (впервые)
ProdTypeGate: automobile_factory -> result=0 (впервые)
ProdTypeGate: automobile_factory -> result=0 (впервые)
ProdTypeGate: automobile_factory -> result=0 (впервые)
ProdTypeGate: automobile_factory -> result=0 (впервые)
ProdTypeGate: automobile_factory -> result=0 (впервые)
ProdTypeGate: automobile_factory -> result=0 (впервые)
ProdTypeGate: automobile_factory -> result=0 (впервые)
ProdTypeGate: telephone_factory -> result=0 (впервые)
ProdTypeGate: telephone_factory -> result=0 (впервые)
ProdTypeGate: telephone_factory -> result=0 (впервые)
ProdTypeGate: telephone_factory -> result=0 (впервые)
ProdTypeGate: automobile_factory -> result=0 (впервые)
ProdTypeGate: telephone_factory -> result=0 (впервые)
ProdTypeGate: rubber_factory -> result=1 (впервые)
ProdTypeGate: explosives_factory -> result=0 (впервые)
ProdTypeGate: small_arms_factory -> result=0 (впервые)
ProdTypeGate: rubber_factory -> result=1 (впервые)
ProdTypeGate: small_arms_factory -> result=0 (впервые)
ProdTypeGate: explosives_factory -> result=0 (впервые)
ProdTypeGate: rubber_factory -> result=1 (впервые)
ProdTypeGate: explosives_factory -> result=0 (впервые)
ProdTypeGate: small_arms_factory -> result=0 (впервые)
ProdTypeGate: telephone_factory -> result=0 (впервые)
ProdTypeGate: telephone_factory -> result=0 (впервые)
ProdTypeGate: telephone_factory -> result=0 (впервые)
ProdTypeGate: telephone_factory -> result=0 (впервые)
ProdTypeGate: telephone_factory -> result=0 (впервые)
ProdTypeGate: telephone_factory -> result=0 (впервые)
ProdTypeGate: rubber_factory -> result=1 (впервые)
ProdTypeGate: explosives_factory -> result=0 (впервые)
ProdTypeGate: small_arms_factory -> result=0 (впервые)
ProdTypeGate: rubber_factory -> result=1 (впервые)
ProdTypeGate: explosives_factory -> result=0 (впервые)
ProdTypeGate: small_arms_factory -> result=0 (впервые)
ProdTypeGate: explosives_factory -> result=0 (впервые)
ProdTypeGate: explosives_factory -> result=0 (впервые)
ProdTypeGate: small_arms_factory -> result=0 (впервые)
ProdTypeGate: explosives_factory -> result=0 (впервые)
ProdTypeGate: small_arms_factory -> result=0 (впервые)
ProdTypeGate: electric_gear_factory -> result=0 (впервые)
ProdTypeGate: electric_gear_factory -> result=0 (впервые)
ProdTypeGate: electric_gear_factory -> result=0 (впервые)
ProdTypeGate: electric_gear_factory -> result=0 (впервые)
ProdTypeGate: electric_gear_factory -> result=0 (впервые)
ProdTypeGate: electric_gear_factory -> result=0 (впервые)
ProdTypeGate: electric_gear_factory -> result=0 (впервые)
ProdTypeGate: electric_gear_factory -> result=0 (впервые)
ProdTypeGate: electric_gear_factory -> result=0 (впервые)
ProdTypeGate: electric_gear_factory -> result=0 (впервые)
ProdTypeGate: electric_gear_factory -> result=0 (впервые)
ProdTypeGate: electric_gear_factory -> result=0 (впервые)
ProdTypeGate: electric_gear_factory -> result=0 (впервые)
ProdTypeGate: electric_gear_factory -> result=0 (впервые)
ProdTypeGate: electric_gear_factory -> result=0 (впервые)
ProdTypeGate: electric_gear_factory -> result=0 (впервые)
ProdTypeGate: electric_gear_factory -> result=0 (впервые)
ProdTypeGate: electric_gear_factory -> result=0 (впервые)
ProdTypeGate: electric_gear_factory -> result=0 (впервые)
ProdTypeGate: electric_gear_factory -> result=0 (впервые)
ProdTypeGate: electric_gear_factory -> result=0 (впервые)
ProdTypeGate: electric_gear_factory -> result=0 (впервые)
ProdTypeGate: electric_gear_factory -> result=0 (впервые)
ProdTypeGate: electric_gear_factory -> result=0 (впервые)
ProdTypeGate: electric_gear_factory -> result=0 (впервые)
ProdTypeGate: electric_gear_factory -> result=0 (впервые)
ProdTypeGate: electric_gear_factory -> result=0 (впервые)
ProdTypeGate: electric_gear_factory -> result=0 (впервые)
ProdTypeGate: electric_gear_factory -> result=0 (впервые)
ProdTypeGate: electric_gear_factory -> result=0 (впервые)
ProdTypeGate: electric_gear_factory -> result=0 (впервые)
ProdTypeGate: electric_gear_factory -> result=0 (впервые)
ProdTypeGate: electric_gear_factory -> result=0 (впервые)
ProdTypeGate: electric_gear_factory -> result=0 (впервые)
ProdTypeGate: electric_gear_factory -> result=0 (впервые)
ProdTypeGate: electric_gear_factory -> result=0 (впервые)
ProdTypeGate: electric_gear_factory -> result=0 (впервые)
ProdTypeGate: electric_gear_factory -> result=0 (впервые)
ProdTypeGate: electric_gear_factory -> result=0 (впервые)
ProdTypeGate: electric_gear_factory -> result=0 (впервые)
ProdTypeGate: electric_gear_factory -> result=0 (впервые)
ProdTypeGate: electric_gear_factory -> result=0 (впервые)
ProdTypeGate: electric_gear_factory -> result=0 (впервые)
ProdTypeGate: electric_gear_factory -> result=0 (впервые)
ProdTypeGate: electric_gear_factory -> result=0 (впервые)
ProdTypeGate: telephone_factory -> result=0 (впервые)
ProdTypeGate: rubber_factory -> result=1 (впервые)
ProdTypeGate: telephone_factory -> result=0 (впервые)
ProdTypeGate: electric_gear_factory -> result=0 (впервые)
ProdTypeGate: explosives_factory -> result=0 (впервые)
ProdTypeGate: pharmaceutical_plant -> result=0 (впервые)
ProdTypeGate: rubber_factory -> result=1 (впервые)
ProdTypeGate: small_arms_factory -> result=0 (впервые)
ProdTypeGate: explosives_factory -> result=0 (впервые)
ProdTypeGate: rubber_factory -> result=1 (впервые)
ProdTypeGate: explosives_factory -> result=0 (впервые)
ProdTypeGate: small_arms_factory -> result=0 (впервые)
ProdTypeGate: explosives_factory -> result=0 (впервые)
ProdTypeGate: explosives_factory -> result=0 (впервые)
ProdTypeGate: small_arms_factory -> result=0 (впервые)
ProdTypeGate: electric_gear_factory -> result=0 (впервые)
ProdTypeGate: electric_gear_factory -> result=0 (впервые)
ProdTypeGate: telephone_factory -> result=0 (впервые)
ProdTypeGate: rubber_factory -> result=1 (впервые)
ProdTypeGate: telephone_factory -> result=0 (впервые)
ProdTypeGate: electric_gear_factory -> result=0 (впервые)
ProdTypeGate: explosives_factory -> result=0 (впервые)
ProdTypeGate: pharmaceutical_plant -> result=0 (впервые)
ProdTypeGate: rubber_factory -> result=1 (впервые)
ProdTypeGate: explosives_factory -> result=0 (впервые)
ProdTypeGate: small_arms_factory -> result=0 (впервые)
ProdTypeGate: rubber_factory -> result=1 (впервые)
ProdTypeGate: explosives_factory -> result=0 (впервые)
ProdTypeGate: small_arms_factory -> result=0 (впервые)
ProdTypeGate: rubber_factory -> result=1 (впервые)
ProdTypeGate: small_arms_factory -> result=0 (впервые)
ProdTypeGate: explosives_factory -> result=0 (впервые)
ProdTypeGate: electric_gear_factory -> result=0 (впервые)
ProdTypeGate: electric_gear_factory -> result=0 (впервые)
ProdTypeGate: telephone_factory -> result=0 (впервые)
ProdTypeGate: explosives_factory -> result=0 (впервые)
ProdTypeGate: rubber_factory -> result=1 (впервые)
ProdTypeGate: explosives_factory -> result=0 (впервые)
ProdTypeGate: small_arms_factory -> result=0 (впервые)
ProdTypeGate: explosives_factory -> result=0 (впервые)
ProdTypeGate: small_arms_factory -> result=0 (впервые)
ProdTypeGate: telephone_factory -> result=0 (впервые)
ProdTypeGate: rubber_factory -> result=1 (впервые)
ProdTypeGate: telephone_factory -> result=0 (впервые)
ProdTypeGate: electric_gear_factory -> result=0 (впервые)
ProdTypeGate: explosives_factory -> result=0 (впервые)
ProdTypeGate: pharmaceutical_plant -> result=0 (впервые)
ProdTypeGate: explosives_factory -> result=0 (впервые)
ProdTypeGate: explosives_factory -> result=0 (впервые)
ProdTypeGate: small_arms_factory -> result=0 (впервые)
ProdTypeGate: telephone_factory -> result=0 (впервые)
ProdTypeGate: explosives_factory -> result=0 (впервые)
ProdTypeGate: rubber_factory -> result=1 (впервые)
ProdTypeGate: explosives_factory -> result=0 (впервые)
ProdTypeGate: small_arms_factory -> result=0 (впервые)
ProdTypeGate: explosives_factory -> result=0 (впервые)
ProdTypeGate: small_arms_factory -> result=0 (впервые)
ProdTypeGate: telephone_factory -> result=0 (впервые)
ProdTypeGate: rubber_factory -> result=1 (впервые)
ProdTypeGate: explosives_factory -> result=0 (впервые)
ProdTypeGate: small_arms_factory -> result=0 (впервые)
ProdTypeGate: explosives_factory -> result=0 (впервые)
ProdTypeGate: explosives_factory -> result=0 (впервые)
ProdTypeGate: small_arms_factory -> result=0 (впервые)
ProdTypeGate: automobile_factory -> result=0 (впервые)
ProdTypeGate: automobile_factory -> result=0 (впервые)
ProdTypeGate: automobile_factory -> result=0 (впервые)
ProdTypeGate: automobile_factory -> result=0 (впервые)
ProdTypeGate: automobile_factory -> result=0 (впервые)
ProdTypeGate: automobile_factory -> result=0 (впервые)
ProdTypeGate: automobile_factory -> result=0 (впервые)
ProdTypeGate: automobile_factory -> result=0 (впервые)
ProdTypeGate: automobile_factory -> result=0 (впервые)
ProdTypeGate: automobile_factory -> result=0 (впервые)
ProdTypeGate: automobile_factory -> result=0 (впервые)
ProdTypeGate: automobile_factory -> result=0 (впервые)
ProdTypeGate: automobile_factory -> result=0 (впервые)
ProdTypeGate: automobile_factory -> result=0 (впервые)
ProdTypeGate: automobile_factory -> result=0 (впервые)
ProdTypeGate: automobile_factory -> result=0 (впервые)
ProdTypeGate: automobile_factory -> result=0 (впервые)
ProdTypeGate: automobile_factory -> result=0 (впервые)
ProdTypeGate: automobile_factory -> result=0 (впервые)
ProdTypeGate: automobile_factory -> result=0 (впервые)
ProdTypeGate: automobile_factory -> result=0 (впервые)
ProdTypeGate: automobile_factory -> result=0 (впервые)
ProdTypeGate: automobile_factory -> result=0 (впервые)
ProdTypeGate: automobile_factory -> result=0 (впервые)
ProdTypeGate: automobile_factory -> result=0 (впервые)
ProdTypeGate: automobile_factory -> result=0 (впервые)
ProdTypeGate: automobile_factory -> result=0 (впервые)
ProdTypeGate: automobile_factory -> result=0 (впервые)
ProdTypeGate: automobile_factory -> result=0 (впервые)
ProdTypeGate: automobile_factory -> result=0 (впервые)
ProdTypeGate: automobile_factory -> result=0 (впервые)
ProdTypeGate: automobile_factory -> result=0 (впервые)
ProdTypeGate: automobile_factory -> result=0 (впервые)
ProdTypeGate: automobile_factory -> result=0 (впервые)
ProdTypeGate: automobile_factory -> result=0 (впервые)
ProdTypeGate: automobile_factory -> result=0 (впервые)
ProdTypeGate: automobile_factory -> result=0 (впервые)
ProdTypeGate: automobile_factory -> result=0 (впервые)
ProdTypeGate: automobile_factory -> result=0 (впервые)
ProdTypeGate: automobile_factory -> result=0 (впервые)
ProdTypeGate: automobile_factory -> result=0 (впервые)
ProdTypeGate: automobile_factory -> result=0 (впервые)
ProdTypeGate: automobile_factory -> result=0 (впервые)
ProdTypeGate: automobile_factory -> result=0 (впервые)
ProdTypeGate: automobile_factory -> result=0 (впервые)
ProdTypeGate: automobile_factory -> result=0 (впервые)
ProdTypeGate: automobile_factory -> result=0 (впервые)
ProdTypeGate: automobile_factory -> result=0 (впервые)
ProdTypeGate: automobile_factory -> result=0 (впервые)
ProdTypeGate: automobile_factory -> result=0 (впервые)
ProdTypeGate: automobile_factory -> result=0 (впервые)
ProdTypeGate: automobile_factory -> result=0 (впервые)
ProdTypeGate: automobile_factory -> result=0 (впервые)
ProdTypeGate: automobile_factory -> result=0 (впервые)
ProdTypeGate: automobile_factory -> result=0 (впервые)
ProdTypeGate: automobile_factory -> result=0 (впервые)
ProdTypeGate: automobile_factory -> result=0 (впервые)
ProdTypeGate: automobile_factory -> result=0 (впервые)
ProdTypeGate: automobile_factory -> result=0 (впервые)
ProdTypeGate: automobile_factory -> result=0 (впервые)
ProdTypeGate: automobile_factory -> result=0 (впервые)
ProdTypeGate: automobile_factory -> result=0 (впервые)
ProdTypeGate: automobile_factory -> result=0 (впервые)
ProdTypeGate: automobile_factory -> result=0 (впервые)
ProdTypeGate: automobile_factory -> result=0 (впервые)
ProdTypeGate: automobile_factory -> result=0 (впервые)
ProdTypeGate: automobile_factory -> result=0 (впервые)
ProdTypeGate: automobile_factory -> result=0 (впервые)
ProdTypeGate: automobile_factory -> result=0 (впервые)
ProdTypeGate: automobile_factory -> result=0 (впервые)
ProdTypeGate: automobile_factory -> result=0 (впервые)
ProdTypeGate: automobile_factory -> result=0 (впервые)
ProdTypeGate: automobile_factory -> result=0 (впервые)
ProdTypeGate: automobile_factory -> result=0 (впервые)
ProdTypeGate: automobile_factory -> result=0 (впервые)
ProdTypeGate: automobile_factory -> result=0 (впервые)
ProdTypeGate: automobile_factory -> result=0 (впервые)
ProdTypeGate: automobile_factory -> result=0 (впервые)
ProdTypeGate: automobile_factory -> result=0 (впервые)
ProdTypeGate: automobile_factory -> result=0 (впервые)
ProdTypeGate: automobile_factory -> result=0 (впервые)
ProdTypeGate: automobile_factory -> result=0 (впервые)
ProdTypeGate: automobile_factory -> result=0 (впервые)
ProdTypeGate: automobile_factory -> result=0 (впервые)
ProdTypeGate: automobile_factory -> result=0 (впервые)
ProdTypeGate: automobile_factory -> result=0 (впервые)
ProdTypeGate: automobile_factory -> result=0 (впервые)
ProdTypeGate: automobile_factory -> result=0 (впервые)
ProdTypeGate: telephone_factory -> result=0 (впервые)
ProdTypeGate: telephone_factory -> result=0 (впервые)
ProdTypeGate: telephone_factory -> result=0 (впервые)
ProdTypeGate: telephone_factory -> result=0 (впервые)
ProdTypeGate: telephone_factory -> result=0 (впервые)
ProdTypeGate: telephone_factory -> result=0 (впервые)
ProdTypeGate: automobile_factory -> result=0 (впервые)
ProdTypeGate: automobile_factory -> result=0 (впервые)
ProdTypeGate: telephone_factory -> result=0 (впервые)
ProdTypeGate: telephone_factory -> result=0 (впервые)
ProdTypeGate: rubber_factory -> result=1 (впервые)
ProdTypeGate: explosives_factory -> result=0 (впервые)
ProdTypeGate: small_arms_factory -> result=0 (впервые)
ProdTypeGate: explosives_factory -> result=0 (впервые)
ProdTypeGate: rubber_factory -> result=1 (впервые)
ProdTypeGate: explosives_factory -> result=0 (впервые)
ProdTypeGate: small_arms_factory -> result=0 (впервые)
ProdTypeGate: explosives_factory -> result=0 (впервые)
ProdTypeGate: small_arms_factory -> result=0 (впервые)
ProdTypeGate: telephone_factory -> result=0 (впервые)
ProdTypeGate: telephone_factory -> result=0 (впервые)
ProdTypeGate: telephone_factory -> result=0 (впервые)
ProdTypeGate: telephone_factory -> result=0 (впервые)
ProdTypeGate: telephone_factory -> result=0 (впервые)
ProdTypeGate: telephone_factory -> result=0 (впервые)
ProdTypeGate: telephone_factory -> result=0 (впервые)
ProdTypeGate: telephone_factory -> result=0 (впервые)
ProdTypeGate: telephone_factory -> result=0 (впервые)
ProdTypeGate: telephone_factory -> result=0 (впервые)
ProdTypeGate: telephone_factory -> result=0 (впервые)
ProdTypeGate: telephone_factory -> result=0 (впервые)
ProdTypeGate: telephone_factory -> result=0 (впервые)
ProdTypeGate: telephone_factory -> result=0 (впервые)
ProdTypeGate: telephone_factory -> result=0 (впервые)
ProdTypeGate: telephone_factory -> result=0 (впервые)
ProdTypeGate: telephone_factory -> result=0 (впервые)
ProdTypeGate: telephone_factory -> result=0 (впервые)
ProdTypeGate: telephone_factory -> result=0 (впервые)
ProdTypeGate: telephone_factory -> result=0 (впервые)
ProdTypeGate: telephone_factory -> result=0 (впервые)
ProdTypeGate: telephone_factory -> result=0 (впервые)
ProdTypeGate: telephone_factory -> result=0 (впервые)
ProdTypeGate: telephone_factory -> result=0 (впервые)
ProdTypeGate: telephone_factory -> result=0 (впервые)
ProdTypeGate: telephone_factory -> result=0 (впервые)
ProdTypeGate: telephone_factory -> result=0 (впервые)
ProdTypeGate: telephone_factory -> result=0 (впервые)
ProdTypeGate: telephone_factory -> result=0 (впервые)
ProdTypeGate: telephone_factory -> result=0 (впервые)
ProdTypeGate: telephone_factory -> result=0 (впервые)
ProdTypeGate: telephone_factory -> result=0 (впервые)
ProdTypeGate: telephone_factory -> result=0 (впервые)
ProdTypeGate: telephone_factory -> result=0 (впервые)
ProdTypeGate: telephone_factory -> result=0 (впервые)
ProdTypeGate: telephone_factory -> result=0 (впервые)
ProdTypeGate: telephone_factory -> result=0 (впервые)
ProdTypeGate: telephone_factory -> result=0 (впервые)
ProdTypeGate: telephone_factory -> result=0 (впервые)
ProdTypeGate: telephone_factory -> result=0 (впервые)
ProdTypeGate: telephone_factory -> result=0 (впервые)
ProdTypeGate: electric_gear_factory -> result=0 (впервые)
ProdTypeGate: electric_gear_factory -> result=0 (впервые)
ProdTypeGate: electric_gear_factory -> result=0 (впервые)
ProdTypeGate: electric_gear_factory -> result=0 (впервые)
ProdTypeGate: electric_gear_factory -> result=0 (впервые)
ProdTypeGate: electric_gear_factory -> result=0 (впервые)
ProdTypeGate: electric_gear_factory -> result=0 (впервые)
ProdTypeGate: electric_gear_factory -> result=0 (впервые)
ProdTypeGate: electric_gear_factory -> result=0 (впервые)
ProdTypeGate: electric_gear_factory -> result=0 (впервые)
ProdTypeGate: electric_gear_factory -> result=0 (впервые)
ProdTypeGate: electric_gear_factory -> result=0 (впервые)
ProdTypeGate: electric_gear_factory -> result=0 (впервые)
ProdTypeGate: electric_gear_factory -> result=0 (впервые)
ProdTypeGate: electric_gear_factory -> result=0 (впервые)
ProdTypeGate: electric_gear_factory -> result=0 (впервые)
ProdTypeGate: electric_gear_factory -> result=0 (впервые)
ProdTypeGate: electric_gear_factory -> result=0 (впервые)
ProdTypeGate: electric_gear_factory -> result=0 (впервые)
ProdTypeGate: electric_gear_factory -> result=0 (впервые)
ProdTypeGate: electric_gear_factory -> result=0 (впервые)
ProdTypeGate: electric_gear_factory -> result=0 (впервые)
ProdTypeGate: telephone_factory -> result=0 (впервые)
ProdTypeGate: telephone_factory -> result=0 (впервые)
ProdTypeGate: electric_gear_factory -> result=0 (впервые)
ProdTypeGate: telephone_factory -> result=0 (впервые)
ProdTypeGate: rubber_factory -> result=1 (впервые)
ProdTypeGate: explosives_factory -> result=0 (впервые)
ProdTypeGate: small_arms_factory -> result=0 (впервые)
ProdTypeGate: rubber_factory -> result=1 (впервые)
ProdTypeGate: explosives_factory -> result=0 (впервые)
ProdTypeGate: small_arms_factory -> result=0 (впервые)
ProdTypeGate: explosives_factory -> result=0 (впервые)
ProdTypeGate: explosives_factory -> result=0 (впервые)
ProdTypeGate: small_arms_factory -> result=0 (впервые)
ProdTypeGate: telephone_factory -> result=0 (впервые)
ProdTypeGate: rubber_factory -> result=1 (впервые)
ProdTypeGate: explosives_factory -> result=0 (впервые)
ProdTypeGate: small_arms_factory -> result=0 (впервые)
ProdTypeGate: explosives_factory -> result=0 (впервые)
ProdTypeGate: rubber_factory -> result=1 (впервые)
ProdTypeGate: explosives_factory -> result=0 (впервые)
ProdTypeGate: small_arms_factory -> result=0 (впервые)
ProdTypeGate: rubber_factory -> result=1 (впервые)
ProdTypeGate: explosives_factory -> result=0 (впервые)
ProdTypeGate: small_arms_factory -> result=0 (впервые)
ProdTypeGate: explosives_factory -> result=0 (впервые)
ProdTypeGate: small_arms_factory -> result=0 (впервые)
ProdTypeGate: electric_gear_factory -> result=0 (впервые)
ProdTypeGate: electric_gear_factory -> result=0 (впервые)
ProdTypeGate: electric_gear_factory -> result=0 (впервые)
ProdTypeGate: electric_gear_factory -> result=0 (впервые)
ProdTypeGate: electric_gear_factory -> result=0 (впервые)
ProdTypeGate: electric_gear_factory -> result=0 (впервые)
ProdTypeGate: telephone_factory -> result=0 (впервые)
ProdTypeGate: explosives_factory -> result=0 (впервые)
ProdTypeGate: electric_gear_factory -> result=0 (впервые)
ProdTypeGate: electric_gear_factory -> result=0 (впервые)
ProdTypeGate: electric_gear_factory -> result=0 (впервые)
ProdTypeGate: electric_gear_factory -> result=0 (впервые)
ProdTypeGate: electric_gear_factory -> result=0 (впервые)
ProdTypeGate: electric_gear_factory -> result=0 (впервые)
ProdTypeGate: electric_gear_factory -> result=0 (впервые)
ProdTypeGate: electric_gear_factory -> result=0 (впервые)
ProdTypeGate: electric_gear_factory -> result=0 (впервые)
ProdTypeGate: electric_gear_factory -> result=0 (впервые)
ProdTypeGate: electric_gear_factory -> result=0 (впервые)
ProdTypeGate: electric_gear_factory -> result=0 (впервые)
ProdTypeGate: electric_gear_factory -> result=0 (впервые)
ProdTypeGate: electric_gear_factory -> result=0 (впервые)
ProdTypeGate: electric_gear_factory -> result=0 (впервые)
ProdTypeGate: electric_gear_factory -> result=0 (впервые)
ProdTypeGate: electric_gear_factory -> result=0 (впервые)
ProdTypeGate: electric_gear_factory -> result=0 (впервые)
ProdTypeGate: electric_gear_factory -> result=0 (впервые)
ProdTypeGate: telephone_factory -> result=0 (впервые)
ProdTypeGate: rubber_factory -> result=1 (впервые)
ProdTypeGate: explosives_factory -> result=0 (впервые)
ProdTypeGate: small_arms_factory -> result=0 (впервые)
ProdTypeGate: explosives_factory -> result=0 (впервые)
ProdTypeGate: rubber_factory -> result=1 (впервые)
ProdTypeGate: explosives_factory -> result=0 (впервые)
ProdTypeGate: small_arms_factory -> result=0 (впервые)
ProdTypeGate: explosives_factory -> result=0 (впервые)
ProdTypeGate: small_arms_factory -> result=0 (впервые)
ProdTypeGate: electric_gear_factory -> result=0 (впервые)
ProdTypeGate: electric_gear_factory -> result=0 (впервые)
ProdTypeGate: electric_gear_factory -> result=0 (впервые)
ProdTypeGate: electric_gear_factory -> result=0 (впервые)
ProdTypeGate: electric_gear_factory -> result=0 (впервые)
ProdTypeGate: electric_gear_factory -> result=0 (впервые)
ProdTypeGate: electric_gear_factory -> result=0 (впервые)
ProdTypeGate: electric_gear_factory -> result=0 (впервые)
ProdTypeGate: electric_gear_factory -> result=0 (впервые)
ProdTypeGate: electric_gear_factory -> result=0 (впервые)
ProdTypeGate: electric_gear_factory -> result=0 (впервые)
ProdTypeGate: electric_gear_factory -> result=0 (впервые)
ProdTypeGate: electric_gear_factory -> result=0 (впервые)
ProdTypeGate: electric_gear_factory -> result=0 (впервые)
ProdTypeGate: electric_gear_factory -> result=0 (впервые)
ProdTypeGate: electric_gear_factory -> result=0 (впервые)
ProdTypeGate: electric_gear_factory -> result=0 (впервые)
ProdTypeGate: electric_gear_factory -> result=0 (впервые)
ProdTypeGate: electric_gear_factory -> result=0 (впервые)
ProdTypeGate: electric_gear_factory -> result=0 (впервые)
ProdTypeGate: electric_gear_factory -> result=0 (впервые)
ProdTypeGate: electric_gear_factory -> result=0 (впервые)
ProdTypeGate: electric_gear_factory -> result=0 (впервые)
ProdTypeGate: electric_gear_factory -> result=0 (впервые)
ProdTypeGate: electric_gear_factory -> result=0 (впервые)
ProdTypeGate: electric_gear_factory -> result=0 (впервые)
ProdTypeGate: electric_gear_factory -> result=0 (впервые)
ProdTypeGate: electric_gear_factory -> result=0 (впервые)
ProdTypeGate: electric_gear_factory -> result=0 (впервые)
ProdTypeGate: electric_gear_factory -> result=0 (впервые)
ProdTypeGate: electric_gear_factory -> result=0 (впервые)
ProdTypeGate: electric_gear_factory -> result=0 (впервые)
ProdTypeGate: electric_gear_factory -> result=0 (впервые)
ProdTypeGate: electric_gear_factory -> result=0 (впервые)
ProdTypeGate: electric_gear_factory -> result=0 (впервые)
ProdTypeGate: electric_gear_factory -> result=0 (впервые)
ProdTypeGate: electric_gear_factory -> result=0 (впервые)
ProdTypeGate: electric_gear_factory -> result=0 (впервые)
ProdTypeGate: electric_gear_factory -> result=0 (впервые)
ProdTypeGate: electric_gear_factory -> result=0 (впервые)
ProdTypeGate: electric_gear_factory -> result=0 (впервые)
ProdTypeGate: electric_gear_factory -> result=0 (впервые)
ProdTypeGate: electric_gear_factory -> result=0 (впервые)
ProdTypeGate: electric_gear_factory -> result=0 (впервые)
ProdTypeGate: electric_gear_factory -> result=0 (впервые)
ProdTypeGate: electric_gear_factory -> result=0 (впервые)
ProdTypeGate: electric_gear_factory -> result=0 (впервые)
ProdTypeGate: electric_gear_factory -> result=0 (впервые)
ProdTypeGate: electric_gear_factory -> result=0 (впервые)
ProdTypeGate: electric_gear_factory -> result=0 (впервые)
ProdTypeGate: electric_gear_factory -> result=0 (впервые)
ProdTypeGate: electric_gear_factory -> result=0 (впервые)
ProdTypeGate: electric_gear_factory -> result=0 (впервые)
ProdTypeGate: electric_gear_factory -> result=0 (впервые)
ProdTypeGate: electric_gear_factory -> result=0 (впервые)
ProdTypeGate: electric_gear_factory -> result=0 (впервые)
ProdTypeGate: electric_gear_factory -> result=0 (впервые)
ProdTypeGate: electric_gear_factory -> result=0 (впервые)
ProdTypeGate: electric_gear_factory -> result=0 (впервые)
ProdTypeGate: electric_gear_factory -> result=0 (впервые)
ProdTypeGate: electric_gear_factory -> result=0 (впервые)
ProdTypeGate: electric_gear_factory -> result=0 (впервые)
ProdTypeGate: telephone_factory -> result=0 (впервые)
ProdTypeGate: rubber_factory -> result=1 (впервые)
ProdTypeGate: small_arms_factory -> result=0 (впервые)
ProdTypeGate: explosives_factory -> result=0 (впервые)
ProdTypeGate: explosives_factory -> result=0 (впервые)
ProdTypeGate: small_arms_factory -> result=0 (впервые)
ProdTypeGate: electric_gear_factory -> result=0 (впервые)
ProdTypeGate: electric_gear_factory -> result=0 (впервые)
ProdTypeGate: electric_gear_factory -> result=0 (впервые)
ProdTypeGate: electric_gear_factory -> result=0 (впервые)
ProdTypeGate: electric_gear_factory -> result=0 (впервые)
ProdTypeGate: electric_gear_factory -> result=0 (впервые)
ProdTypeGate: electric_gear_factory -> result=0 (впервые)
ProdTypeGate: telephone_factory -> result=0 (впервые)
ProdTypeGate: rubber_factory -> result=1 (впервые)
ProdTypeGate: explosives_factory -> result=0 (впервые)
ProdTypeGate: small_arms_factory -> result=0 (впервые)
ProdTypeGate: explosives_factory -> result=0 (впервые)
ProdTypeGate: explosives_factory -> result=0 (впервые)
ProdTypeGate: small_arms_factory -> result=0 (впервые)
ProdTypeGate: explosives_factory -> result=0 (впервые)
ProdTypeGate: small_arms_factory -> result=0 (впервые)
ProdTypeGate: telephone_factory -> result=0 (впервые)
ProdTypeGate: rubber_factory -> result=1 (впервые)
ProdTypeGate: explosives_factory -> result=0 (впервые)
ProdTypeGate: small_arms_factory -> result=0 (впервые)
ProdTypeGate: explosives_factory -> result=0 (впервые)
ProdTypeGate: explosives_factory -> result=0 (впервые)
ProdTypeGate: small_arms_factory -> result=0 (впервые)
ProdTypeGate: explosives_factory -> result=0 (впервые)
ProdTypeGate: explosives_factory -> result=0 (впервые)
ProdTypeGate: small_arms_factory -> result=0 (впервые)
ProdTypeGate: automobile_factory -> result=0 (впервые)
ProdTypeGate: automobile_factory -> result=0 (впервые)
ProdTypeGate: automobile_factory -> result=0 (впервые)
ProdTypeGate: automobile_factory -> result=0 (впервые)
ProdTypeGate: automobile_factory -> result=0 (впервые)
ProdTypeGate: automobile_factory -> result=0 (впервые)
ProdTypeGate: automobile_factory -> result=0 (впервые)
ProdTypeGate: automobile_factory -> result=0 (впервые)
ProdTypeGate: automobile_factory -> result=0 (впервые)
ProdTypeGate: automobile_factory -> result=0 (впервые)
ProdTypeGate: automobile_factory -> result=0 (впервые)
ProdTypeGate: automobile_factory -> result=0 (впервые)
ProdTypeGate: automobile_factory -> result=0 (впервые)
ProdTypeGate: automobile_factory -> result=0 (впервые)
ProdTypeGate: automobile_factory -> result=0 (впервые)
ProdTypeGate: automobile_factory -> result=0 (впервые)
ProdTypeGate: automobile_factory -> result=0 (впервые)
ProdTypeGate: automobile_factory -> result=0 (впервые)
ProdTypeGate: automobile_factory -> result=0 (впервые)
ProdTypeGate: automobile_factory -> result=0 (впервые)
ProdTypeGate: automobile_factory -> result=0 (впервые)
ProdTypeGate: automobile_factory -> result=0 (впервые)
ProdTypeGate: automobile_factory -> result=0 (впервые)
ProdTypeGate: automobile_factory -> result=0 (впервые)
ProdTypeGate: automobile_factory -> result=0 (впервые)
ProdTypeGate: automobile_factory -> result=0 (впервые)
ProdTypeGate: automobile_factory -> result=0 (впервые)
ProdTypeGate: automobile_factory -> result=0 (впервые)
ProdTypeGate: automobile_factory -> result=0 (впервые)
ProdTypeGate: automobile_factory -> result=0 (впервые)
ProdTypeGate: automobile_factory -> result=0 (впервые)
ProdTypeGate: automobile_factory -> result=0 (впервые)
ProdTypeGate: automobile_factory -> result=0 (впервые)
ProdTypeGate: telephone_factory -> result=0 (впервые)
ProdTypeGate: explosives_factory -> result=0 (впервые)
ProdTypeGate: explosives_factory -> result=0 (впервые)
ProdTypeGate: small_arms_factory -> result=0 (впервые)
ProdTypeGate: electric_gear_factory -> result=0 (впервые)
ProdTypeGate: electric_gear_factory -> result=0 (впервые)
ProdTypeGate: electric_gear_factory -> result=0 (впервые)
ProdTypeGate: telephone_factory -> result=0 (впервые)
ProdTypeGate: rubber_factory -> result=1 (впервые)
ProdTypeGate: explosives_factory -> result=0 (впервые)
ProdTypeGate: small_arms_factory -> result=0 (впервые)
ProdTypeGate: explosives_factory -> result=0 (впервые)
ProdTypeGate: rubber_factory -> result=1 (впервые)
ProdTypeGate: explosives_factory -> result=0 (впервые)
ProdTypeGate: small_arms_factory -> result=0 (впервые)
ProdTypeGate: telephone_factory -> result=0 (впервые)
ProdTypeGate: telephone_factory -> result=0 (впервые)
ProdTypeGate: telephone_factory -> result=0 (впервые)
ProdTypeGate: telephone_factory -> result=0 (впервые)
ProdTypeGate: telephone_factory -> result=0 (впервые)
ProdTypeGate: explosives_factory -> result=0 (впервые)
ProdTypeGate: explosives_factory -> result=0 (впервые)
ProdTypeGate: small_arms_factory -> result=0 (впервые)
ProdTypeGate: telephone_factory -> result=0 (впервые)
ProdTypeGate: explosives_factory -> result=0 (впервые)
ProdTypeGate: telephone_factory -> result=0 (впервые)
ProdTypeGate: rubber_factory -> result=1 (впервые)
ProdTypeGate: explosives_factory -> result=0 (впервые)
ProdTypeGate: small_arms_factory -> result=0 (впервые)
ProdTypeGate: explosives_factory -> result=0 (впервые)
ProdTypeGate: explosives_factory -> result=0 (впервые)
ProdTypeGate: small_arms_factory -> result=0 (впервые)
ProdTypeGate: explosives_factory -> result=0 (впервые)
ProdTypeGate: small_arms_factory -> result=0 (впервые)
ProdTypeGate: telephone_factory -> result=0 (впервые)
ProdTypeGate: telephone_factory -> result=0 (впервые)
ProdTypeGate: telephone_factory -> result=0 (впервые)
ProdTypeGate: telephone_factory -> result=0 (впервые)
ProdTypeGate: telephone_factory -> result=0 (впервые)
ProdTypeGate: telephone_factory -> result=0 (впервые)
ProdTypeGate: telephone_factory -> result=0 (впервые)
ProdTypeGate: telephone_factory -> result=0 (впервые)
ProdTypeGate: telephone_factory -> result=0 (впервые)
ProdTypeGate: telephone_factory -> result=0 (впервые)
ProdTypeGate: telephone_factory -> result=0 (впервые)
ProdTypeGate: telephone_factory -> result=0 (впервые)
ProdTypeGate: telephone_factory -> result=0 (впервые)
ProdTypeGate: telephone_factory -> result=0 (впервые)
ProdTypeGate: telephone_factory -> result=0 (впервые)
ProdTypeGate: explosives_factory -> result=0 (впервые)
ProdTypeGate: telephone_factory -> result=0 (впервые)
ProdTypeGate: rubber_factory -> result=1 (впервые)
ProdTypeGate: explosives_factory -> result=0 (впервые)
ProdTypeGate: small_arms_factory -> result=0 (впервые)
ProdTypeGate: explosives_factory -> result=0 (впервые)
ProdTypeGate: explosives_factory -> result=0 (впервые)
ProdTypeGate: small_arms_factory -> result=0 (впервые)
ProdTypeGate: automobile_factory -> result=0 (впервые)
ProdTypeGate: automobile_factory -> result=0 (впервые)
ProdTypeGate: automobile_factory -> result=0 (впервые)
ProdTypeGate: automobile_factory -> result=0 (впервые)
ProdTypeGate: automobile_factory -> result=0 (впервые)
ProdTypeGate: automobile_factory -> result=0 (впервые)
ProdTypeGate: automobile_factory -> result=0 (впервые)
ProdTypeGate: automobile_factory -> result=0 (впервые)
ProdTypeGate: automobile_factory -> result=0 (впервые)
ProdTypeGate: automobile_factory -> result=0 (впервые)
ProdTypeGate: automobile_factory -> result=0 (впервые)
ProdTypeGate: automobile_factory -> result=0 (впервые)
ProdTypeGate: automobile_factory -> result=0 (впервые)
ProdTypeGate: automobile_factory -> result=0 (впервые)
ProdTypeGate: automobile_factory -> result=0 (впервые)
ProdTypeGate: automobile_factory -> result=0 (впервые)
ProdTypeGate: automobile_factory -> result=0 (впервые)
ProdTypeGate: automobile_factory -> result=0 (впервые)
ProdTypeGate: automobile_factory -> result=0 (впервые)
ProdTypeGate: automobile_factory -> result=0 (впервые)
ProdTypeGate: automobile_factory -> result=0 (впервые)
ProdTypeGate: automobile_factory -> result=0 (впервые)
ProdTypeGate: automobile_factory -> result=0 (впервые)
ProdTypeGate: automobile_factory -> result=0 (впервые)
ProdTypeGate: automobile_factory -> result=0 (впервые)
ProdTypeGate: automobile_factory -> result=0 (впервые)
ProdTypeGate: automobile_factory -> result=0 (впервые)
ProdTypeGate: automobile_factory -> result=0 (впервые)
ProdTypeGate: automobile_factory -> result=0 (впервые)
ProdTypeGate: automobile_factory -> result=0 (впервые)
ProdTypeGate: automobile_factory -> result=0 (впервые)
ProdTypeGate: automobile_factory -> result=0 (впервые)
ProdTypeGate: automobile_factory -> result=0 (впервые)
ProdTypeGate: automobile_factory -> result=0 (впервые)
ProdTypeGate: automobile_factory -> result=0 (впервые)
ProdTypeGate: automobile_factory -> result=0 (впервые)
ProdTypeGate: automobile_factory -> result=0 (впервые)
ProdTypeGate: automobile_factory -> result=0 (впервые)
ProdTypeGate: automobile_factory -> result=0 (впервые)
ProdTypeGate: automobile_factory -> result=0 (впервые)
ProdTypeGate: automobile_factory -> result=0 (впервые)
ProdTypeGate: automobile_factory -> result=0 (впервые)
ProdTypeGate: automobile_factory -> result=0 (впервые)
ProdTypeGate: automobile_factory -> result=0 (впервые)
ProdTypeGate: automobile_factory -> result=0 (впервые)
ProdTypeGate: automobile_factory -> result=0 (впервые)
ProdTypeGate: automobile_factory -> result=0 (впервые)
ProdTypeGate: automobile_factory -> result=0 (впервые)
ProdTypeGate: automobile_factory -> result=0 (впервые)
ProdTypeGate: automobile_factory -> result=0 (впервые)
ProdTypeGate: automobile_factory -> result=0 (впервые)
ProdTypeGate: automobile_factory -> result=0 (впервые)
ProdTypeGate: automobile_factory -> result=0 (впервые)
ProdTypeGate: automobile_factory -> result=0 (впервые)
ProdTypeGate: automobile_factory -> result=0 (впервые)
ProdTypeGate: automobile_factory -> result=0 (впервые)
ProdTypeGate: automobile_factory -> result=0 (впервые)
ProdTypeGate: electric_gear_factory -> result=0 (впервые)
ProdTypeGate: automobile_factory -> result=0 (впервые)
ProdTypeGate: telephone_factory -> result=0 (впервые)
ProdTypeGate: rubber_factory -> result=1 (впервые)
ProdTypeGate: explosives_factory -> result=0 (впервые)
ProdTypeGate: small_arms_factory -> result=0 (впервые)
ProdTypeGate: explosives_factory -> result=0 (впервые)
ProdTypeGate: rubber_factory -> result=1 (впервые)
ProdTypeGate: explosives_factory -> result=0 (впервые)
ProdTypeGate: small_arms_factory -> result=0 (впервые)
ProdTypeGate: explosives_factory -> result=0 (впервые)
ProdTypeGate: small_arms_factory -> result=0 (впервые)
ProdTypeGate: automobile_factory -> result=0 (впервые)
ProdTypeGate: automobile_factory -> result=0 (впервые)
ProdTypeGate: automobile_factory -> result=0 (впервые)
ProdTypeGate: automobile_factory -> result=0 (впервые)
ProdTypeGate: automobile_factory -> result=0 (впервые)
ProdTypeGate: automobile_factory -> result=0 (впервые)
ProdTypeGate: automobile_factory -> result=0 (впервые)
ProdTypeGate: automobile_factory -> result=0 (впервые)
ProdTypeGate: automobile_factory -> result=0 (впервые)
ProdTypeGate: automobile_factory -> result=0 (впервые)
ProdTypeGate: automobile_factory -> result=0 (впервые)
ProdTypeGate: automobile_factory -> result=0 (впервые)
ProdTypeGate: automobile_factory -> result=0 (впервые)
ProdTypeGate: automobile_factory -> result=0 (впервые)
ProdTypeGate: automobile_factory -> result=0 (впервые)
ProdTypeGate: automobile_factory -> result=0 (впервые)
ProdTypeGate: automobile_factory -> result=0 (впервые)
ProdTypeGate: automobile_factory -> result=0 (впервые)
ProdTypeGate: automobile_factory -> result=0 (впервые)
ProdTypeGate: automobile_factory -> result=0 (впервые)
ProdTypeGate: automobile_factory -> result=0 (впервые)
ProdTypeGate: automobile_factory -> result=0 (впервые)
ProdTypeGate: automobile_factory -> result=0 (впервые)
ProdTypeGate: automobile_factory -> result=0 (впервые)
ProdTypeGate: automobile_factory -> result=0 (впервые)
ProdTypeGate: automobile_factory -> result=0 (впервые)
ProdTypeGate: automobile_factory -> result=0 (впервые)
ProdTypeGate: automobile_factory -> result=0 (впервые)
ProdTypeGate: automobile_factory -> result=0 (впервые)
ProdTypeGate: automobile_factory -> result=0 (впервые)
ProdTypeGate: automobile_factory -> result=0 (впервые)
ProdTypeGate: automobile_factory -> result=0 (впервые)
ProdTypeGate: telephone_factory -> result=0 (впервые)
ProdTypeGate: telephone_factory -> result=0 (впервые)
ProdTypeGate: telephone_factory -> result=0 (впервые)
ProdTypeGate: telephone_factory -> result=0 (впервые)
ProdTypeGate: telephone_factory -> result=0 (впервые)
ProdTypeGate: telephone_factory -> result=0 (впервые)
ProdTypeGate: telephone_factory -> result=0 (впервые)
ProdTypeGate: telephone_factory -> result=0 (впервые)
ProdTypeGate: telephone_factory -> result=0 (впервые)
ProdTypeGate: telephone_factory -> result=0 (впервые)
ProdTypeGate: telephone_factory -> result=0 (впервые)
ProdTypeGate: telephone_factory -> result=0 (впервые)
ProdTypeGate: telephone_factory -> result=0 (впервые)
ProdTypeGate: telephone_factory -> result=0 (впервые)
ProdTypeGate: telephone_factory -> result=0 (впервые)
ProdTypeGate: telephone_factory -> result=0 (впервые)
ProdTypeGate: telephone_factory -> result=0 (впервые)
ProdTypeGate: telephone_factory -> result=0 (впервые)
ProdTypeGate: telephone_factory -> result=0 (впервые)
ProdTypeGate: telephone_factory -> result=0 (впервые)
ProdTypeGate: telephone_factory -> result=0 (впервые)
ProdTypeGate: telephone_factory -> result=0 (впервые)
ProdTypeGate: telephone_factory -> result=0 (впервые)
ProdTypeGate: telephone_factory -> result=0 (впервые)
ProdTypeGate: telephone_factory -> result=0 (впервые)
ProdTypeGate: telephone_factory -> result=0 (впервые)
ProdTypeGate: telephone_factory -> result=0 (впервые)
ProdTypeGate: electric_gear_factory -> result=0 (впервые)
ProdTypeGate: electric_gear_factory -> result=0 (впервые)
ProdTypeGate: electric_gear_factory -> result=0 (впервые)
ProdTypeGate: electric_gear_factory -> result=0 (впервые)
ProdTypeGate: electric_gear_factory -> result=0 (впервые)
ProdTypeGate: electric_gear_factory -> result=0 (впервые)
ProdTypeGate: electric_gear_factory -> result=0 (впервые)
ProdTypeGate: electric_gear_factory -> result=0 (впервые)
ProdTypeGate: electric_gear_factory -> result=0 (впервые)
ProdTypeGate: electric_gear_factory -> result=0 (впервые)
ProdTypeGate: electric_gear_factory -> result=0 (впервые)
ProdTypeGate: electric_gear_factory -> result=0 (впервые)
ProdTypeGate: electric_gear_factory -> result=0 (впервые)
ProdTypeGate: electric_gear_factory -> result=0 (впервые)
ProdTypeGate: electric_gear_factory -> result=0 (впервые)
ProdTypeGate: electric_gear_factory -> result=0 (впервые)
ProdTypeGate: electric_gear_factory -> result=0 (впервые)
ProdTypeGate: electric_gear_factory -> result=0 (впервые)
ProdTypeGate: electric_gear_factory -> result=0 (впервые)
ProdTypeGate: electric_gear_factory -> result=0 (впервые)
ProdTypeGate: electric_gear_factory -> result=0 (впервые)
ProdTypeGate: electric_gear_factory -> result=0 (впервые)
ProdTypeGate: automobile_factory -> result=0 (впервые)
ProdTypeGate: telephone_factory -> result=0 (впервые)
ProdTypeGate: electric_gear_factory -> result=0 (впервые)
ProdTypeGate: telephone_factory -> result=0 (впервые)
ProdTypeGate: rubber_factory -> result=1 (впервые)
ProdTypeGate: explosives_factory -> result=0 (впервые)
ProdTypeGate: small_arms_factory -> result=0 (впервые)
ProdTypeGate: explosives_factory -> result=0 (впервые)
ProdTypeGate: rubber_factory -> result=1 (впервые)
ProdTypeGate: explosives_factory -> result=0 (впервые)
ProdTypeGate: small_arms_factory -> result=0 (впервые)
ProdTypeGate: explosives_factory -> result=0 (впервые)
ProdTypeGate: small_arms_factory -> result=0 (впервые)
ProdTypeGate: explosives_factory -> result=0 (впервые)
ProdTypeGate: electric_gear_factory -> result=0 (впервые)
ProdTypeGate: electric_gear_factory -> result=0 (впервые)
ProdTypeGate: electric_gear_factory -> result=0 (впервые)
ProdTypeGate: electric_gear_factory -> result=0 (впервые)
ProdTypeGate: electric_gear_factory -> result=0 (впервые)
ProdTypeGate: electric_gear_factory -> result=0 (впервые)
ProdTypeGate: electric_gear_factory -> result=0 (впервые)
ProdTypeGate: electric_gear_factory -> result=0 (впервые)
ProdTypeGate: electric_gear_factory -> result=0 (впервые)
ProdTypeGate: electric_gear_factory -> result=0 (впервые)
ProdTypeGate: electric_gear_factory -> result=0 (впервые)
ProdTypeGate: electric_gear_factory -> result=0 (впервые)
ProdTypeGate: electric_gear_factory -> result=0 (впервые)
ProdTypeGate: electric_gear_factory -> result=0 (впервые)
ProdTypeGate: electric_gear_factory -> result=0 (впервые)
ProdTypeGate: electric_gear_factory -> result=0 (впервые)
ProdTypeGate: electric_gear_factory -> result=0 (впервые)
ProdTypeGate: electric_gear_factory -> result=0 (впервые)
ProdTypeGate: electric_gear_factory -> result=0 (впервые)
ProdTypeGate: electric_gear_factory -> result=0 (впервые)
ProdTypeGate: electric_gear_factory -> result=0 (впервые)
ProdTypeGate: electric_gear_factory -> result=0 (впервые)
ProdTypeGate: electric_gear_factory -> result=0 (впервые)
ProdTypeGate: electric_gear_factory -> result=0 (впервые)
ProdTypeGate: electric_gear_factory -> result=0 (впервые)
ProdTypeGate: electric_gear_factory -> result=0 (впервые)
ProdTypeGate: electric_gear_factory -> result=0 (впервые)
ProdTypeGate: electric_gear_factory -> result=0 (впервые)
ProdTypeGate: electric_gear_factory -> result=0 (впервые)
ProdTypeGate: electric_gear_factory -> result=0 (впервые)
ProdTypeGate: electric_gear_factory -> result=0 (впервые)
ProdTypeGate: electric_gear_factory -> result=0 (впервые)
ProdTypeGate: electric_gear_factory -> result=0 (впервые)
ProdTypeGate: electric_gear_factory -> result=0 (впервые)
ProdTypeGate: electric_gear_factory -> result=0 (впервые)
ProdTypeGate: electric_gear_factory -> result=0 (впервые)
ProdTypeGate: electric_gear_factory -> result=0 (впервые)
ProdTypeGate: electric_gear_factory -> result=0 (впервые)
ProdTypeGate: electric_gear_factory -> result=0 (впервые)
ProdTypeGate: electric_gear_factory -> result=0 (впервые)
ProdTypeGate: telephone_factory -> result=0 (впервые)
ProdTypeGate: explosives_factory -> result=0 (впервые)
ProdTypeGate: explosives_factory -> result=0 (впервые)
ProdTypeGate: electric_gear_factory -> result=0 (впервые)
ProdTypeGate: electric_gear_factory -> result=0 (впервые)
ProdTypeGate: electric_gear_factory -> result=0 (впервые)
ProdTypeGate: electric_gear_factory -> result=0 (впервые)
ProdTypeGate: electric_gear_factory -> result=0 (впервые)
ProdTypeGate: electric_gear_factory -> result=0 (впервые)
ProdTypeGate: electric_gear_factory -> result=0 (впервые)
ProdTypeGate: electric_gear_factory -> result=0 (впервые)
ProdTypeGate: electric_gear_factory -> result=0 (впервые)
ProdTypeGate: electric_gear_factory -> result=0 (впервые)
ProdTypeGate: electric_gear_factory -> result=0 (впервые)
ProdTypeGate: electric_gear_factory -> result=0 (впервые)
ProdTypeGate: electric_gear_factory -> result=0 (впервые)
ProdTypeGate: electric_gear_factory -> result=0 (впервые)
ProdTypeGate: electric_gear_factory -> result=0 (впервые)
ProdTypeGate: electric_gear_factory -> result=0 (впервые)
ProdTypeGate: electric_gear_factory -> result=0 (впервые)
ProdTypeGate: electric_gear_factory -> result=0 (впервые)
ProdTypeGate: electric_gear_factory -> result=0 (впервые)
ProdTypeGate: electric_gear_factory -> result=0 (впервые)
ProdTypeGate: electric_gear_factory -> result=0 (впервые)
ProdTypeGate: electric_gear_factory -> result=0 (впервые)
ProdTypeGate: electric_gear_factory -> result=0 (впервые)
ProdTypeGate: electric_gear_factory -> result=0 (впервые)
ProdTypeGate: electric_gear_factory -> result=0 (впервые)
ProdTypeGate: electric_gear_factory -> result=0 (впервые)
ProdTypeGate: electric_gear_factory -> result=0 (впервые)
ProdTypeGate: electric_gear_factory -> result=0 (впервые)
ProdTypeGate: electric_gear_factory -> result=0 (впервые)
ProdTypeGate: electric_gear_factory -> result=0 (впервые)
ProdTypeGate: electric_gear_factory -> result=0 (впервые)
ProdTypeGate: electric_gear_factory -> result=0 (впервые)
ProdTypeGate: electric_gear_factory -> result=0 (впервые)
ProdTypeGate: electric_gear_factory -> result=0 (впервые)
ProdTypeGate: electric_gear_factory -> result=0 (впервые)
ProdTypeGate: electric_gear_factory -> result=0 (впервые)
ProdTypeGate: electric_gear_factory -> result=0 (впервые)
ProdTypeGate: electric_gear_factory -> result=0 (впервые)
ProdTypeGate: electric_gear_factory -> result=0 (впервые)
ProdTypeGate: electric_gear_factory -> result=0 (впервые)
ProdTypeGate: electric_gear_factory -> result=0 (впервые)
ProdTypeGate: electric_gear_factory -> result=0 (впервые)
ProdTypeGate: electric_gear_factory -> result=0 (впервые)
ProdTypeGate: electric_gear_factory -> result=0 (впервые)
ProdTypeGate: electric_gear_factory -> result=0 (впервые)
ProdTypeGate: electric_gear_factory -> result=0 (впервые)
ProdTypeGate: electric_gear_factory -> result=0 (впервые)
ProdTypeGate: electric_gear_factory -> result=0 (впервые)
ProdTypeGate: electric_gear_factory -> result=0 (впервые)
ProdTypeGate: electric_gear_factory -> result=0 (впервые)
ProdTypeGate: electric_gear_factory -> result=0 (впервые)
ProdTypeGate: electric_gear_factory -> result=0 (впервые)
ProdTypeGate: electric_gear_factory -> result=0 (впервые)
ProdTypeGate: electric_gear_factory -> result=0 (впервые)
ProdTypeGate: electric_gear_factory -> result=0 (впервые)
ProdTypeGate: electric_gear_factory -> result=0 (впервые)
ProdTypeGate: electric_gear_factory -> result=0 (впервые)
ProdTypeGate: electric_gear_factory -> result=0 (впервые)
ProdTypeGate: electric_gear_factory -> result=0 (впервые)
ProdTypeGate: electric_gear_factory -> result=0 (впервые)
ProdTypeGate: electric_gear_factory -> result=0 (впервые)
ProdTypeGate: electric_gear_factory -> result=0 (впервые)
ProdTypeGate: electric_gear_factory -> result=0 (впервые)
ProdTypeGate: electric_gear_factory -> result=0 (впервые)
ProdTypeGate: telephone_factory -> result=0 (впервые)
ProdTypeGate: explosives_factory -> result=0 (впервые)
ProdTypeGate: small_arms_factory -> result=0 (впервые)
ProdTypeGate: explosives_factory -> result=0 (впервые)
ProdTypeGate: small_arms_factory -> result=0 (впервые)
ProdTypeGate: rubber_factory -> result=1 (впервые)
ProdTypeGate: explosives_factory -> result=0 (впервые)
ProdTypeGate: small_arms_factory -> result=0 (впервые)
ProdTypeGate: rubber_factory -> result=1 (впервые)
ProdTypeGate: explosives_factory -> result=0 (впервые)
ProdTypeGate: small_arms_factory -> result=0 (впервые)
ProdTypeGate: explosives_factory -> result=0 (впервые)
ProdTypeGate: telephone_factory -> result=0 (впервые)
ProdTypeGate: rubber_factory -> result=1 (впервые)
ProdTypeGate: explosives_factory -> result=0 (впервые)
ProdTypeGate: small_arms_factory -> result=0 (впервые)
ProdTypeGate: rubber_factory -> result=1 (впервые)
ProdTypeGate: explosives_factory -> result=0 (впервые)
ProdTypeGate: small_arms_factory -> result=0 (впервые)
ProdTypeGate: rubber_factory -> result=1 (впервые)
ProdTypeGate: explosives_factory -> result=0 (впервые)
ProdTypeGate: small_arms_factory -> result=0 (впервые)
ProdTypeGate: explosives_factory -> result=0 (впервые)
ProdTypeGate: rubber_factory -> result=1 (впервые)
ProdTypeGate: explosives_factory -> result=0 (впервые)
ProdTypeGate: small_arms_factory -> result=0 (впервые)
ProdTypeGate: explosives_factory -> result=0 (впервые)
ProdTypeGate: small_arms_factory -> result=0 (впервые)
ProdTypeGate: explosives_factory -> result=0 (впервые)
ProdTypeGate: small_arms_factory -> result=0 (впервые)
ProdTypeGate: electric_gear_factory -> result=0 (впервые)
ProdTypeGate: electric_gear_factory -> result=0 (впервые)
ProdTypeGate: telephone_factory -> result=0 (впервые)
ProdTypeGate: explosives_factory -> result=0 (впервые)
ProdTypeGate: explosives_factory -> result=0 (впервые)
ProdTypeGate: explosives_factory -> result=0 (впервые)
ProdTypeGate: small_arms_factory -> result=0 (впервые)
ProdTypeGate: telephone_factory -> result=0 (впервые)
ProdTypeGate: rubber_factory -> result=1 (впервые)
ProdTypeGate: explosives_factory -> result=0 (впервые)
ProdTypeGate: small_arms_factory -> result=0 (впервые)
ProdTypeGate: explosives_factory -> result=0 (впервые)
ProdTypeGate: rubber_factory -> result=1 (впервые)
ProdTypeGate: explosives_factory -> result=0 (впервые)
ProdTypeGate: small_arms_factory -> result=0 (впервые)
ProdTypeGate: explosives_factory -> result=0 (впервые)
ProdTypeGate: small_arms_factory -> result=0 (впервые)
ProdTypeGate: telephone_factory -> result=0 (впервые)
ProdTypeGate: explosives_factory -> result=0 (впервые)
ProdTypeGate: explosives_factory -> result=0 (впервые)
ProdTypeGate: small_arms_factory -> result=0 (впервые)
ProdTypeGate: telephone_factory -> result=0 (впервые)
ProdTypeGate: explosives_factory -> result=0 (впервые)
ProdTypeGate: explosives_factory -> result=0 (впервые)
ProdTypeGate: small_arms_factory -> result=0 (впервые)
ProdTypeGate: automobile_factory -> result=0 (впервые)
ProdTypeGate: automobile_factory -> result=0 (впервые)
ProdTypeGate: automobile_factory -> result=0 (впервые)
ProdTypeGate: automobile_factory -> result=0 (впервые)
ProdTypeGate: automobile_factory -> result=0 (впервые)
ProdTypeGate: automobile_factory -> result=0 (впервые)
ProdTypeGate: automobile_factory -> result=0 (впервые)
ProdTypeGate: automobile_factory -> result=0 (впервые)
ProdTypeGate: automobile_factory -> result=0 (впервые)
ProdTypeGate: automobile_factory -> result=0 (впервые)
ProdTypeGate: automobile_factory -> result=0 (впервые)
ProdTypeGate: automobile_factory -> result=0 (впервые)
ProdTypeGate: automobile_factory -> result=0 (впервые)
ProdTypeGate: automobile_factory -> result=0 (впервые)
ProdTypeGate: automobile_factory -> result=0 (впервые)
ProdTypeGate: automobile_factory -> result=0 (впервые)
ProdTypeGate: automobile_factory -> result=0 (впервые)
ProdTypeGate: automobile_factory -> result=0 (впервые)
ProdTypeGate: automobile_factory -> result=0 (впервые)
ProdTypeGate: automobile_factory -> result=0 (впервые)
ProdTypeGate: automobile_factory -> result=0 (впервые)
ProdTypeGate: automobile_factory -> result=0 (впервые)
ProdTypeGate: automobile_factory -> result=0 (впервые)
ProdTypeGate: automobile_factory -> result=0 (впервые)
ProdTypeGate: automobile_factory -> result=0 (впервые)
ProdTypeGate: automobile_factory -> result=0 (впервые)
ProdTypeGate: automobile_factory -> result=0 (впервые)
ProdTypeGate: automobile_factory -> result=0 (впервые)
ProdTypeGate: automobile_factory -> result=0 (впервые)
ProdTypeGate: automobile_factory -> result=0 (впервые)
ProdTypeGate: automobile_factory -> result=0 (впервые)
ProdTypeGate: automobile_factory -> result=0 (впервые)
ProdTypeGate: telephone_factory -> result=0 (впервые)
ProdTypeGate: telephone_factory -> result=0 (впервые)
ProdTypeGate: telephone_factory -> result=0 (впервые)
ProdTypeGate: telephone_factory -> result=0 (впервые)
ProdTypeGate: automobile_factory -> result=0 (впервые)
ProdTypeGate: telephone_factory -> result=0 (впервые)
ProdTypeGate: rubber_factory -> result=1 (впервые)
ProdTypeGate: explosives_factory -> result=0 (впервые)
ProdTypeGate: small_arms_factory -> result=0 (впервые)
ProdTypeGate: explosives_factory -> result=0 (впервые)
ProdTypeGate: rubber_factory -> result=1 (впервые)
ProdTypeGate: explosives_factory -> result=0 (впервые)
ProdTypeGate: small_arms_factory -> result=0 (впервые)
ProdTypeGate: explosives_factory -> result=0 (впервые)
ProdTypeGate: small_arms_factory -> result=0 (впервые)
ProdTypeGate: explosives_factory -> result=0 (впервые)
ProdTypeGate: small_arms_factory -> result=0 (впервые)
ProdTypeGate: electric_gear_factory -> result=0 (впервые)
ProdTypeGate: electric_gear_factory -> result=0 (впервые)
ProdTypeGate: telephone_factory -> result=0 (впервые)
ProdTypeGate: rubber_factory -> result=1 (впервые)
ProdTypeGate: explosives_factory -> result=0 (впервые)
ProdTypeGate: small_arms_factory -> result=0 (впервые)
ProdTypeGate: rubber_factory -> result=1 (впервые)
ProdTypeGate: explosives_factory -> result=0 (впервые)
ProdTypeGate: small_arms_factory -> result=0 (впервые)
ProdTypeGate: explosives_factory -> result=0 (впервые)
ProdTypeGate: explosives_factory -> result=0 (впервые)
ProdTypeGate: small_arms_factory -> result=0 (впервые)
ProdTypeGate: telephone_factory -> result=0 (впервые)
ProdTypeGate: telephone_factory -> result=0 (впервые)
ProdTypeGate: telephone_factory -> result=0 (впервые)
ProdTypeGate: telephone_factory -> result=0 (впервые)
ProdTypeGate: telephone_factory -> result=0 (впервые)
ProdTypeGate: telephone_factory -> result=0 (впервые)
ProdTypeGate: telephone_factory -> result=0 (впервые)
ProdTypeGate: telephone_factory -> result=0 (впервые)
ProdTypeGate: telephone_factory -> result=0 (впервые)
ProdTypeGate: telephone_factory -> result=0 (впервые)
ProdTypeGate: telephone_factory -> result=0 (впервые)
ProdTypeGate: telephone_factory -> result=0 (впервые)
ProdTypeGate: telephone_factory -> result=0 (впервые)
ProdTypeGate: telephone_factory -> result=0 (впервые)
ProdTypeGate: telephone_factory -> result=0 (впервые)
ProdTypeGate: telephone_factory -> result=0 (впервые)
ProdTypeGate: telephone_factory -> result=0 (впервые)
ProdTypeGate: telephone_factory -> result=0 (впервые)
ProdTypeGate: telephone_factory -> result=0 (впервые)
ProdTypeGate: electric_gear_factory -> result=0 (впервые)
ProdTypeGate: electric_gear_factory -> result=0 (впервые)
ProdTypeGate: electric_gear_factory -> result=0 (впервые)
ProdTypeGate: electric_gear_factory -> result=0 (впервые)
ProdTypeGate: electric_gear_factory -> result=0 (впервые)
ProdTypeGate: electric_gear_factory -> result=0 (впервые)
ProdTypeGate: electric_gear_factory -> result=0 (впервые)
ProdTypeGate: electric_gear_factory -> result=0 (впервые)
ProdTypeGate: electric_gear_factory -> result=0 (впервые)
ProdTypeGate: electric_gear_factory -> result=0 (впервые)
ProdTypeGate: electric_gear_factory -> result=0 (впервые)
ProdTypeGate: electric_gear_factory -> result=0 (впервые)
ProdTypeGate: electric_gear_factory -> result=0 (впервые)
ProdTypeGate: electric_gear_factory -> result=0 (впервые)
ProdTypeGate: electric_gear_factory -> result=0 (впервые)
ProdTypeGate: electric_gear_factory -> result=0 (впервые)
ProdTypeGate: electric_gear_factory -> result=0 (впервые)
ProdTypeGate: electric_gear_factory -> result=0 (впервые)
ProdTypeGate: electric_gear_factory -> result=0 (впервые)
ProdTypeGate: electric_gear_factory -> result=0 (впервые)
ProdTypeGate: electric_gear_factory -> result=0 (впервые)
ProdTypeGate: electric_gear_factory -> result=0 (впервые)
ProdTypeGate: telephone_factory -> result=0 (впервые)
ProdTypeGate: electric_gear_factory -> result=0 (впервые)
ProdTypeGate: telephone_factory -> result=0 (впервые)
ProdTypeGate: rubber_factory -> result=1 (впервые)
ProdTypeGate: explosives_factory -> result=0 (впервые)
ProdTypeGate: small_arms_factory -> result=0 (впервые)
ProdTypeGate: explosives_factory -> result=0 (впервые)
ProdTypeGate: explosives_factory -> result=0 (впервые)
ProdTypeGate: small_arms_factory -> result=0 (впервые)
ProdTypeGate: electric_gear_factory -> result=0 (впервые)
ProdTypeGate: telephone_factory -> result=0 (впервые)
ProdTypeGate: rubber_factory -> result=1 (впервые)
ProdTypeGate: explosives_factory -> result=0 (впервые)
ProdTypeGate: small_arms_factory -> result=0 (впервые)
ProdTypeGate: explosives_factory -> result=0 (впервые)
ProdTypeGate: explosives_factory -> result=0 (впервые)
ProdTypeGate: small_arms_factory -> result=0 (впервые)
ProdTypeGate: electric_gear_factory -> result=0 (впервые)
ProdTypeGate: electric_gear_factory -> result=0 (впервые)
ProdTypeGate: electric_gear_factory -> result=0 (впервые)
ProdTypeGate: electric_gear_factory -> result=0 (впервые)
ProdTypeGate: electric_gear_factory -> result=0 (впервые)
ProdTypeGate: electric_gear_factory -> result=0 (впервые)
ProdTypeGate: electric_gear_factory -> result=0 (впервые)
ProdTypeGate: electric_gear_factory -> result=0 (впервые)
ProdTypeGate: electric_gear_factory -> result=0 (впервые)
ProdTypeGate: electric_gear_factory -> result=0 (впервые)
ProdTypeGate: electric_gear_factory -> result=0 (впервые)
ProdTypeGate: electric_gear_factory -> result=0 (впервые)
ProdTypeGate: electric_gear_factory -> result=0 (впервые)
ProdTypeGate: electric_gear_factory -> result=0 (впервые)
ProdTypeGate: electric_gear_factory -> result=0 (впервые)
ProdTypeGate: electric_gear_factory -> result=0 (впервые)
ProdTypeGate: electric_gear_factory -> result=0 (впервые)
ProdTypeGate: electric_gear_factory -> result=0 (впервые)
ProdTypeGate: electric_gear_factory -> result=0 (впервые)
ProdTypeGate: electric_gear_factory -> result=0 (впервые)
ProdTypeGate: electric_gear_factory -> result=0 (впервые)
ProdTypeGate: electric_gear_factory -> result=0 (впервые)
ProdTypeGate: electric_gear_factory -> result=0 (впервые)
ProdTypeGate: electric_gear_factory -> result=0 (впервые)
ProdTypeGate: electric_gear_factory -> result=0 (впервые)
ProdTypeGate: electric_gear_factory -> result=0 (впервые)
ProdTypeGate: electric_gear_factory -> result=0 (впервые)
ProdTypeGate: electric_gear_factory -> result=0 (впервые)
ProdTypeGate: electric_gear_factory -> result=0 (впервые)
ProdTypeGate: electric_gear_factory -> result=0 (впервые)
ProdTypeGate: electric_gear_factory -> result=0 (впервые)
ProdTypeGate: electric_gear_factory -> result=0 (впервые)
ProdTypeGate: electric_gear_factory -> result=0 (впервые)
ProdTypeGate: electric_gear_factory -> result=0 (впервые)
ProdTypeGate: electric_gear_factory -> result=0 (впервые)
ProdTypeGate: electric_gear_factory -> result=0 (впервые)
ProdTypeGate: electric_gear_factory -> result=0 (впервые)
ProdTypeGate: electric_gear_factory -> result=0 (впервые)
ProdTypeGate: electric_gear_factory -> result=0 (впервые)
ProdTypeGate: electric_gear_factory -> result=0 (впервые)
ProdTypeGate: electric_gear_factory -> result=0 (впервые)
ProdTypeGate: electric_gear_factory -> result=0 (впервые)
ProdTypeGate: electric_gear_factory -> result=0 (впервые)
ProdTypeGate: electric_gear_factory -> result=0 (впервые)
ProdTypeGate: automobile_factory -> result=0 (впервые)
ProdTypeGate: automobile_factory -> result=0 (впервые)
ProdTypeGate: automobile_factory -> result=0 (впервые)
ProdTypeGate: automobile_factory -> result=0 (впервые)
ProdTypeGate: automobile_factory -> result=0 (впервые)
ProdTypeGate: automobile_factory -> result=0 (впервые)
ProdTypeGate: automobile_factory -> result=0 (впервые)
ProdTypeGate: automobile_factory -> result=0 (впервые)
ProdTypeGate: automobile_factory -> result=0 (впервые)
ProdTypeGate: automobile_factory -> result=0 (впервые)
ProdTypeGate: automobile_factory -> result=0 (впервые)
ProdTypeGate: automobile_factory -> result=0 (впервые)
ProdTypeGate: automobile_factory -> result=0 (впервые)
ProdTypeGate: automobile_factory -> result=0 (впервые)
ProdTypeGate: automobile_factory -> result=0 (впервые)
ProdTypeGate: automobile_factory -> result=0 (впервые)
ProdTypeGate: automobile_factory -> result=0 (впервые)
ProdTypeGate: automobile_factory -> result=0 (впервые)
ProdTypeGate: automobile_factory -> result=0 (впервые)
ProdTypeGate: automobile_factory -> result=0 (впервые)
ProdTypeGate: automobile_factory -> result=0 (впервые)
ProdTypeGate: automobile_factory -> result=0 (впервые)
ProdTypeGate: automobile_factory -> result=0 (впервые)
ProdTypeGate: automobile_factory -> result=0 (впервые)
ProdTypeGate: automobile_factory -> result=0 (впервые)
ProdTypeGate: automobile_factory -> result=0 (впервые)
ProdTypeGate: automobile_factory -> result=0 (впервые)
ProdTypeGate: automobile_factory -> result=0 (впервые)
ProdTypeGate: automobile_factory -> result=0 (впервые)
ProdTypeGate: automobile_factory -> result=0 (впервые)
ProdTypeGate: automobile_factory -> result=0 (впервые)
ProdTypeGate: automobile_factory -> result=0 (впервые)
ProdTypeGate: electric_gear_factory -> result=0 (впервые)
ProdTypeGate: automobile_factory -> result=0 (впервые)
ProdTypeGate: telephone_factory -> result=0 (впервые)
ProdTypeGate: explosives_factory -> result=0 (впервые)
ProdTypeGate: rubber_factory -> result=1 (впервые)
ProdTypeGate: explosives_factory -> result=0 (впервые)
ProdTypeGate: small_arms_factory -> result=0 (впервые)
ProdTypeGate: telephone_factory -> result=0 (впервые)
ProdTypeGate: telephone_factory -> result=0 (впервые)
ProdTypeGate: telephone_factory -> result=0 (впервые)
ProdTypeGate: telephone_factory -> result=0 (впервые)
ProdTypeGate: telephone_factory -> result=0 (впервые)
ProdTypeGate: electric_gear_factory -> result=0 (впервые)
ProdTypeGate: electric_gear_factory -> result=0 (впервые)
ProdTypeGate: electric_gear_factory -> result=0 (впервые)
ProdTypeGate: electric_gear_factory -> result=0 (впервые)
ProdTypeGate: telephone_factory -> result=0 (впервые)
ProdTypeGate: explosives_factory -> result=0 (впервые)
ProdTypeGate: telephone_factory -> result=0 (впервые)
ProdTypeGate: rubber_factory -> result=1 (впервые)
ProdTypeGate: explosives_factory -> result=0 (впервые)
ProdTypeGate: small_arms_factory -> result=0 (впервые)
ProdTypeGate: explosives_factory -> result=0 (впервые)
ProdTypeGate: explosives_factory -> result=0 (впервые)
ProdTypeGate: small_arms_factory -> result=0 (впервые)
ProdTypeGate: electric_gear_factory -> result=0 (впервые)
ProdTypeGate: electric_gear_factory -> result=0 (впервые)
ProdTypeGate: electric_gear_factory -> result=0 (впервые)
ProdTypeGate: electric_gear_factory -> result=0 (впервые)
ProdTypeGate: electric_gear_factory -> result=0 (впервые)
ProdTypeGate: telephone_factory -> result=0 (впервые)
ProdTypeGate: rubber_factory -> result=1 (впервые)
ProdTypeGate: small_arms_factory -> result=0 (впервые)
ProdTypeGate: explosives_factory -> result=0 (впервые)
ProdTypeGate: explosives_factory -> result=0 (впервые)
ProdTypeGate: small_arms_factory -> result=0 (впервые)
ProdTypeGate: explosives_factory -> result=0 (впервые)
ProdTypeGate: small_arms_factory -> result=0 (впервые)
ProdTypeGate: electric_gear_factory -> result=0 (впервые)
ProdTypeGate: electric_gear_factory -> result=0 (впервые)
ProdTypeGate: electric_gear_factory -> result=0 (впервые)
ProdTypeGate: electric_gear_factory -> result=0 (впервые)
ProdTypeGate: electric_gear_factory -> result=0 (впервые)
ProdTypeGate: electric_gear_factory -> result=0 (впервые)
ProdTypeGate: electric_gear_factory -> result=0 (впервые)
ProdTypeGate: electric_gear_factory -> result=0 (впервые)
ProdTypeGate: electric_gear_factory -> result=0 (впервые)
ProdTypeGate: electric_gear_factory -> result=0 (впервые)
ProdTypeGate: electric_gear_factory -> result=0 (впервые)
ProdTypeGate: electric_gear_factory -> result=0 (впервые)
ProdTypeGate: electric_gear_factory -> result=0 (впервые)
ProdTypeGate: electric_gear_factory -> result=0 (впервые)
ProdTypeGate: electric_gear_factory -> result=0 (впервые)
ProdTypeGate: electric_gear_factory -> result=0 (впервые)
ProdTypeGate: electric_gear_factory -> result=0 (впервые)
ProdTypeGate: electric_gear_factory -> result=0 (впервые)
ProdTypeGate: electric_gear_factory -> result=0 (впервые)
ProdTypeGate: electric_gear_factory -> result=0 (впервые)
ProdTypeGate: electric_gear_factory -> result=0 (впервые)
ProdTypeGate: electric_gear_factory -> result=0 (впервые)
ProdTypeGate: electric_gear_factory -> result=0 (впервые)
ProdTypeGate: telephone_factory -> result=0 (впервые)
ProdTypeGate: explosives_factory -> result=0 (впервые)
ProdTypeGate: explosives_factory -> result=0 (впервые)
ProdTypeGate: small_arms_factory -> result=0 (впервые)
ProdTypeGate: explosives_factory -> result=0 (впервые)
ProdTypeGate: small_arms_factory -> result=0 (впервые)
ProdTypeGate: telephone_factory -> result=0 (впервые)
ProdTypeGate: telephone_factory -> result=0 (впервые)
ProdTypeGate: electric_gear_factory -> result=0 (впервые)
ProdTypeGate: electric_gear_factory -> result=0 (впервые)
ProdTypeGate: telephone_factory -> result=0 (впервые)
ProdTypeGate: telephone_factory -> result=0 (впервые)
ProdTypeGate: explosives_factory -> result=0 (впервые)
ProdTypeGate: rubber_factory -> result=1 (впервые)
ProdTypeGate: explosives_factory -> result=0 (впервые)
ProdTypeGate: small_arms_factory -> result=0 (впервые)
ProdTypeGate: explosives_factory -> result=0 (впервые)
ProdTypeGate: small_arms_factory -> result=0 (впервые)
ProdTypeGate: explosives_factory -> result=0 (впервые)
ProdTypeGate: small_arms_factory -> result=0 (впервые)
ProdTypeGate: telephone_factory -> result=0 (впервые)
ProdTypeGate: rubber_factory -> result=1 (впервые)
ProdTypeGate: explosives_factory -> result=0 (впервые)
ProdTypeGate: small_arms_factory -> result=0 (впервые)
ProdTypeGate: explosives_factory -> result=0 (впервые)
ProdTypeGate: explosives_factory -> result=0 (впервые)
ProdTypeGate: small_arms_factory -> result=0 (впервые)
ProdTypeGate: electric_gear_factory -> result=0 (впервые)
ProdTypeGate: electric_gear_factory -> result=0 (впервые)
ProdTypeGate: electric_gear_factory -> result=0 (впервые)
ProdTypeGate: electric_gear_factory -> result=0 (впервые)
ProdTypeGate: electric_gear_factory -> result=0 (впервые)
ProdTypeGate: electric_gear_factory -> result=0 (впервые)
ProdTypeGate: electric_gear_factory -> result=0 (впервые)
ProdTypeGate: electric_gear_factory -> result=0 (впервые)
ProdTypeGate: electric_gear_factory -> result=0 (впервые)
ProdTypeGate: electric_gear_factory -> result=0 (впервые)
ProdTypeGate: electric_gear_factory -> result=0 (впервые)
ProdTypeGate: electric_gear_factory -> result=0 (впервые)
ProdTypeGate: electric_gear_factory -> result=0 (впервые)
ProdTypeGate: electric_gear_factory -> result=0 (впервые)
ProdTypeGate: electric_gear_factory -> result=0 (впервые)
ProdTypeGate: electric_gear_factory -> result=0 (впервые)
ProdTypeGate: electric_gear_factory -> result=0 (впервые)
ProdTypeGate: telephone_factory -> result=0 (впервые)
ProdTypeGate: rubber_factory -> result=1 (впервые)
ProdTypeGate: explosives_factory -> result=0 (впервые)
ProdTypeGate: small_arms_factory -> result=0 (впервые)
ProdTypeGate: explosives_factory -> result=0 (впервые)
ProdTypeGate: rubber_factory -> result=1 (впервые)
ProdTypeGate: explosives_factory -> result=0 (впервые)
ProdTypeGate: small_arms_factory -> result=0 (впервые)
ProdTypeGate: explosives_factory -> result=0 (впервые)
ProdTypeGate: small_arms_factory -> result=0 (впервые)
ProdTypeGate: telephone_factory -> result=0 (впервые)
ProdTypeGate: explosives_factory -> result=0 (впервые)
ProdTypeGate: explosives_factory -> result=0 (впервые)
ProdTypeGate: small_arms_factory -> result=0 (впервые)
ProdTypeGate: telephone_factory -> result=0 (впервые)
ProdTypeGate: telephone_factory -> result=0 (впервые)
ProdTypeGate: telephone_factory -> result=0 (впервые)
ProdTypeGate: telephone_factory -> result=0 (впервые)
ProdTypeGate: telephone_factory -> result=0 (впервые)
ProdTypeGate: telephone_factory -> result=0 (впервые)
ProdTypeGate: telephone_factory -> result=0 (впервые)
ProdTypeGate: telephone_factory -> result=0 (впервые)
ProdTypeGate: telephone_factory -> result=0 (впервые)
ProdTypeGate: telephone_factory -> result=0 (впервые)
ProdTypeGate: telephone_factory -> result=0 (впервые)
ProdTypeGate: telephone_factory -> result=0 (впервые)
ProdTypeGate: telephone_factory -> result=0 (впервые)
ProdTypeGate: telephone_factory -> result=0 (впервые)
ProdTypeGate: telephone_factory -> result=0 (впервые)
ProdTypeGate: telephone_factory -> result=0 (впервые)
ProdTypeGate: telephone_factory -> result=0 (впервые)
ProdTypeGate: telephone_factory -> result=0 (впервые)
ProdTypeGate: telephone_factory -> result=0 (впервые)
ProdTypeGate: telephone_factory -> result=0 (впервые)
ProdTypeGate: telephone_factory -> result=0 (впервые)
ProdTypeGate: telephone_factory -> result=0 (впервые)
ProdTypeGate: telephone_factory -> result=0 (впервые)
ProdTypeGate: telephone_factory -> result=0 (впервые)
ProdTypeGate: telephone_factory -> result=0 (впервые)
ProdTypeGate: telephone_factory -> result=0 (впервые)
ProdTypeGate: telephone_factory -> result=0 (впервые)
ProdTypeGate: electric_gear_factory -> result=0 (впервые)
ProdTypeGate: electric_gear_factory -> result=0 (впервые)
ProdTypeGate: telephone_factory -> result=0 (впервые)
ProdTypeGate: telephone_factory -> result=0 (впервые)
ProdTypeGate: rubber_factory -> result=1 (впервые)
ProdTypeGate: explosives_factory -> result=0 (впервые)
ProdTypeGate: small_arms_factory -> result=0 (впервые)
ProdTypeGate: rubber_factory -> result=1 (впервые)
ProdTypeGate: small_arms_factory -> result=0 (впервые)
ProdTypeGate: rubber_factory -> result=1 (впервые)
ProdTypeGate: explosives_factory -> result=0 (впервые)
ProdTypeGate: small_arms_factory -> result=0 (впервые)
ProdTypeGate: explosives_factory -> result=0 (впервые)
ProdTypeGate: explosives_factory -> result=0 (впервые)
ProdTypeGate: small_arms_factory -> result=0 (впервые)
ProdTypeGate: telephone_factory -> result=0 (впервые)
ProdTypeGate: explosives_factory -> result=0 (впервые)
ProdTypeGate: rubber_factory -> result=1 (впервые)
ProdTypeGate: explosives_factory -> result=0 (впервые)
ProdTypeGate: small_arms_factory -> result=0 (впервые)
ProdTypeGate: explosives_factory -> result=0 (впервые)
ProdTypeGate: small_arms_factory -> result=0 (впервые)
ProdTypeGate: automobile_factory -> result=0 (впервые)
ProdTypeGate: automobile_factory -> result=0 (впервые)
ProdTypeGate: automobile_factory -> result=0 (впервые)
ProdTypeGate: automobile_factory -> result=0 (впервые)
ProdTypeGate: automobile_factory -> result=0 (впервые)
ProdTypeGate: automobile_factory -> result=0 (впервые)
ProdTypeGate: automobile_factory -> result=0 (впервые)
ProdTypeGate: automobile_factory -> result=0 (впервые)
ProdTypeGate: automobile_factory -> result=0 (впервые)
ProdTypeGate: automobile_factory -> result=0 (впервые)
ProdTypeGate: automobile_factory -> result=0 (впервые)
ProdTypeGate: automobile_factory -> result=0 (впервые)
ProdTypeGate: automobile_factory -> result=0 (впервые)
ProdTypeGate: automobile_factory -> result=0 (впервые)
ProdTypeGate: automobile_factory -> result=0 (впервые)
ProdTypeGate: automobile_factory -> result=0 (впервые)
ProdTypeGate: automobile_factory -> result=0 (впервые)
ProdTypeGate: automobile_factory -> result=0 (впервые)
ProdTypeGate: automobile_factory -> result=0 (впервые)
ProdTypeGate: automobile_factory -> result=0 (впервые)
ProdTypeGate: automobile_factory -> result=0 (впервые)
ProdTypeGate: automobile_factory -> result=0 (впервые)
ProdTypeGate: automobile_factory -> result=0 (впервые)
ProdTypeGate: automobile_factory -> result=0 (впервые)
ProdTypeGate: automobile_factory -> result=0 (впервые)
ProdTypeGate: automobile_factory -> result=0 (впервые)
ProdTypeGate: automobile_factory -> result=0 (впервые)
ProdTypeGate: automobile_factory -> result=0 (впервые)
ProdTypeGate: automobile_factory -> result=0 (впервые)
ProdTypeGate: automobile_factory -> result=0 (впервые)
ProdTypeGate: automobile_factory -> result=0 (впервые)
ProdTypeGate: automobile_factory -> result=0 (впервые)
ProdTypeGate: automobile_factory -> result=0 (впервые)
ProdTypeGate: automobile_factory -> result=0 (впервые)
ProdTypeGate: automobile_factory -> result=0 (впервые)
ProdTypeGate: automobile_factory -> result=0 (впервые)
ProdTypeGate: automobile_factory -> result=0 (впервые)
ProdTypeGate: automobile_factory -> result=0 (впервые)
ProdTypeGate: automobile_factory -> result=0 (впервые)
ProdTypeGate: automobile_factory -> result=0 (впервые)
ProdTypeGate: automobile_factory -> result=0 (впервые)
ProdTypeGate: automobile_factory -> result=0 (впервые)
ProdTypeGate: automobile_factory -> result=0 (впервые)
ProdTypeGate: automobile_factory -> result=0 (впервые)
ProdTypeGate: automobile_factory -> result=0 (впервые)
ProdTypeGate: automobile_factory -> result=0 (впервые)
ProdTypeGate: automobile_factory -> result=0 (впервые)
ProdTypeGate: automobile_factory -> result=0 (впервые)
ProdTypeGate: automobile_factory -> result=0 (впервые)
ProdTypeGate: automobile_factory -> result=0 (впервые)
ProdTypeGate: automobile_factory -> result=0 (впервые)
ProdTypeGate: automobile_factory -> result=0 (впервые)
ProdTypeGate: automobile_factory -> result=0 (впервые)
ProdTypeGate: automobile_factory -> result=0 (впервые)
ProdTypeGate: automobile_factory -> result=0 (впервые)
ProdTypeGate: automobile_factory -> result=0 (впервые)
ProdTypeGate: automobile_factory -> result=0 (впервые)
ProdTypeGate: telephone_factory -> result=0 (впервые)
ProdTypeGate: telephone_factory -> result=0 (впервые)
ProdTypeGate: telephone_factory -> result=0 (впервые)
ProdTypeGate: telephone_factory -> result=0 (впервые)
ProdTypeGate: telephone_factory -> result=0 (впервые)
ProdTypeGate: telephone_factory -> result=0 (впервые)
ProdTypeGate: automobile_factory -> result=0 (впервые)
ProdTypeGate: telephone_factory -> result=0 (впервые)
ProdTypeGate: telephone_factory -> result=0 (впервые)
ProdTypeGate: explosives_factory -> result=0 (впервые)
ProdTypeGate: explosives_factory -> result=0 (впервые)
ProdTypeGate: small_arms_factory -> result=0 (впервые)
ProdTypeGate: telephone_factory -> result=0 (впервые)
ProdTypeGate: telephone_factory -> result=0 (впервые)
ProdTypeGate: telephone_factory -> result=0 (впервые)
ProdTypeGate: telephone_factory -> result=0 (впервые)
ProdTypeGate: telephone_factory -> result=0 (впервые)
ProdTypeGate: telephone_factory -> result=0 (впервые)
ProdTypeGate: telephone_factory -> result=0 (впервые)
ProdTypeGate: telephone_factory -> result=0 (впервые)
ProdTypeGate: telephone_factory -> result=0 (впервые)
ProdTypeGate: telephone_factory -> result=0 (впервые)
ProdTypeGate: telephone_factory -> result=0 (впервые)
ProdTypeGate: telephone_factory -> result=0 (впервые)
ProdTypeGate: telephone_factory -> result=0 (впервые)
ProdTypeGate: telephone_factory -> result=0 (впервые)
ProdTypeGate: telephone_factory -> result=0 (впервые)
ProdTypeGate: telephone_factory -> result=0 (впервые)
ProdTypeGate: explosives_factory -> result=0 (впервые)
ProdTypeGate: rubber_factory -> result=1 (впервые)
ProdTypeGate: explosives_factory -> result=0 (впервые)
ProdTypeGate: small_arms_factory -> result=0 (впервые)
ProdTypeGate: electric_gear_factory -> result=0 (впервые)
ProdTypeGate: electric_gear_factory -> result=0 (впервые)
ProdTypeGate: electric_gear_factory -> result=0 (впервые)
ProdTypeGate: electric_gear_factory -> result=0 (впервые)
ProdTypeGate: electric_gear_factory -> result=0 (впервые)
ProdTypeGate: electric_gear_factory -> result=0 (впервые)
ProdTypeGate: electric_gear_factory -> result=0 (впервые)
ProdTypeGate: electric_gear_factory -> result=0 (впервые)
ProdTypeGate: electric_gear_factory -> result=0 (впервые)
ProdTypeGate: electric_gear_factory -> result=0 (впервые)
ProdTypeGate: electric_gear_factory -> result=0 (впервые)
ProdTypeGate: electric_gear_factory -> result=0 (впервые)
ProdTypeGate: electric_gear_factory -> result=0 (впервые)
ProdTypeGate: electric_gear_factory -> result=0 (впервые)
ProdTypeGate: electric_gear_factory -> result=0 (впервые)
ProdTypeGate: electric_gear_factory -> result=0 (впервые)
ProdTypeGate: electric_gear_factory -> result=0 (впервые)
ProdTypeGate: electric_gear_factory -> result=0 (впервые)
ProdTypeGate: electric_gear_factory -> result=0 (впервые)
ProdTypeGate: telephone_factory -> result=0 (впервые)
ProdTypeGate: explosives_factory -> result=0 (впервые)
ProdTypeGate: telephone_factory -> result=0 (впервые)
ProdTypeGate: explosives_factory -> result=0 (впервые)
ProdTypeGate: rubber_factory -> result=1 (впервые)
ProdTypeGate: explosives_factory -> result=0 (впервые)
ProdTypeGate: small_arms_factory -> result=0 (впервые)
ProdTypeGate: explosives_factory -> result=0 (впервые)
ProdTypeGate: small_arms_factory -> result=0 (впервые)
ProdTypeGate: telephone_factory -> result=0 (впервые)
ProdTypeGate: rubber_factory -> result=1 (впервые)
ProdTypeGate: explosives_factory -> result=0 (впервые)
ProdTypeGate: small_arms_factory -> result=0 (впервые)
ProdTypeGate: rubber_factory -> result=1 (впервые)
ProdTypeGate: explosives_factory -> result=0 (впервые)
ProdTypeGate: small_arms_factory -> result=0 (впервые)
ProdTypeGate: rubber_factory -> result=1 (впервые)
ProdTypeGate: explosives_factory -> result=0 (впервые)
ProdTypeGate: small_arms_factory -> result=0 (впервые)
ProdTypeGate: explosives_factory -> result=0 (впервые)
ProdTypeGate: explosives_factory -> result=0 (впервые)
ProdTypeGate: small_arms_factory -> result=0 (впервые)
ProdTypeGate: automobile_factory -> result=0 (впервые)
ProdTypeGate: automobile_factory -> result=0 (впервые)
ProdTypeGate: automobile_factory -> result=0 (впервые)
ProdTypeGate: automobile_factory -> result=0 (впервые)
ProdTypeGate: automobile_factory -> result=0 (впервые)
ProdTypeGate: automobile_factory -> result=0 (впервые)
ProdTypeGate: automobile_factory -> result=0 (впервые)
ProdTypeGate: automobile_factory -> result=0 (впервые)
ProdTypeGate: automobile_factory -> result=0 (впервые)
ProdTypeGate: automobile_factory -> result=0 (впервые)
ProdTypeGate: automobile_factory -> result=0 (впервые)
ProdTypeGate: automobile_factory -> result=0 (впервые)
ProdTypeGate: automobile_factory -> result=0 (впервые)
ProdTypeGate: automobile_factory -> result=0 (впервые)
ProdTypeGate: automobile_factory -> result=0 (впервые)
ProdTypeGate: automobile_factory -> result=0 (впервые)
ProdTypeGate: automobile_factory -> result=0 (впервые)
ProdTypeGate: automobile_factory -> result=0 (впервые)
ProdTypeGate: automobile_factory -> result=0 (впервые)
ProdTypeGate: automobile_factory -> result=0 (впервые)
ProdTypeGate: automobile_factory -> result=0 (впервые)
ProdTypeGate: automobile_factory -> result=0 (впервые)
ProdTypeGate: automobile_factory -> result=0 (впервые)
ProdTypeGate: automobile_factory -> result=0 (впервые)
ProdTypeGate: automobile_factory -> result=0 (впервые)
ProdTypeGate: automobile_factory -> result=0 (впервые)
ProdTypeGate: automobile_factory -> result=0 (впервые)
ProdTypeGate: automobile_factory -> result=0 (впервые)
ProdTypeGate: automobile_factory -> result=0 (впервые)
ProdTypeGate: automobile_factory -> result=0 (впервые)
ProdTypeGate: automobile_factory -> result=0 (впервые)
ProdTypeGate: automobile_factory -> result=0 (впервые)
ProdTypeGate: electric_gear_factory -> result=0 (впервые)
ProdTypeGate: electric_gear_factory -> result=0 (впервые)
ProdTypeGate: electric_gear_factory -> result=0 (впервые)
ProdTypeGate: electric_gear_factory -> result=0 (впервые)
ProdTypeGate: automobile_factory -> result=0 (впервые)
ProdTypeGate: telephone_factory -> result=0 (впервые)
ProdTypeGate: explosives_factory -> result=0 (впервые)
ProdTypeGate: explosives_factory -> result=0 (впервые)
ProdTypeGate: small_arms_factory -> result=0 (впервые)
ProdTypeGate: explosives_factory -> result=0 (впервые)
ProdTypeGate: small_arms_factory -> result=0 (впервые)
ProdTypeGate: electric_gear_factory -> result=0 (впервые)
ProdTypeGate: electric_gear_factory -> result=0 (впервые)
ProdTypeGate: electric_gear_factory -> result=0 (впервые)
ProdTypeGate: electric_gear_factory -> result=0 (впервые)
ProdTypeGate: electric_gear_factory -> result=0 (впервые)
ProdTypeGate: electric_gear_factory -> result=0 (впервые)
ProdTypeGate: electric_gear_factory -> result=0 (впервые)
ProdTypeGate: electric_gear_factory -> result=0 (впервые)
ProdTypeGate: electric_gear_factory -> result=0 (впервые)
ProdTypeGate: electric_gear_factory -> result=0 (впервые)
ProdTypeGate: electric_gear_factory -> result=0 (впервые)
ProdTypeGate: electric_gear_factory -> result=0 (впервые)
ProdTypeGate: electric_gear_factory -> result=0 (впервые)
ProdTypeGate: electric_gear_factory -> result=0 (впервые)
ProdTypeGate: electric_gear_factory -> result=0 (впервые)
ProdTypeGate: electric_gear_factory -> result=0 (впервые)
ProdTypeGate: electric_gear_factory -> result=0 (впервые)
ProdTypeGate: telephone_factory -> result=0 (впервые)
ProdTypeGate: rubber_factory -> result=1 (впервые)
ProdTypeGate: explosives_factory -> result=0 (впервые)
ProdTypeGate: small_arms_factory -> result=0 (впервые)
ProdTypeGate: explosives_factory -> result=0 (впервые)
ProdTypeGate: rubber_factory -> result=1 (впервые)
ProdTypeGate: explosives_factory -> result=0 (впервые)
ProdTypeGate: small_arms_factory -> result=0 (впервые)
ProdTypeGate: explosives_factory -> result=0 (впервые)
ProdTypeGate: small_arms_factory -> result=0 (впервые)
ProdTypeGate: automobile_factory -> result=0 (впервые)
ProdTypeGate: automobile_factory -> result=0 (впервые)
ProdTypeGate: automobile_factory -> result=0 (впервые)
ProdTypeGate: automobile_factory -> result=0 (впервые)
ProdTypeGate: automobile_factory -> result=0 (впервые)
ProdTypeGate: automobile_factory -> result=0 (впервые)
ProdTypeGate: automobile_factory -> result=0 (впервые)
ProdTypeGate: automobile_factory -> result=0 (впервые)
ProdTypeGate: automobile_factory -> result=0 (впервые)
ProdTypeGate: automobile_factory -> result=0 (впервые)
ProdTypeGate: automobile_factory -> result=0 (впервые)
ProdTypeGate: automobile_factory -> result=0 (впервые)
ProdTypeGate: automobile_factory -> result=0 (впервые)
ProdTypeGate: automobile_factory -> result=0 (впервые)
ProdTypeGate: automobile_factory -> result=0 (впервые)
ProdTypeGate: automobile_factory -> result=0 (впервые)
ProdTypeGate: automobile_factory -> result=0 (впервые)
ProdTypeGate: automobile_factory -> result=0 (впервые)
ProdTypeGate: automobile_factory -> result=0 (впервые)
ProdTypeGate: automobile_factory -> result=0 (впервые)
ProdTypeGate: automobile_factory -> result=0 (впервые)
ProdTypeGate: automobile_factory -> result=0 (впервые)
ProdTypeGate: automobile_factory -> result=0 (впервые)
ProdTypeGate: automobile_factory -> result=0 (впервые)
ProdTypeGate: automobile_factory -> result=0 (впервые)
ProdTypeGate: automobile_factory -> result=0 (впервые)
ProdTypeGate: automobile_factory -> result=0 (впервые)
ProdTypeGate: automobile_factory -> result=0 (впервые)
ProdTypeGate: automobile_factory -> result=0 (впервые)
ProdTypeGate: automobile_factory -> result=0 (впервые)
ProdTypeGate: automobile_factory -> result=0 (впервые)
ProdTypeGate: automobile_factory -> result=0 (впервые)
ProdTypeGate: telephone_factory -> result=0 (впервые)
ProdTypeGate: telephone_factory -> result=0 (впервые)
ProdTypeGate: telephone_factory -> result=0 (впервые)
ProdTypeGate: telephone_factory -> result=0 (впервые)
ProdTypeGate: electric_gear_factory -> result=0 (впервые)
ProdTypeGate: electric_gear_factory -> result=0 (впервые)
ProdTypeGate: electric_gear_factory -> result=0 (впервые)
ProdTypeGate: electric_gear_factory -> result=0 (впервые)
ProdTypeGate: electric_gear_factory -> result=0 (впервые)
ProdTypeGate: electric_gear_factory -> result=0 (впервые)
ProdTypeGate: electric_gear_factory -> result=0 (впервые)
ProdTypeGate: electric_gear_factory -> result=0 (впервые)
ProdTypeGate: electric_gear_factory -> result=0 (впервые)
ProdTypeGate: electric_gear_factory -> result=0 (впервые)
ProdTypeGate: electric_gear_factory -> result=0 (впервые)
ProdTypeGate: electric_gear_factory -> result=0 (впервые)
ProdTypeGate: electric_gear_factory -> result=0 (впервые)
ProdTypeGate: electric_gear_factory -> result=0 (впервые)
ProdTypeGate: electric_gear_factory -> result=0 (впервые)
ProdTypeGate: electric_gear_factory -> result=0 (впервые)
ProdTypeGate: electric_gear_factory -> result=0 (впервые)
ProdTypeGate: electric_gear_factory -> result=0 (впервые)
ProdTypeGate: electric_gear_factory -> result=0 (впервые)
ProdTypeGate: electric_gear_factory -> result=0 (впервые)
ProdTypeGate: electric_gear_factory -> result=0 (впервые)
ProdTypeGate: electric_gear_factory -> result=0 (впервые)
ProdTypeGate: automobile_factory -> result=0 (впервые)
ProdTypeGate: electric_gear_factory -> result=0 (впервые)
ProdTypeGate: telephone_factory -> result=0 (впервые)
ProdTypeGate: rubber_factory -> result=1 (впервые)
ProdTypeGate: explosives_factory -> result=0 (впервые)
ProdTypeGate: small_arms_factory -> result=0 (впервые)
ProdTypeGate: explosives_factory -> result=0 (впервые)
ProdTypeGate: telephone_factory -> result=0 (впервые)
ProdTypeGate: rubber_factory -> result=1 (впервые)
ProdTypeGate: explosives_factory -> result=0 (впервые)
ProdTypeGate: small_arms_factory -> result=0 (впервые)
ProdTypeGate: rubber_factory -> result=1 (впервые)
ProdTypeGate: explosives_factory -> result=0 (впервые)
ProdTypeGate: small_arms_factory -> result=0 (впервые)
ProdTypeGate: explosives_factory -> result=0 (впервые)
ProdTypeGate: rubber_factory -> result=1 (впервые)
ProdTypeGate: explosives_factory -> result=0 (впервые)
ProdTypeGate: small_arms_factory -> result=0 (впервые)
ProdTypeGate: explosives_factory -> result=0 (впервые)
ProdTypeGate: small_arms_factory -> result=0 (впервые)
ProdTypeGate: electric_gear_factory -> result=0 (впервые)
ProdTypeGate: electric_gear_factory -> result=0 (впервые)
ProdTypeGate: electric_gear_factory -> result=0 (впервые)
ProdTypeGate: electric_gear_factory -> result=0 (впервые)
ProdTypeGate: electric_gear_factory -> result=0 (впервые)
ProdTypeGate: electric_gear_factory -> result=0 (впервые)
ProdTypeGate: electric_gear_factory -> result=0 (впервые)
ProdTypeGate: electric_gear_factory -> result=0 (впервые)
ProdTypeGate: electric_gear_factory -> result=0 (впервые)
ProdTypeGate: electric_gear_factory -> result=0 (впервые)
ProdTypeGate: electric_gear_factory -> result=0 (впервые)
ProdTypeGate: electric_gear_factory -> result=0 (впервые)
ProdTypeGate: electric_gear_factory -> result=0 (впервые)
ProdTypeGate: electric_gear_factory -> result=0 (впервые)
ProdTypeGate: electric_gear_factory -> result=0 (впервые)
ProdTypeGate: electric_gear_factory -> result=0 (впервые)
ProdTypeGate: electric_gear_factory -> result=0 (впервые)
ProdTypeGate: electric_gear_factory -> result=0 (впервые)
ProdTypeGate: electric_gear_factory -> result=0 (впервые)
ProdTypeGate: electric_gear_factory -> result=0 (впервые)
ProdTypeGate: electric_gear_factory -> result=0 (впервые)
ProdTypeGate: electric_gear_factory -> result=0 (впервые)
ProdTypeGate: electric_gear_factory -> result=0 (впервые)
ProdTypeGate: telephone_factory -> result=0 (впервые)
ProdTypeGate: rubber_factory -> result=1 (впервые)
ProdTypeGate: explosives_factory -> result=0 (впервые)
ProdTypeGate: small_arms_factory -> result=0 (впервые)
ProdTypeGate: rubber_factory -> result=1 (впервые)
ProdTypeGate: explosives_factory -> result=0 (впервые)
ProdTypeGate: small_arms_factory -> result=0 (впервые)
ProdTypeGate: explosives_factory -> result=0 (впервые)
ProdTypeGate: rubber_factory -> result=1 (впервые)
ProdTypeGate: explosives_factory -> result=0 (впервые)
ProdTypeGate: small_arms_factory -> result=0 (впервые)
ProdTypeGate: explosives_factory -> result=0 (впервые)
ProdTypeGate: small_arms_factory -> result=0 (впервые)
ProdTypeGate: electric_gear_factory -> result=0 (впервые)
ProdTypeGate: electric_gear_factory -> result=0 (впервые)
ProdTypeGate: electric_gear_factory -> result=0 (впервые)
ProdTypeGate: electric_gear_factory -> result=0 (впервые)
ProdTypeGate: telephone_factory -> result=0 (впервые)
ProdTypeGate: rubber_factory -> result=1 (впервые)
ProdTypeGate: explosives_factory -> result=0 (впервые)
ProdTypeGate: small_arms_factory -> result=0 (впервые)
ProdTypeGate: explosives_factory -> result=0 (впервые)
ProdTypeGate: explosives_factory -> result=0 (впервые)
ProdTypeGate: small_arms_factory -> result=0 (впервые)
ProdTypeGate: explosives_factory -> result=0 (впервые)
ProdTypeGate: small_arms_factory -> result=0 (впервые)
ProdTypeGate: electric_gear_factory -> result=0 (впервые)
ProdTypeGate: electric_gear_factory -> result=0 (впервые)
ProdTypeGate: electric_gear_factory -> result=0 (впервые)
ProdTypeGate: electric_gear_factory -> result=0 (впервые)
ProdTypeGate: electric_gear_factory -> result=0 (впервые)
ProdTypeGate: electric_gear_factory -> result=0 (впервые)
ProdTypeGate: electric_gear_factory -> result=0 (впервые)
ProdTypeGate: electric_gear_factory -> result=0 (впервые)
ProdTypeGate: electric_gear_factory -> result=0 (впервые)
ProdTypeGate: electric_gear_factory -> result=0 (впервые)
ProdTypeGate: electric_gear_factory -> result=0 (впервые)
ProdTypeGate: electric_gear_factory -> result=0 (впервые)
ProdTypeGate: electric_gear_factory -> result=0 (впервые)
ProdTypeGate: electric_gear_factory -> result=0 (впервые)
ProdTypeGate: electric_gear_factory -> result=0 (впервые)
ProdTypeGate: electric_gear_factory -> result=0 (впервые)
ProdTypeGate: electric_gear_factory -> result=0 (впервые)
ProdTypeGate: electric_gear_factory -> result=0 (впервые)
ProdTypeGate: electric_gear_factory -> result=0 (впервые)
ProdTypeGate: electric_gear_factory -> result=0 (впервые)
ProdTypeGate: electric_gear_factory -> result=0 (впервые)
ProdTypeGate: electric_gear_factory -> result=0 (впервые)
ProdTypeGate: electric_gear_factory -> result=0 (впервые)
ProdTypeGate: electric_gear_factory -> result=0 (впервые)
ProdTypeGate: electric_gear_factory -> result=0 (впервые)
ProdTypeGate: electric_gear_factory -> result=0 (впервые)
ProdTypeGate: electric_gear_factory -> result=0 (впервые)
ProdTypeGate: electric_gear_factory -> result=0 (впервые)
ProdTypeGate: electric_gear_factory -> result=0 (впервые)
ProdTypeGate: electric_gear_factory -> result=0 (впервые)
ProdTypeGate: electric_gear_factory -> result=0 (впервые)
ProdTypeGate: electric_gear_factory -> result=0 (впервые)
ProdTypeGate: electric_gear_factory -> result=0 (впервые)
ProdTypeGate: electric_gear_factory -> result=0 (впервые)
ProdTypeGate: electric_gear_factory -> result=0 (впервые)
ProdTypeGate: electric_gear_factory -> result=0 (впервые)
ProdTypeGate: electric_gear_factory -> result=0 (впервые)
ProdTypeGate: electric_gear_factory -> result=0 (впервые)
ProdTypeGate: electric_gear_factory -> result=0 (впервые)
ProdTypeGate: electric_gear_factory -> result=0 (впервые)
ProdTypeGate: electric_gear_factory -> result=0 (впервые)
ProdTypeGate: electric_gear_factory -> result=0 (впервые)
ProdTypeGate: electric_gear_factory -> result=0 (впервые)
ProdTypeGate: electric_gear_factory -> result=0 (впервые)
ProdTypeGate: telephone_factory -> result=0 (впервые)
ProdTypeGate: telephone_factory -> result=0 (впервые)
ProdTypeGate: telephone_factory -> result=0 (впервые)
ProdTypeGate: telephone_factory -> result=0 (впервые)
ProdTypeGate: telephone_factory -> result=0 (впервые)
ProdTypeGate: telephone_factory -> result=0 (впервые)
ProdTypeGate: telephone_factory -> result=0 (впервые)
ProdTypeGate: telephone_factory -> result=0 (впервые)
ProdTypeGate: telephone_factory -> result=0 (впервые)
ProdTypeGate: telephone_factory -> result=0 (впервые)
ProdTypeGate: telephone_factory -> result=0 (впервые)
ProdTypeGate: telephone_factory -> result=0 (впервые)
ProdTypeGate: telephone_factory -> result=0 (впервые)
ProdTypeGate: electric_gear_factory -> result=0 (впервые)
ProdTypeGate: electric_gear_factory -> result=0 (впервые)
ProdTypeGate: electric_gear_factory -> result=0 (впервые)
ProdTypeGate: electric_gear_factory -> result=0 (впервые)
ProdTypeGate: telephone_factory -> result=0 (впервые)
ProdTypeGate: telephone_factory -> result=0 (впервые)
ProdTypeGate: telephone_factory -> result=0 (впервые)
ProdTypeGate: telephone_factory -> result=0 (впервые)
ProdTypeGate: telephone_factory -> result=0 (впервые)
ProdTypeGate: telephone_factory -> result=0 (впервые)
ProdTypeGate: telephone_factory -> result=0 (впервые)
ProdTypeGate: telephone_factory -> result=0 (впервые)
ProdTypeGate: explosives_factory -> result=0 (впервые)
ProdTypeGate: rubber_factory -> result=1 (впервые)
ProdTypeGate: explosives_factory -> result=0 (впервые)
ProdTypeGate: small_arms_factory -> result=0 (впервые)
ProdTypeGate: explosives_factory -> result=0 (впервые)
ProdTypeGate: small_arms_factory -> result=0 (впервые)
ProdTypeGate: telephone_factory -> result=0 (впервые)
ProdTypeGate: explosives_factory -> result=0 (впервые)
ProdTypeGate: explosives_factory -> result=0 (впервые)
ProdTypeGate: small_arms_factory -> result=0 (впервые)
ProdTypeGate: telephone_factory -> result=0 (впервые)
ProdTypeGate: telephone_factory -> result=0 (впервые)
ProdTypeGate: telephone_factory -> result=0 (впервые)
ProdTypeGate: telephone_factory -> result=0 (впервые)
ProdTypeGate: telephone_factory -> result=0 (впервые)
ProdTypeGate: electric_gear_factory -> result=0 (впервые)
ProdTypeGate: electric_gear_factory -> result=0 (впервые)
ProdTypeGate: electric_gear_factory -> result=0 (впервые)
ProdTypeGate: electric_gear_factory -> result=0 (впервые)
ProdTypeGate: electric_gear_factory -> result=0 (впервые)
ProdTypeGate: telephone_factory -> result=0 (впервые)
ProdTypeGate: explosives_factory -> result=0 (впервые)
ProdTypeGate: rubber_factory -> result=1 (впервые)
ProdTypeGate: explosives_factory -> result=0 (впервые)
ProdTypeGate: small_arms_factory -> result=0 (впервые)
ProdTypeGate: explosives_factory -> result=0 (впервые)
ProdTypeGate: small_arms_factory -> result=0 (впервые)
ProdTypeGate: telephone_factory -> result=0 (впервые)
ProdTypeGate: rubber_factory -> result=1 (впервые)
ProdTypeGate: explosives_factory -> result=0 (впервые)
ProdTypeGate: small_arms_factory -> result=0 (впервые)
ProdTypeGate: explosives_factory -> result=0 (впервые)
ProdTypeGate: explosives_factory -> result=0 (впервые)
ProdTypeGate: small_arms_factory -> result=0 (впервые)
ProdTypeGate: automobile_factory -> result=0 (впервые)
ProdTypeGate: automobile_factory -> result=0 (впервые)
ProdTypeGate: automobile_factory -> result=0 (впервые)
ProdTypeGate: automobile_factory -> result=0 (впервые)
ProdTypeGate: automobile_factory -> result=0 (впервые)
ProdTypeGate: automobile_factory -> result=0 (впервые)
ProdTypeGate: automobile_factory -> result=0 (впервые)
ProdTypeGate: automobile_factory -> result=0 (впервые)
ProdTypeGate: automobile_factory -> result=0 (впервые)
ProdTypeGate: automobile_factory -> result=0 (впервые)
ProdTypeGate: automobile_factory -> result=0 (впервые)
ProdTypeGate: automobile_factory -> result=0 (впервые)
ProdTypeGate: automobile_factory -> result=0 (впервые)
ProdTypeGate: automobile_factory -> result=0 (впервые)
ProdTypeGate: automobile_factory -> result=0 (впервые)
ProdTypeGate: automobile_factory -> result=0 (впервые)
ProdTypeGate: automobile_factory -> result=0 (впервые)
ProdTypeGate: automobile_factory -> result=0 (впервые)
ProdTypeGate: automobile_factory -> result=0 (впервые)
ProdTypeGate: automobile_factory -> result=0 (впервые)
ProdTypeGate: automobile_factory -> result=0 (впервые)
ProdTypeGate: automobile_factory -> result=0 (впервые)
ProdTypeGate: automobile_factory -> result=0 (впервые)
ProdTypeGate: automobile_factory -> result=0 (впервые)
ProdTypeGate: automobile_factory -> result=0 (впервые)
ProdTypeGate: automobile_factory -> result=0 (впервые)
ProdTypeGate: automobile_factory -> result=0 (впервые)
ProdTypeGate: automobile_factory -> result=0 (впервые)
ProdTypeGate: automobile_factory -> result=0 (впервые)
ProdTypeGate: automobile_factory -> result=0 (впервые)
ProdTypeGate: automobile_factory -> result=0 (впервые)
ProdTypeGate: automobile_factory -> result=0 (впервые)
ProdTypeGate: automobile_factory -> result=0 (впервые)
ProdTypeGate: automobile_factory -> result=0 (впервые)
ProdTypeGate: automobile_factory -> result=0 (впервые)
ProdTypeGate: automobile_factory -> result=0 (впервые)
ProdTypeGate: automobile_factory -> result=0 (впервые)
ProdTypeGate: automobile_factory -> result=0 (впервые)
ProdTypeGate: automobile_factory -> result=0 (впервые)
ProdTypeGate: automobile_factory -> result=0 (впервые)
ProdTypeGate: automobile_factory -> result=0 (впервые)
ProdTypeGate: automobile_factory -> result=0 (впервые)
ProdTypeGate: automobile_factory -> result=0 (впервые)
ProdTypeGate: automobile_factory -> result=0 (впервые)
ProdTypeGate: automobile_factory -> result=0 (впервые)
ProdTypeGate: automobile_factory -> result=0 (впервые)
ProdTypeGate: automobile_factory -> result=0 (впервые)
ProdTypeGate: automobile_factory -> result=0 (впервые)
ProdTypeGate: automobile_factory -> result=0 (впервые)
ProdTypeGate: automobile_factory -> result=0 (впервые)
ProdTypeGate: automobile_factory -> result=0 (впервые)
ProdTypeGate: automobile_factory -> result=0 (впервые)
ProdTypeGate: automobile_factory -> result=0 (впервые)
ProdTypeGate: automobile_factory -> result=0 (впервые)
ProdTypeGate: automobile_factory -> result=0 (впервые)
ProdTypeGate: automobile_factory -> result=0 (впервые)
ProdTypeGate: automobile_factory -> result=0 (впервые)
ProdTypeGate: automobile_factory -> result=0 (впервые)
ProdTypeGate: telephone_factory -> result=0 (впервые)
ProdTypeGate: rubber_factory -> result=1 (впервые)
ProdTypeGate: explosives_factory -> result=0 (впервые)
ProdTypeGate: small_arms_factory -> result=0 (впервые)
ProdTypeGate: rubber_factory -> result=1 (впервые)
ProdTypeGate: explosives_factory -> result=0 (впервые)
ProdTypeGate: small_arms_factory -> result=0 (впервые)
ProdTypeGate: rubber_factory -> result=1 (впервые)
ProdTypeGate: explosives_factory -> result=0 (впервые)
ProdTypeGate: small_arms_factory -> result=0 (впервые)
ProdTypeGate: explosives_factory -> result=0 (впервые)
ProdTypeGate: telephone_factory -> result=0 (впервые)
ProdTypeGate: telephone_factory -> result=0 (впервые)
ProdTypeGate: telephone_factory -> result=0 (впервые)
ProdTypeGate: telephone_factory -> result=0 (впервые)
ProdTypeGate: telephone_factory -> result=0 (впервые)
ProdTypeGate: telephone_factory -> result=0 (впервые)
ProdTypeGate: telephone_factory -> result=0 (впервые)
ProdTypeGate: telephone_factory -> result=0 (впервые)
ProdTypeGate: telephone_factory -> result=0 (впервые)
ProdTypeGate: telephone_factory -> result=0 (впервые)
ProdTypeGate: telephone_factory -> result=0 (впервые)
ProdTypeGate: telephone_factory -> result=0 (впервые)
ProdTypeGate: telephone_factory -> result=0 (впервые)
ProdTypeGate: telephone_factory -> result=0 (впервые)
ProdTypeGate: telephone_factory -> result=0 (впервые)
ProdTypeGate: telephone_factory -> result=0 (впервые)
ProdTypeGate: telephone_factory -> result=0 (впервые)
ProdTypeGate: telephone_factory -> result=0 (впервые)
ProdTypeGate: telephone_factory -> result=0 (впервые)
ProdTypeGate: telephone_factory -> result=0 (впервые)
ProdTypeGate: telephone_factory -> result=0 (впервые)
ProdTypeGate: telephone_factory -> result=0 (впервые)
ProdTypeGate: telephone_factory -> result=0 (впервые)
ProdTypeGate: telephone_factory -> result=0 (впервые)
ProdTypeGate: telephone_factory -> result=0 (впервые)
ProdTypeGate: telephone_factory -> result=0 (впервые)
ProdTypeGate: telephone_factory -> result=0 (впервые)
ProdTypeGate: telephone_factory -> result=0 (впервые)
ProdTypeGate: telephone_factory -> result=0 (впервые)
ProdTypeGate: rubber_factory -> result=1 (впервые)
ProdTypeGate: explosives_factory -> result=0 (впервые)
ProdTypeGate: small_arms_factory -> result=0 (впервые)
ProdTypeGate: explosives_factory -> result=0 (впервые)
ProdTypeGate: rubber_factory -> result=1 (впервые)
ProdTypeGate: explosives_factory -> result=0 (впервые)
ProdTypeGate: small_arms_factory -> result=0 (впервые)
ProdTypeGate: explosives_factory -> result=0 (впервые)
ProdTypeGate: small_arms_factory -> result=0 (впервые)
ProdTypeGate: explosives_factory -> result=0 (впервые)
ProdTypeGate: small_arms_factory -> result=0 (впервые)
ProdTypeGate: telephone_factory -> result=0 (впервые)
ProdTypeGate: rubber_factory -> result=1 (впервые)
ProdTypeGate: explosives_factory -> result=0 (впервые)
ProdTypeGate: small_arms_factory -> result=0 (впервые)
ProdTypeGate: explosives_factory -> result=0 (впервые)
ProdTypeGate: explosives_factory -> result=0 (впервые)
ProdTypeGate: small_arms_factory -> result=0 (впервые)
ProdTypeGate: explosives_factory -> result=0 (впервые)
ProdTypeGate: small_arms_factory -> result=0 (впервые)
ProdTypeGate: telephone_factory -> result=0 (впервые)
ProdTypeGate: rubber_factory -> result=1 (впервые)
ProdTypeGate: explosives_factory -> result=0 (впервые)
ProdTypeGate: small_arms_factory -> result=0 (впервые)
ProdTypeGate: rubber_factory -> result=1 (впервые)
ProdTypeGate: explosives_factory -> result=0 (впервые)
ProdTypeGate: small_arms_factory -> result=0 (впервые)
ProdTypeGate: explosives_factory -> result=0 (впервые)
ProdTypeGate: explosives_factory -> result=0 (впервые)
ProdTypeGate: small_arms_factory -> result=0 (впервые)
ProdTypeGate: explosives_factory -> result=0 (впервые)
ProdTypeGate: small_arms_factory -> result=0 (впервые)
ProdTypeGate: telephone_factory -> result=0 (впервые)
ProdTypeGate: telephone_factory -> result=0 (впервые)
ProdTypeGate: rubber_factory -> result=1 (впервые)
ProdTypeGate: explosives_factory -> result=0 (впервые)
ProdTypeGate: small_arms_factory -> result=0 (впервые)
ProdTypeGate: explosives_factory -> result=0 (впервые)
ProdTypeGate: explosives_factory -> result=0 (впервые)
ProdTypeGate: small_arms_factory -> result=0 (впервые)
ProdTypeGate: telephone_factory -> result=0 (впервые)
ProdTypeGate: rubber_factory -> result=1 (впервые)
ProdTypeGate: explosives_factory -> result=0 (впервые)
ProdTypeGate: small_arms_factory -> result=0 (впервые)
ProdTypeGate: rubber_factory -> result=1 (впервые)
ProdTypeGate: explosives_factory -> result=0 (впервые)
ProdTypeGate: small_arms_factory -> result=0 (впервые)
ProdTypeGate: rubber_factory -> result=1 (впервые)
ProdTypeGate: explosives_factory -> result=0 (впервые)
ProdTypeGate: small_arms_factory -> result=0 (впервые)
ProdTypeGate: explosives_factory -> result=0 (впервые)
ProdTypeGate: rubber_factory -> result=1 (впервые)
ProdTypeGate: explosives_factory -> result=0 (впервые)
ProdTypeGate: small_arms_factory -> result=0 (впервые)
ProdTypeGate: explosives_factory -> result=0 (впервые)
ProdTypeGate: electric_gear_factory -> result=0 (впервые)
ProdTypeGate: electric_gear_factory -> result=0 (впервые)
ProdTypeGate: electric_gear_factory -> result=0 (впервые)
ProdTypeGate: electric_gear_factory -> result=0 (впервые)
ProdTypeGate: electric_gear_factory -> result=0 (впервые)
ProdTypeGate: electric_gear_factory -> result=0 (впервые)
ProdTypeGate: electric_gear_factory -> result=0 (впервые)
ProdTypeGate: electric_gear_factory -> result=0 (впервые)
ProdTypeGate: electric_gear_factory -> result=0 (впервые)
ProdTypeGate: electric_gear_factory -> result=0 (впервые)
ProdTypeGate: electric_gear_factory -> result=0 (впервые)
ProdTypeGate: electric_gear_factory -> result=0 (впервые)
ProdTypeGate: electric_gear_factory -> result=0 (впервые)
ProdTypeGate: electric_gear_factory -> result=0 (впервые)
ProdTypeGate: electric_gear_factory -> result=0 (впервые)
ProdTypeGate: electric_gear_factory -> result=0 (впервые)
ProdTypeGate: electric_gear_factory -> result=0 (впервые)
ProdTypeGate: electric_gear_factory -> result=0 (впервые)
ProdTypeGate: electric_gear_factory -> result=0 (впервые)
ProdTypeGate: electric_gear_factory -> result=0 (впервые)
ProdTypeGate: telephone_factory -> result=0 (впервые)
ProdTypeGate: explosives_factory -> result=0 (впервые)
ProdTypeGate: rubber_factory -> result=1 (впервые)
ProdTypeGate: explosives_factory -> result=0 (впервые)
ProdTypeGate: small_arms_factory -> result=0 (впервые)
ProdTypeGate: telephone_factory -> result=0 (впервые)
ProdTypeGate: telephone_factory -> result=0 (впервые)
ProdTypeGate: telephone_factory -> result=0 (впервые)
ProdTypeGate: telephone_factory -> result=0 (впервые)
ProdTypeGate: telephone_factory -> result=0 (впервые)
ProdTypeGate: telephone_factory -> result=0 (впервые)
ProdTypeGate: telephone_factory -> result=0 (впервые)
ProdTypeGate: telephone_factory -> result=0 (впервые)
ProdTypeGate: telephone_factory -> result=0 (впервые)
ProdTypeGate: telephone_factory -> result=0 (впервые)
ProdTypeGate: telephone_factory -> result=0 (впервые)
ProdTypeGate: telephone_factory -> result=0 (впервые)
ProdTypeGate: telephone_factory -> result=0 (впервые)
ProdTypeGate: telephone_factory -> result=0 (впервые)
ProdTypeGate: electric_gear_factory -> result=0 (впервые)
ProdTypeGate: electric_gear_factory -> result=0 (впервые)
ProdTypeGate: telephone_factory -> result=0 (впервые)
ProdTypeGate: telephone_factory -> result=0 (впервые)
ProdTypeGate: explosives_factory -> result=0 (впервые)
ProdTypeGate: rubber_factory -> result=1 (впервые)
ProdTypeGate: explosives_factory -> result=0 (впервые)
ProdTypeGate: small_arms_factory -> result=0 (впервые)
ProdTypeGate: explosives_factory -> result=0 (впервые)
ProdTypeGate: small_arms_factory -> result=0 (впервые)
ProdTypeGate: electric_gear_factory -> result=0 (впервые)
ProdTypeGate: electric_gear_factory -> result=0 (впервые)
ProdTypeGate: electric_gear_factory -> result=0 (впервые)
ProdTypeGate: electric_gear_factory -> result=0 (впервые)
ProdTypeGate: electric_gear_factory -> result=0 (впервые)
ProdTypeGate: electric_gear_factory -> result=0 (впервые)
ProdTypeGate: electric_gear_factory -> result=0 (впервые)
ProdTypeGate: electric_gear_factory -> result=0 (впервые)
ProdTypeGate: electric_gear_factory -> result=0 (впервые)
ProdTypeGate: electric_gear_factory -> result=0 (впервые)
ProdTypeGate: electric_gear_factory -> result=0 (впервые)
ProdTypeGate: electric_gear_factory -> result=0 (впервые)
ProdTypeGate: electric_gear_factory -> result=0 (впервые)
ProdTypeGate: electric_gear_factory -> result=0 (впервые)
ProdTypeGate: electric_gear_factory -> result=0 (впервые)
ProdTypeGate: electric_gear_factory -> result=0 (впервые)
ProdTypeGate: electric_gear_factory -> result=0 (впервые)
ProdTypeGate: electric_gear_factory -> result=0 (впервые)
ProdTypeGate: electric_gear_factory -> result=0 (впервые)
ProdTypeGate: telephone_factory -> result=0 (впервые)
ProdTypeGate: rubber_factory -> result=1 (впервые)
ProdTypeGate: explosives_factory -> result=0 (впервые)
ProdTypeGate: small_arms_factory -> result=0 (впервые)
ProdTypeGate: explosives_factory -> result=0 (впервые)
ProdTypeGate: rubber_factory -> result=1 (впервые)
ProdTypeGate: explosives_factory -> result=0 (впервые)
ProdTypeGate: small_arms_factory -> result=0 (впервые)
ProdTypeGate: telephone_factory -> result=0 (впервые)
ProdTypeGate: explosives_factory -> result=0 (впервые)
ProdTypeGate: small_arms_factory -> result=0 (впервые)
ProdTypeGate: explosives_factory -> result=0 (впервые)
ProdTypeGate: explosives_factory -> result=0 (впервые)
ProdTypeGate: small_arms_factory -> result=0 (впервые)
ProdTypeGate: automobile_factory -> result=0 (впервые)
ProdTypeGate: automobile_factory -> result=0 (впервые)
ProdTypeGate: automobile_factory -> result=0 (впервые)
ProdTypeGate: automobile_factory -> result=0 (впервые)
ProdTypeGate: automobile_factory -> result=0 (впервые)
ProdTypeGate: automobile_factory -> result=0 (впервые)
ProdTypeGate: automobile_factory -> result=0 (впервые)
ProdTypeGate: automobile_factory -> result=0 (впервые)
ProdTypeGate: automobile_factory -> result=0 (впервые)
ProdTypeGate: automobile_factory -> result=0 (впервые)
ProdTypeGate: automobile_factory -> result=0 (впервые)
ProdTypeGate: automobile_factory -> result=0 (впервые)
ProdTypeGate: automobile_factory -> result=0 (впервые)
ProdTypeGate: automobile_factory -> result=0 (впервые)
ProdTypeGate: automobile_factory -> result=0 (впервые)
ProdTypeGate: automobile_factory -> result=0 (впервые)
ProdTypeGate: automobile_factory -> result=0 (впервые)
ProdTypeGate: automobile_factory -> result=0 (впервые)
ProdTypeGate: automobile_factory -> result=0 (впервые)
ProdTypeGate: automobile_factory -> result=0 (впервые)
ProdTypeGate: automobile_factory -> result=0 (впервые)
ProdTypeGate: automobile_factory -> result=0 (впервые)
ProdTypeGate: automobile_factory -> result=0 (впервые)
ProdTypeGate: automobile_factory -> result=0 (впервые)
ProdTypeGate: automobile_factory -> result=0 (впервые)
ProdTypeGate: automobile_factory -> result=0 (впервые)
ProdTypeGate: automobile_factory -> result=0 (впервые)
ProdTypeGate: automobile_factory -> result=0 (впервые)
ProdTypeGate: automobile_factory -> result=0 (впервые)
ProdTypeGate: automobile_factory -> result=0 (впервые)
ProdTypeGate: automobile_factory -> result=0 (впервые)
ProdTypeGate: automobile_factory -> result=0 (впервые)
ProdTypeGate: telephone_factory -> result=0 (впервые)
ProdTypeGate: telephone_factory -> result=0 (впервые)
ProdTypeGate: telephone_factory -> result=0 (впервые)
ProdTypeGate: telephone_factory -> result=0 (впервые)
ProdTypeGate: automobile_factory -> result=0 (впервые)
ProdTypeGate: telephone_factory -> result=0 (впервые)
ProdTypeGate: explosives_factory -> result=0 (впервые)
ProdTypeGate: small_arms_factory -> result=0 (впервые)
ProdTypeGate: explosives_factory -> result=0 (впервые)
ProdTypeGate: explosives_factory -> result=0 (впервые)
ProdTypeGate: small_arms_factory -> result=0 (впервые)
ProdTypeGate: telephone_factory -> result=0 (впервые)
ProdTypeGate: explosives_factory -> result=0 (впервые)
ProdTypeGate: small_arms_factory -> result=0 (впервые)
ProdTypeGate: rubber_factory -> result=1 (впервые)
ProdTypeGate: explosives_factory -> result=0 (впервые)
ProdTypeGate: small_arms_factory -> result=0 (впервые)
ProdTypeGate: rubber_factory -> result=1 (впервые)
ProdTypeGate: explosives_factory -> result=0 (впервые)
ProdTypeGate: small_arms_factory -> result=0 (впервые)
ProdTypeGate: rubber_factory -> result=1 (впервые)
ProdTypeGate: small_arms_factory -> result=0 (впервые)
ProdTypeGate: explosives_factory -> result=0 (впервые)
ProdTypeGate: rubber_factory -> result=1 (впервые)
ProdTypeGate: explosives_factory -> result=0 (впервые)
ProdTypeGate: small_arms_factory -> result=0 (впервые)
ProdTypeGate: explosives_factory -> result=0 (впервые)
ProdTypeGate: small_arms_factory -> result=0 (впервые)
ProdTypeGate: electric_gear_factory -> result=0 (впервые)
ProdTypeGate: electric_gear_factory -> result=0 (впервые)
ProdTypeGate: electric_gear_factory -> result=0 (впервые)
ProdTypeGate: electric_gear_factory -> result=0 (впервые)
ProdTypeGate: electric_gear_factory -> result=0 (впервые)
ProdTypeGate: electric_gear_factory -> result=0 (впервые)
ProdTypeGate: telephone_factory -> result=0 (впервые)
ProdTypeGate: rubber_factory -> result=1 (впервые)
ProdTypeGate: explosives_factory -> result=0 (впервые)
ProdTypeGate: small_arms_factory -> result=0 (впервые)
ProdTypeGate: rubber_factory -> result=1 (впервые)
ProdTypeGate: explosives_factory -> result=0 (впервые)
ProdTypeGate: small_arms_factory -> result=0 (впервые)
ProdTypeGate: rubber_factory -> result=1 (впервые)
ProdTypeGate: small_arms_factory -> result=0 (впервые)
ProdTypeGate: explosives_factory -> result=0 (впервые)
ProdTypeGate: explosives_factory -> result=0 (впервые)
ProdTypeGate: small_arms_factory -> result=0 (впервые)
ProdTypeGate: explosives_factory -> result=0 (впервые)
ProdTypeGate: small_arms_factory -> result=0 (впервые)
[17728] CrashWatch: v2dll_crash.log + v2dll_crash_*.dmp + v2dll_crash_hint.txt
[17728] LoadSettingsFrom: 'v2dll_settings.ini' не найден - создаю со значениями по умолчанию
[17728] ---- Install ---- версия 3.27
[17728] base = 00710000
[17728] ---- Settings ----
[17728] localModConfig=0 log=1 buttons=1 decisionFilter=1
[17728] priceDelta=1 patchExponentialPriceDelta=0 popDisplay=0 versionLabel=1
[17728] patchOccupiedReinforceSplit=1 patchAllyOwnerCheck=1 patchCivilizeNullCheck=1 patchSupplySourceNullCheck=1 patchTechCompareNullCheck=1 patchTechFolderIconNullCheck=1
[17728] patchGraphPointClamp=0 patchFactoryDumpScan=0 patchProdListVisibility=1 patchProdTypeGate=1
[17728] prodTypeGateAllowAll=0 patchCombatRoll=1 combatRollMin=0 combatRollMax=4
[17728] enableOosLog=1 patchFpuFortress=1 patchD3dFpuPreserve=1 patchThreadFpuPin=1 patchHeapLfh=1 engineWorkerThreads=4
[17728] patchPopQuantize=1 popQuantizeKeepBits=12 patchMpClientSleep=1 mpClientSleepMs=1
[17728] patchMainLoopSleep0=1 mainLoopSleepMs=1 patchD3dNoVsync=0 patchHighPriority=1
[17728] fixSfxMixerLag=1 d3dFpsLimit=70
[17728] enableCrashLog=1
[17728] ---- Settings конец ----
[17728] Timer: timeBeginPeriod(1) = 0
[17728] Timer: NtSetTimerResolution(1ms) status=00000000 cur=9989
[17728] Select: ws2_32.select перехвачен (68B47D >2мс -> 1мс, копия timeval)
[17728] CPU: priority ABOVE_NORMAL
[17728] CPU: power throttling off
[17728] Heap: LFH включён на 2 из 2 куч
[17728] FPU: CreateThread exe перехвачен
[17728] FPU: GetTickCount - отложенный патч TBB/D3D
[17728] FPU: пин на главном цикле rva 5DF550
[17728] MainLoopSleep0: Sleep(100) -> Sleep(1) rva 5DF2D5
[17728] MainLoopSleep0: Sleep(100) -> Sleep(1) rva 5DF684
[17728] D3D9: Direct3DCreate9 перехвачен
[17728] TBB: _beginthreadex перехвачен
[17728] TBB: initialize капим на 4 потоков
[17728] Engine: FPU=1 D3D=1 LFH=1 threadPin=1 tbbCap=4 sleep0=1 noVsync=0 prio=1
[17728] PopQuantize: FUN_00485E40, keep_bits=12
[17728] MpClientSleep: Sleep(40) -> Sleep(1) rva 71DD2C
[17728] patch CTechnologyView: слот 11 = 1
[17728] patch CBudgetView: слот 10 = 1
[17728] patch CProductionView: слот 10 = 1
[17728] patch CPoliticsView: слот 10 = 1
[17728] patch CDecision: слот 6 = 1
[17728] Patch 'always_add_wargoals': применён на rva 138AFF
[17728] Patch 'land_reinforce': применён на rva 1C8C9B
[17728] Patch 'naval_reinforce': применён на rva 1C8B1C
[17728] Patch 'max_relative_price': применён на rva A45C28
[17728] Patch 'consciousness_plurality_growth': применён на rva 10C5DE
[17728] Patch 'allied_reinforce_150': применён на rva 1D74BE
[17728] Patch 'build_factory_ignore_colonial_1': применён на rva 0D0C57
[17728] Patch 'build_factory_ignore_colonial_2': применён на rva 12FA4E
[17728] Patch 'build_factory_button_enable_ignore_colonial': применён на rva 12E977
[17728] Patch 'local_supply_factory_ignore_colonial': применён на rva 0D0E9D
[17728] Patch 'build_factory_ignore_uncivilized_button': применён на rva 12E96E
[17728] Patch 'build_factory_checklist_uncivilized_own': применён на rva 12EA67
[17728] Patch 'build_factory_checklist_uncivilized_other': применён на rva 12F0D4
[17728] Patch 'build_factory_ignore_uncivilized_can_build': применён на rva 12CA3E
[17728] Patch 'allow_unciv_tech_research': отключён в настройках
[17728] Patch 'aristocrat_income_share_patch_1': отключён в настройках
[17728] Patch 'aristocrat_income_share_patch_2': отключён в настройках
[17728] Patch 'aristocrat_income_share_patch_3': отключён в настройках
[17728] Patch 'aristocrat_income_share_patch_4': отключён в настройках
[17728] Patch 'aristocrat_income_share_patch_5': отключён в настройках
[17728] OccupiedReinforceSplit: occupied=100.0%, пещера 01EF0000
[17728] AllyOwnerCheck: owned-by-ally=150%, occupied-by-ally=100.0%, пещера 02240000, ok=1
[17728] CivilizeNullCheck: установлен на rva 14248B, пещера 02250000
[17728] SupplySourceNullCheck: установлен на rva 0D15EB, пещера 02260000
[17728] TechCompareNullCheck: установлен на rva 3A918A, пещера 02270000
[17728] TechFolderIconNullCheck: установлен на rva 3ADE98, пещера 02280000
[17728] ProdListVisibilityHook: установлен
[17728] LoadProductionTypeLimits: читаю 'I:\Vic2_Dev\V2BDSM\mod\2\common\production_types.txt' (21923 байт)
[17728]   [0] synthetics_template limit=0 good=-
[17728]   [1] machine_part_user_template limit=0 good=-
[17728]   [2] stock_exchange_template limit=0 good=-
[17728]   [3] aeroplane_factory limit=0 good=electric_gear
[17728]   [4] barrel_factory limit=0 good=automobiles
[17728]   [5] automobile_factory limit=0 good=steel
[17728]   [6] radio_factory limit=0 good=glass
[17728]   [7] telephone_factory limit=0 good=glass
[17728]   [8] electric_gear_factory limit=0 good=rubber
[17728]   [9] pharmaceutical_plant limit=0 good=glass
[17728]   [10] steamer_shipyard limit=0 good=steel
[17728]   [11] artillery_factory limit=0 good=explosives
[17728]   [12] small_arms_factory limit=0 good=timber
[17728]   [13] ammunition_factory limit=0 good=sulphur
[17728]   [14] steel_factory limit=0 good=iron
[17728]   [15] machine_parts_factory limit=0 good=steel
[17728]   [16] liquor_distillery limit=0 good=grain
[17728]   [17] winery limit=0 good=fruit
[17728]   [18] fertilizer_factory limit=0 good=sulphur
[17728]   [19] furniture_factory limit=0 good=timber
[17728]   [20] explosives_factory limit=0 good=sulphur
[17728]   [21] luxury_clothes_factory limit=0 good=silk
[17728]   [22] luxury_furniture_factory limit=0 good=tropical_wood
[17728]   [23] cement_factory limit=0 good=coal
[17728]   [24] glass_factory limit=0 good=coal
[17728]   [25] paper_mill limit=0 good=timber
[17728]   [26] fishery limit=0 good=raw_grain
[17728]   [27] regular_clothes_factory limit=0 good=cotton
[17728]   [28] canned_food_factory limit=0 good=grain
[17728]   [29] cattle_ranch limit=0 good=-
[17728]   [30] coal_mine limit=0 good=-
[17728]   [31] coffee_plantation limit=0 good=-
[17728]   [32] cotton_plantation limit=0 good=-
[17728]   [33] dye_plantation limit=0 good=-
[17728]   [34] grain_farm limit=0 good=-
[17728]   [35] iron_mine limit=0 good=-
[17728]   [36] oil_rig limit=0 good=-
[17728]   [37] opium_plantation limit=0 good=-
[17728]   [38] orchard limit=0 good=-
[17728]   [39] precious_metal_mine limit=0 good=-
[17728]   [40] rubber_lodge limit=0 good=-
[17728]   [41] silkworm_ranch limit=0 good=-
[17728]   [42] sulphur_mine limit=0 good=-
[17728]   [43] tea_plantation limit=0 good=-
[17728]   [44] timber_lodge limit=0 good=-
[17728]   [45] tobacco_plantation limit=0 good=-
[17728]   [46] tropical_wood_lodge limit=0 good=-
[17728]   [47] peasant_grain limit=0 good=grain
[17728]   [48] cattle_factory limit=1 good=raw_cattle
[17728]   [49] coal_factory limit=1 good=raw_coal
[17728]   [50] coffee_factory limit=1 good=raw_tea
[17728]   [51] cotton_factory limit=1 good=raw_cotton
[17728]   [52] dye_factory limit=1 good=raw_dye
[17728]   [53] grain_factory limit=1 good=raw_grain
[17728]   [54] iron_factory limit=1 good=raw_iron
[17728]   [55] oil_factory limit=1 good=raw_oil
[17728]   [56] opium_factory limit=1 good=raw_opium
[17728]   [57] fruit_factory limit=1 good=raw_fruit
[17728]   [58] rubber_factory limit=1 good=raw_rubber
[17728]   [59] silk_factory limit=1 good=raw_silk
[17728]   [60] sulphur_factory limit=1 good=raw_sulphur
[17728]   [61] tea_factory limit=1 good=raw_tea
[17728]   [62] timber_factory limit=1 good=raw_timber
[17728]   [63] tobacco_factory limit=1 good=raw_tobacco
[17728]   [64] tropical_wood_factory limit=1 good=raw_tropical_wood
[17728] ParseProductionTypes: разобрано 65 типов производства (шаблонов пропущено: 62)
[17728] ProdTypeGateHook: установлен
[17728] LoadProvinceGoods: ванильная history\provinces не найдена (I:\Vic2_Dev\V2BDSM\history\provinces)
[17728] LoadProvinceGoods: сканирую мод 'I:\Vic2_Dev\V2BDSM\mod\2\history\provinces' (перекрывает ванильные id)
[17728] LoadProvinceGoods: готово, 2707 провинций с trade_goods
[17728] HideNoSupplyFactoriesHook: установлен
[17728] PriceDelta: активен режим PriceDelta (линейный)
[17728] PriceDelta: 25 сотых процента, множитель 163
[17728] VersionLabel: 'V2 v3.04 + V2DLL v3.27' (len=22), пещера 022A0000
[17728] CombatRoll: диапазон 0..4 (модуль=5)
[17728] OosWatch: FUN_00682EC0 rva 282EC0 -> v2dll_oos.log
[17728] Install: done
[17728] DllMain: attach, Install = 1
[17728] D3D9: Present перехвачен, FPU_PRESERVE=1 noVsync=0
[17728] D3D9: Present перехвачен, FPU_PRESERVE=1 noVsync=0
[17728] Update[CTechnologyView]: вызван, view=897A2638
[17728] Setup[CTechnologyView]: 'FE_ACADEMIES_BDSM' подписана
[17728] Setup[CTechnologyView]: 'FE_RPROJECTS_BDSM' подписана
[17728] ProdTypeGate: grain_factory -> result=1 (впервые)
[17728] ProdTypeGate: fruit_factory -> result=1 (впервые)
[10856] CrashWatch: v2dll_crash.log + v2dll_crash_hint.txt (memory dump выключен: ENABLE_CRASH_DUMP=0)
[10856] LoadSettingsFrom: 'v2dll_settings.ini' не найден - создаю со значениями по умолчанию
[10856] ---- Install ---- версия 3.28
[10856] base = 00710000
[10856] ---- Settings ----
[10856] localModConfig=0 log=1 buttons=1 decisionFilter=1
[10856] priceDelta=1 patchExponentialPriceDelta=0 popDisplay=0 versionLabel=1
[10856] patchOccupiedReinforceSplit=1 patchAllyOwnerCheck=1 patchCivilizeNullCheck=1 patchSupplySourceNullCheck=1 patchTechCompareNullCheck=1 patchTechFolderIconNullCheck=1
[10856] patchGraphPointClamp=0 patchFactoryDumpScan=0 patchProdListVisibility=1 patchProdTypeGate=1
[10856] prodTypeGateAllowAll=0 patchCombatRoll=1 combatRollMin=0 combatRollMax=4
[10856] enableOosLog=1 patchFpuFortress=1 patchD3dFpuPreserve=1 patchThreadFpuPin=1 patchHeapLfh=1 engineWorkerThreads=4
[10856] patchPopQuantize=1 popQuantizeKeepBits=12 patchMpClientSleep=1 mpClientSleepMs=1
[10856] patchMainLoopSleep0=1 mainLoopSleepMs=1 patchD3dNoVsync=0 patchHighPriority=1
[10856] fixSfxMixerLag=1 d3dFpsLimit=70
[10856] enableCrashLog=1 enableCrashDump=0
[10856] ---- Settings конец ----
[10856] Timer: timeBeginPeriod(1) = 0
[10856] Timer: NtSetTimerResolution(1ms) status=00000000 cur=9989
[10856] Select: ws2_32.select перехвачен (68B47D >2мс -> 1мс, копия timeval)
[10856] CPU: priority ABOVE_NORMAL
[10856] CPU: power throttling off
[10856] Heap: LFH включён на 2 из 2 куч
[10856] FPU: CreateThread exe перехвачен
[10856] FPU: GetTickCount - отложенный патч TBB/D3D
[10856] FPU: пин на главном цикле rva 5DF550
[10856] MainLoopSleep0: Sleep(100) -> Sleep(1) rva 5DF2D5
[10856] MainLoopSleep0: Sleep(100) -> Sleep(1) rva 5DF684
[10856] D3D9: Direct3DCreate9 перехвачен
[10856] TBB: _beginthreadex перехвачен
[10856] TBB: initialize капим на 4 потоков
[10856] Engine: FPU=1 D3D=1 LFH=1 threadPin=1 tbbCap=4 sleep0=1 noVsync=0 prio=1
[10856] PopQuantize: FUN_00485E40, keep_bits=12
[10856] MpClientSleep: Sleep(40) -> Sleep(1) rva 71DD2C
[10856] patch CTechnologyView: слот 11 = 1
[10856] patch CBudgetView: слот 10 = 1
[10856] patch CProductionView: слот 10 = 1
[10856] patch CPoliticsView: слот 10 = 1
[10856] patch CDecision: слот 6 = 1
[10856] Patch 'always_add_wargoals': применён на rva 138AFF
[10856] Patch 'land_reinforce': применён на rva 1C8C9B
[10856] Patch 'naval_reinforce': применён на rva 1C8B1C
[10856] Patch 'max_relative_price': применён на rva A45C28
[10856] Patch 'consciousness_plurality_growth': применён на rva 10C5DE
[10856] Patch 'allied_reinforce_150': применён на rva 1D74BE
[10856] Patch 'build_factory_ignore_colonial_1': применён на rva 0D0C57
[10856] Patch 'build_factory_ignore_colonial_2': применён на rva 12FA4E
[10856] Patch 'build_factory_button_enable_ignore_colonial': применён на rva 12E977
[10856] Patch 'local_supply_factory_ignore_colonial': применён на rva 0D0E9D
[10856] Patch 'build_factory_ignore_uncivilized_button': применён на rva 12E96E
[10856] Patch 'build_factory_checklist_uncivilized_own': применён на rva 12EA67
[10856] Patch 'build_factory_checklist_uncivilized_other': применён на rva 12F0D4
[10856] Patch 'build_factory_ignore_uncivilized_can_build': применён на rva 12CA3E
[10856] Patch 'allow_unciv_tech_research': отключён в настройках
[10856] Patch 'aristocrat_income_share_patch_1': отключён в настройках
[10856] Patch 'aristocrat_income_share_patch_2': отключён в настройках
[10856] Patch 'aristocrat_income_share_patch_3': отключён в настройках
[10856] Patch 'aristocrat_income_share_patch_4': отключён в настройках
[10856] Patch 'aristocrat_income_share_patch_5': отключён в настройках
[10856] OccupiedReinforceSplit: occupied=100.0%, пещера 01A10000
[10856] AllyOwnerCheck: owned-by-ally=150%, occupied-by-ally=100.0%, пещера 01A20000, ok=1
[10856] CivilizeNullCheck: установлен на rva 14248B, пещера 035E0000
[10856] SupplySourceNullCheck: установлен на rva 0D15EB, пещера 035F0000
[10856] TechCompareNullCheck: установлен на rva 3A918A, пещера 03600000
[10856] TechFolderIconNullCheck: установлен на rva 3ADE98, пещера 03610000
[10856] ProdListVisibilityHook: установлен
[10856] LoadProductionTypeLimits: читаю 'I:\Vic2_Dev\V2BDSM\mod\2\common\production_types.txt' (21923 байт)
[10856]   [0] synthetics_template limit=0 good=-
[10856]   [1] machine_part_user_template limit=0 good=-
[10856]   [2] stock_exchange_template limit=0 good=-
[10856]   [3] aeroplane_factory limit=0 good=electric_gear
[10856]   [4] barrel_factory limit=0 good=automobiles
[10856]   [5] automobile_factory limit=0 good=steel
[10856]   [6] radio_factory limit=0 good=glass
[10856]   [7] telephone_factory limit=0 good=glass
[10856]   [8] electric_gear_factory limit=0 good=rubber
[10856]   [9] pharmaceutical_plant limit=0 good=glass
[10856]   [10] steamer_shipyard limit=0 good=steel
[10856]   [11] artillery_factory limit=0 good=explosives
[10856]   [12] small_arms_factory limit=0 good=timber
[10856]   [13] ammunition_factory limit=0 good=sulphur
[10856]   [14] steel_factory limit=0 good=iron
[10856]   [15] machine_parts_factory limit=0 good=steel
[10856]   [16] liquor_distillery limit=0 good=grain
[10856]   [17] winery limit=0 good=fruit
[10856]   [18] fertilizer_factory limit=0 good=sulphur
[10856]   [19] furniture_factory limit=0 good=timber
[10856]   [20] explosives_factory limit=0 good=sulphur
[10856]   [21] luxury_clothes_factory limit=0 good=silk
[10856]   [22] luxury_furniture_factory limit=0 good=tropical_wood
[10856]   [23] cement_factory limit=0 good=coal
[10856]   [24] glass_factory limit=0 good=coal
[10856]   [25] paper_mill limit=0 good=timber
[10856]   [26] fishery limit=0 good=raw_grain
[10856]   [27] regular_clothes_factory limit=0 good=cotton
[10856]   [28] canned_food_factory limit=0 good=grain
[10856]   [29] cattle_ranch limit=0 good=-
[10856]   [30] coal_mine limit=0 good=-
[10856]   [31] coffee_plantation limit=0 good=-
[10856]   [32] cotton_plantation limit=0 good=-
[10856]   [33] dye_plantation limit=0 good=-
[10856]   [34] grain_farm limit=0 good=-
[10856]   [35] iron_mine limit=0 good=-
[10856]   [36] oil_rig limit=0 good=-
[10856]   [37] opium_plantation limit=0 good=-
[10856]   [38] orchard limit=0 good=-
[10856]   [39] precious_metal_mine limit=0 good=-
[10856]   [40] rubber_lodge limit=0 good=-
[10856]   [41] silkworm_ranch limit=0 good=-
[10856]   [42] sulphur_mine limit=0 good=-
[10856]   [43] tea_plantation limit=0 good=-
[10856]   [44] timber_lodge limit=0 good=-
[10856]   [45] tobacco_plantation limit=0 good=-
[10856]   [46] tropical_wood_lodge limit=0 good=-
[10856]   [47] peasant_grain limit=0 good=grain
[10856]   [48] cattle_factory limit=1 good=raw_cattle
[10856]   [49] coal_factory limit=1 good=raw_coal
[10856]   [50] coffee_factory limit=1 good=raw_tea
[10856]   [51] cotton_factory limit=1 good=raw_cotton
[10856]   [52] dye_factory limit=1 good=raw_dye
[10856]   [53] grain_factory limit=1 good=raw_grain
[10856]   [54] iron_factory limit=1 good=raw_iron
[10856]   [55] oil_factory limit=1 good=raw_oil
[10856]   [56] opium_factory limit=1 good=raw_opium
[10856]   [57] fruit_factory limit=1 good=raw_fruit
[10856]   [58] rubber_factory limit=1 good=raw_rubber
[10856]   [59] silk_factory limit=1 good=raw_silk
[10856]   [60] sulphur_factory limit=1 good=raw_sulphur
[10856]   [61] tea_factory limit=1 good=raw_tea
[10856]   [62] timber_factory limit=1 good=raw_timber
[10856]   [63] tobacco_factory limit=1 good=raw_tobacco
[10856]   [64] tropical_wood_factory limit=1 good=raw_tropical_wood
[10856] ParseProductionTypes: разобрано 65 типов производства (шаблонов пропущено: 62)
[10856] ProdTypeGateHook: установлен
[10856] LoadProvinceGoods: ванильная history\provinces не найдена (I:\Vic2_Dev\V2BDSM\history\provinces)
[10856] LoadProvinceGoods: сканирую мод 'I:\Vic2_Dev\V2BDSM\mod\2\history\provinces' (перекрывает ванильные id)
[10856] LoadProvinceGoods: готово, 2707 провинций с trade_goods
[10856] HideNoSupplyFactoriesHook: установлен
[10856] PriceDelta: активен режим PriceDelta (линейный)
[10856] PriceDelta: 25 сотых процента, множитель 163
[10856] VersionLabel: 'V2 v3.04 + V2DLL v3.28' (len=22), пещера 03630000
[10856] CombatRoll: диапазон 0..4 (модуль=5)
[10856] OosWatch: FUN_00682EC0 rva 282EC0 -> v2dll_oos.log
[10856] Install: done
[10856] DllMain: attach, Install = 1
[10856] D3D9: Present перехвачен, FPU_PRESERVE=1 noVsync=0
[10856] D3D9: Present перехвачен, FPU_PRESERVE=1 noVsync=0
[25996] CrashWatch: v2dll_crash.log + v2dll_crash_hint.txt (memory dump выключен: ENABLE_CRASH_DUMP=0)
[25996] LoadSettingsFrom: читаю 'v2dll_settings.ini'
[25996] ---- Install ---- версия 3.29
[25996] base = 00710000
[25996] ---- Settings ----
[25996] localModConfig=0 log=1 buttons=1 decisionFilter=1
[25996] priceDelta=1 patchExponentialPriceDelta=0 popDisplay=0 versionLabel=1
[25996] patchOccupiedReinforceSplit=1 patchAllyOwnerCheck=1 patchCivilizeNullCheck=1 patchSupplySourceNullCheck=1 patchTechCompareNullCheck=1 patchTechFolderIconNullCheck=1
[25996] patchGraphPointClamp=0 patchFactoryDumpScan=0 patchProdListVisibility=1 patchProdTypeGate=1
[25996] prodTypeGateAllowAll=0 patchCombatRoll=1 combatRollMin=0 combatRollMax=4
[25996] enableOosLog=1 patchFpuFortress=1 patchD3dFpuPreserve=1 patchThreadFpuPin=1 patchHeapLfh=1 engineWorkerThreads=4
[25996] patchPopQuantize=1 popQuantizeKeepBits=12 patchMpClientSleep=1 mpClientSleepMs=1
[25996] patchMainLoopSleep0=1 mainLoopSleepMs=1 patchD3dNoVsync=0 patchHighPriority=1
[25996] fixSfxMixerLag=1 d3dFpsLimit=70
[25996] enableCrashLog=1 enableCrashDump=0
[25996] ---- Settings конец ----
[25996] Timer: timeBeginPeriod(1) = 0
[25996] Timer: NtSetTimerResolution(1ms) status=00000000 cur=9989
[25996] Select: ws2_32.select перехвачен (68B47D >2мс -> 1мс, копия timeval)
[25996] CPU: priority ABOVE_NORMAL
[25996] CPU: power throttling off
[25996] Heap: LFH включён на 2 из 2 куч
[25996] FPU: CreateThread exe перехвачен
[25996] FPU: GetTickCount - отложенный патч TBB/D3D
[25996] FPU: пин на главном цикле rva 5DF550
[25996] MainLoopSleep0: Sleep(100) -> Sleep(1) rva 5DF2D5
[25996] MainLoopSleep0: Sleep(100) -> Sleep(1) rva 5DF684
[25996] D3D9: Direct3DCreate9 перехвачен
[25996] TBB: _beginthreadex перехвачен
[25996] TBB: initialize капим на 4 потоков
[25996] Engine: FPU=1 D3D=1 LFH=1 threadPin=1 tbbCap=4 sleep0=1 noVsync=0 prio=1
[25996] PopQuantize: FUN_00485E40, keep_bits=12
[25996] MpClientSleep: Sleep(40) -> Sleep(1) rva 71DD2C
[25996] patch CTechnologyView: слот 11 = 1
[25996] patch CBudgetView: слот 10 = 1
[25996] patch CProductionView: слот 10 = 1
[25996] patch CPoliticsView: слот 10 = 1
[25996] patch CDecision: слот 6 = 1
[25996] Patch 'always_add_wargoals': применён на rva 138AFF
[25996] Patch 'land_reinforce': применён на rva 1C8C9B
[25996] Patch 'naval_reinforce': применён на rva 1C8B1C
[25996] Patch 'max_relative_price': применён на rva A45C28
[25996] Patch 'consciousness_plurality_growth': применён на rva 10C5DE
[25996] Patch 'allied_reinforce_150': применён на rva 1D74BE
[25996] Patch 'build_factory_ignore_colonial_1': применён на rva 0D0C57
[25996] Patch 'build_factory_ignore_colonial_2': применён на rva 12FA4E
[25996] Patch 'build_factory_button_enable_ignore_colonial': применён на rva 12E977
[25996] Patch 'local_supply_factory_ignore_colonial': применён на rva 0D0E9D
[25996] Patch 'build_factory_ignore_uncivilized_button': применён на rva 12E96E
[25996] Patch 'build_factory_checklist_uncivilized_own': применён на rva 12EA67
[25996] Patch 'build_factory_checklist_uncivilized_other': применён на rva 12F0D4
[25996] Patch 'build_factory_ignore_uncivilized_can_build': применён на rva 12CA3E
[25996] Patch 'allow_unciv_tech_research': отключён в настройках
[25996] Patch 'aristocrat_income_share_patch_1': отключён в настройках
[25996] Patch 'aristocrat_income_share_patch_2': отключён в настройках
[25996] Patch 'aristocrat_income_share_patch_3': отключён в настройках
[25996] Patch 'aristocrat_income_share_patch_4': отключён в настройках
[25996] Patch 'aristocrat_income_share_patch_5': отключён в настройках
[25996] OccupiedReinforceSplit: occupied=100.0%, пещера 021C0000
[25996] AllyOwnerCheck: owned-by-ally=150%, occupied-by-ally=100.0%, пещера 021D0000, ok=1
[25996] CivilizeNullCheck: установлен на rva 14248B, пещера 021E0000
[25996] SupplySourceNullCheck: установлен на rva 0D15EB, пещера 021F0000
[25996] TechCompareNullCheck: установлен на rva 3A918A, пещера 02200000
[25996] TechFolderIconNullCheck: установлен на rva 3ADE98, пещера 02210000
[25996] ProdListVisibilityHook: установлен
[25996] LoadProductionTypeLimits: читаю 'I:\Vic2_Dev\V2BDSM\mod\2\common\production_types.txt' (21923 байт)
[25996]   [0] synthetics_template limit=0 good=-
[25996]   [1] machine_part_user_template limit=0 good=-
[25996]   [2] stock_exchange_template limit=0 good=-
[25996]   [3] aeroplane_factory limit=0 good=electric_gear
[25996]   [4] barrel_factory limit=0 good=automobiles
[25996]   [5] automobile_factory limit=0 good=steel
[25996]   [6] radio_factory limit=0 good=glass
[25996]   [7] telephone_factory limit=0 good=glass
[25996]   [8] electric_gear_factory limit=0 good=rubber
[25996]   [9] pharmaceutical_plant limit=0 good=glass
[25996]   [10] steamer_shipyard limit=0 good=steel
[25996]   [11] artillery_factory limit=0 good=explosives
[25996]   [12] small_arms_factory limit=0 good=timber
[25996]   [13] ammunition_factory limit=0 good=sulphur
[25996]   [14] steel_factory limit=0 good=iron
[25996]   [15] machine_parts_factory limit=0 good=steel
[25996]   [16] liquor_distillery limit=0 good=grain
[25996]   [17] winery limit=0 good=fruit
[25996]   [18] fertilizer_factory limit=0 good=sulphur
[25996]   [19] furniture_factory limit=0 good=timber
[25996]   [20] explosives_factory limit=0 good=sulphur
[25996]   [21] luxury_clothes_factory limit=0 good=silk
[25996]   [22] luxury_furniture_factory limit=0 good=tropical_wood
[25996]   [23] cement_factory limit=0 good=coal
[25996]   [24] glass_factory limit=0 good=coal
[25996]   [25] paper_mill limit=0 good=timber
[25996]   [26] fishery limit=0 good=raw_grain
[25996]   [27] regular_clothes_factory limit=0 good=cotton
[25996]   [28] canned_food_factory limit=0 good=grain
[25996]   [29] cattle_ranch limit=0 good=-
[25996]   [30] coal_mine limit=0 good=-
[25996]   [31] coffee_plantation limit=0 good=-
[25996]   [32] cotton_plantation limit=0 good=-
[25996]   [33] dye_plantation limit=0 good=-
[25996]   [34] grain_farm limit=0 good=-
[25996]   [35] iron_mine limit=0 good=-
[25996]   [36] oil_rig limit=0 good=-
[25996]   [37] opium_plantation limit=0 good=-
[25996]   [38] orchard limit=0 good=-
[25996]   [39] precious_metal_mine limit=0 good=-
[25996]   [40] rubber_lodge limit=0 good=-
[25996]   [41] silkworm_ranch limit=0 good=-
[25996]   [42] sulphur_mine limit=0 good=-
[25996]   [43] tea_plantation limit=0 good=-
[25996]   [44] timber_lodge limit=0 good=-
[25996]   [45] tobacco_plantation limit=0 good=-
[25996]   [46] tropical_wood_lodge limit=0 good=-
[25996]   [47] peasant_grain limit=0 good=grain
[25996]   [48] cattle_factory limit=1 good=raw_cattle
[25996]   [49] coal_factory limit=1 good=raw_coal
[25996]   [50] coffee_factory limit=1 good=raw_tea
[25996]   [51] cotton_factory limit=1 good=raw_cotton
[25996]   [52] dye_factory limit=1 good=raw_dye
[25996]   [53] grain_factory limit=1 good=raw_grain
[25996]   [54] iron_factory limit=1 good=raw_iron
[25996]   [55] oil_factory limit=1 good=raw_oil
[25996]   [56] opium_factory limit=1 good=raw_opium
[25996]   [57] fruit_factory limit=1 good=raw_fruit
[25996]   [58] rubber_factory limit=1 good=raw_rubber
[25996]   [59] silk_factory limit=1 good=raw_silk
[25996]   [60] sulphur_factory limit=1 good=raw_sulphur
[25996]   [61] tea_factory limit=1 good=raw_tea
[25996]   [62] timber_factory limit=1 good=raw_timber
[25996]   [63] tobacco_factory limit=1 good=raw_tobacco
[25996]   [64] tropical_wood_factory limit=1 good=raw_tropical_wood
[25996] ParseProductionTypes: разобрано 65 типов производства (шаблонов пропущено: 62)
[25996] ProdTypeGateHook: установлен
[25996] LoadProvinceGoods: ванильная history\provinces не найдена (I:\Vic2_Dev\V2BDSM\history\provinces)
[25996] LoadProvinceGoods: сканирую мод 'I:\Vic2_Dev\V2BDSM\mod\2\history\provinces' (перекрывает ванильные id)
[25996] LoadProvinceGoods: готово, 2707 провинций с trade_goods
[25996] HideNoSupplyFactoriesHook: установлен
[25996] PriceDelta: активен режим PriceDelta (линейный)
[25996] PriceDelta: 25 сотых процента, множитель 163
[25996] VersionLabel: 'V2 v3.04 + V2DLL v3.29' (len=22), пещера 02230000
[25996] CombatRoll: диапазон 0..4 (модуль=5)
[25996] OosWatch: FUN_00682EC0 rva 282EC0 -> v2dll_oos.log
[25996] Install: done
[25996] DllMain: attach, Install = 1
[25996] D3D9: Present перехвачен, FPU_PRESERVE=1 noVsync=0
[25996] D3D9: Present перехвачен, FPU_PRESERVE=1 noVsync=0
[25996] Update[CTechnologyView]: вызван, view=87806CC8
[25996] Setup[CTechnologyView]: 'FE_ACADEMIES_BDSM' подписана
[25996] Setup[CTechnologyView]: 'FE_RPROJECTS_BDSM' подписана
[25996] ProdTypeGate: grain_factory -> result=1 (впервые)
[25996] ProdTypeGate: fruit_factory -> result=1 (впервые)
[27684] CrashWatch: v2dll_crash.log + v2dll_crash_hint.txt (memory dump выключен: ENABLE_CRASH_DUMP=0)
[27684] LoadSettingsFrom: читаю 'v2dll_settings.ini'
[27684] ---- Install ---- версия 3.29
[27684] base = 00710000
[27684] ---- Settings ----
[27684] localModConfig=0 log=1 buttons=1 decisionFilter=1
[27684] priceDelta=1 patchExponentialPriceDelta=0 popDisplay=0 versionLabel=1
[27684] patchOccupiedReinforceSplit=1 patchAllyOwnerCheck=1 patchCivilizeNullCheck=1 patchSupplySourceNullCheck=1 patchTechCompareNullCheck=1 patchTechFolderIconNullCheck=1
[27684] patchGraphPointClamp=0 patchFactoryDumpScan=0 patchProdListVisibility=1 patchProdTypeGate=1
[27684] prodTypeGateAllowAll=0 patchCombatRoll=1 combatRollMin=0 combatRollMax=4
[27684] enableOosLog=1 patchFpuFortress=1 patchD3dFpuPreserve=1 patchThreadFpuPin=1 patchHeapLfh=1 engineWorkerThreads=0
[27684] patchPopQuantize=1 popQuantizeKeepBits=12 patchMpClientSleep=1 mpClientSleepMs=1
[27684] patchMainLoopSleep0=1 mainLoopSleepMs=1 patchD3dNoVsync=0 patchHighPriority=1
[27684] fixSfxMixerLag=1 d3dFpsLimit=70
[27684] enableCrashLog=1 enableCrashDump=0
[27684] ---- Settings конец ----
[27684] Timer: timeBeginPeriod(1) = 0
[27684] Timer: NtSetTimerResolution(1ms) status=00000000 cur=9989
[27684] Select: ws2_32.select перехвачен (68B47D >2мс -> 1мс, копия timeval)
[27684] CPU: priority ABOVE_NORMAL
[27684] CPU: power throttling off
[27684] Heap: LFH включён на 2 из 2 куч
[27684] FPU: CreateThread exe перехвачен
[27684] FPU: GetTickCount - отложенный патч TBB/D3D
[27684] FPU: пин на главном цикле rva 5DF550
[27684] MainLoopSleep0: Sleep(100) -> Sleep(1) rva 5DF2D5
[27684] MainLoopSleep0: Sleep(100) -> Sleep(1) rva 5DF684
[27684] D3D9: Direct3DCreate9 перехвачен
[27684] TBB: _beginthreadex перехвачен
[27684] Engine: FPU=1 D3D=1 LFH=1 threadPin=1 tbbCap=0 sleep0=1 noVsync=0 prio=1
[27684] PopQuantize: FUN_00485E40, keep_bits=12
[27684] MpClientSleep: Sleep(40) -> Sleep(1) rva 71DD2C
[27684] patch CTechnologyView: слот 11 = 1
[27684] patch CBudgetView: слот 10 = 1
[27684] patch CProductionView: слот 10 = 1
[27684] patch CPoliticsView: слот 10 = 1
[27684] patch CDecision: слот 6 = 1
[27684] Patch 'always_add_wargoals': применён на rva 138AFF
[27684] Patch 'land_reinforce': применён на rva 1C8C9B
[27684] Patch 'naval_reinforce': применён на rva 1C8B1C
[27684] Patch 'max_relative_price': применён на rva A45C28
[27684] Patch 'consciousness_plurality_growth': применён на rva 10C5DE
[27684] Patch 'allied_reinforce_150': применён на rva 1D74BE
[27684] Patch 'build_factory_ignore_colonial_1': применён на rva 0D0C57
[27684] Patch 'build_factory_ignore_colonial_2': применён на rva 12FA4E
[27684] Patch 'build_factory_button_enable_ignore_colonial': применён на rva 12E977
[27684] Patch 'local_supply_factory_ignore_colonial': применён на rva 0D0E9D
[27684] Patch 'build_factory_ignore_uncivilized_button': применён на rva 12E96E
[27684] Patch 'build_factory_checklist_uncivilized_own': применён на rva 12EA67
[27684] Patch 'build_factory_checklist_uncivilized_other': применён на rva 12F0D4
[27684] Patch 'build_factory_ignore_uncivilized_can_build': применён на rva 12CA3E
[27684] Patch 'allow_unciv_tech_research': отключён в настройках
[27684] Patch 'aristocrat_income_share_patch_1': отключён в настройках
[27684] Patch 'aristocrat_income_share_patch_2': отключён в настройках
[27684] Patch 'aristocrat_income_share_patch_3': отключён в настройках
[27684] Patch 'aristocrat_income_share_patch_4': отключён в настройках
[27684] Patch 'aristocrat_income_share_patch_5': отключён в настройках
[27684] OccupiedReinforceSplit: occupied=100.0%, пещера 021F0000
[27684] AllyOwnerCheck: owned-by-ally=150%, occupied-by-ally=100.0%, пещера 02200000, ok=1
[27684] CivilizeNullCheck: установлен на rva 14248B, пещера 02210000
[27684] SupplySourceNullCheck: установлен на rva 0D15EB, пещера 02220000
[27684] TechCompareNullCheck: установлен на rva 3A918A, пещера 02230000
[27684] TechFolderIconNullCheck: установлен на rva 3ADE98, пещера 039F0000
[27684] ProdListVisibilityHook: установлен
[27684] LoadProductionTypeLimits: читаю 'I:\Vic2_Dev\V2BDSM\mod\2\common\production_types.txt' (21923 байт)
[27684]   [0] synthetics_template limit=0 good=-
[27684]   [1] machine_part_user_template limit=0 good=-
[27684]   [2] stock_exchange_template limit=0 good=-
[27684]   [3] aeroplane_factory limit=0 good=electric_gear
[27684]   [4] barrel_factory limit=0 good=automobiles
[27684]   [5] automobile_factory limit=0 good=steel
[27684]   [6] radio_factory limit=0 good=glass
[27684]   [7] telephone_factory limit=0 good=glass
[27684]   [8] electric_gear_factory limit=0 good=rubber
[27684]   [9] pharmaceutical_plant limit=0 good=glass
[27684]   [10] steamer_shipyard limit=0 good=steel
[27684]   [11] artillery_factory limit=0 good=explosives
[27684]   [12] small_arms_factory limit=0 good=timber
[27684]   [13] ammunition_factory limit=0 good=sulphur
[27684]   [14] steel_factory limit=0 good=iron
[27684]   [15] machine_parts_factory limit=0 good=steel
[27684]   [16] liquor_distillery limit=0 good=grain
[27684]   [17] winery limit=0 good=fruit
[27684]   [18] fertilizer_factory limit=0 good=sulphur
[27684]   [19] furniture_factory limit=0 good=timber
[27684]   [20] explosives_factory limit=0 good=sulphur
[27684]   [21] luxury_clothes_factory limit=0 good=silk
[27684]   [22] luxury_furniture_factory limit=0 good=tropical_wood
[27684]   [23] cement_factory limit=0 good=coal
[27684]   [24] glass_factory limit=0 good=coal
[27684]   [25] paper_mill limit=0 good=timber
[27684]   [26] fishery limit=0 good=raw_grain
[27684]   [27] regular_clothes_factory limit=0 good=cotton
[27684]   [28] canned_food_factory limit=0 good=grain
[27684]   [29] cattle_ranch limit=0 good=-
[27684]   [30] coal_mine limit=0 good=-
[27684]   [31] coffee_plantation limit=0 good=-
[27684]   [32] cotton_plantation limit=0 good=-
[27684]   [33] dye_plantation limit=0 good=-
[27684]   [34] grain_farm limit=0 good=-
[27684]   [35] iron_mine limit=0 good=-
[27684]   [36] oil_rig limit=0 good=-
[27684]   [37] opium_plantation limit=0 good=-
[27684]   [38] orchard limit=0 good=-
[27684]   [39] precious_metal_mine limit=0 good=-
[27684]   [40] rubber_lodge limit=0 good=-
[27684]   [41] silkworm_ranch limit=0 good=-
[27684]   [42] sulphur_mine limit=0 good=-
[27684]   [43] tea_plantation limit=0 good=-
[27684]   [44] timber_lodge limit=0 good=-
[27684]   [45] tobacco_plantation limit=0 good=-
[27684]   [46] tropical_wood_lodge limit=0 good=-
[27684]   [47] peasant_grain limit=0 good=grain
[27684]   [48] cattle_factory limit=1 good=raw_cattle
[27684]   [49] coal_factory limit=1 good=raw_coal
[27684]   [50] coffee_factory limit=1 good=raw_tea
[27684]   [51] cotton_factory limit=1 good=raw_cotton
[27684]   [52] dye_factory limit=1 good=raw_dye
[27684]   [53] grain_factory limit=1 good=raw_grain
[27684]   [54] iron_factory limit=1 good=raw_iron
[27684]   [55] oil_factory limit=1 good=raw_oil
[27684]   [56] opium_factory limit=1 good=raw_opium
[27684]   [57] fruit_factory limit=1 good=raw_fruit
[27684]   [58] rubber_factory limit=1 good=raw_rubber
[27684]   [59] silk_factory limit=1 good=raw_silk
[27684]   [60] sulphur_factory limit=1 good=raw_sulphur
[27684]   [61] tea_factory limit=1 good=raw_tea
[27684]   [62] timber_factory limit=1 good=raw_timber
[27684]   [63] tobacco_factory limit=1 good=raw_tobacco
[27684]   [64] tropical_wood_factory limit=1 good=raw_tropical_wood
[27684] ParseProductionTypes: разобрано 65 типов производства (шаблонов пропущено: 62)
[27684] ProdTypeGateHook: установлен
[27684] LoadProvinceGoods: ванильная history\provinces не найдена (I:\Vic2_Dev\V2BDSM\history\provinces)
[27684] LoadProvinceGoods: сканирую мод 'I:\Vic2_Dev\V2BDSM\mod\2\history\provinces' (перекрывает ванильные id)
[27684] LoadProvinceGoods: готово, 2707 провинций с trade_goods
[27684] HideNoSupplyFactoriesHook: установлен
[27684] PriceDelta: активен режим PriceDelta (линейный)
[27684] PriceDelta: 25 сотых процента, множитель 163
[27684] VersionLabel: 'V2 v3.04 + V2DLL v3.29' (len=22), пещера 03A10000
[27684] CombatRoll: диапазон 0..4 (модуль=5)
[27684] OosWatch: FUN_00682EC0 rva 282EC0 -> v2dll_oos.log
[27684] Install: done
[27684] DllMain: attach, Install = 1
[27684] D3D9: Present перехвачен, FPU_PRESERVE=1 noVsync=0
[27684] D3D9: Present перехвачен, FPU_PRESERVE=1 noVsync=0
[34256] CrashWatch: v2dll_crash.log + v2dll_crash_hint.txt (memory dump выключен: ENABLE_CRASH_DUMP=0)
[34256] LoadSettingsFrom: читаю 'v2dll_settings.ini'
[34256] ---- Install ---- версия 3.29
[34256] base = 00D90000
[34256] ---- Settings ----
[34256] localModConfig=0 log=1 buttons=1 decisionFilter=1
[34256] priceDelta=1 patchExponentialPriceDelta=0 popDisplay=0 versionLabel=1
[34256] patchOccupiedReinforceSplit=1 patchAllyOwnerCheck=1 patchCivilizeNullCheck=1 patchSupplySourceNullCheck=1 patchTechCompareNullCheck=1 patchTechFolderIconNullCheck=1
[34256] patchGraphPointClamp=0 patchFactoryDumpScan=0 patchProdListVisibility=1 patchProdTypeGate=1
[34256] prodTypeGateAllowAll=0 patchCombatRoll=1 combatRollMin=0 combatRollMax=4
[34256] enableOosLog=1 patchFpuFortress=1 patchD3dFpuPreserve=1 patchThreadFpuPin=1 patchHeapLfh=1 engineWorkerThreads=0
[34256] patchPopQuantize=1 popQuantizeKeepBits=12 patchMpClientSleep=1 mpClientSleepMs=1
[34256] patchMainLoopSleep0=1 mainLoopSleepMs=1 patchD3dNoVsync=0 patchHighPriority=1
[34256] fixSfxMixerLag=1 d3dFpsLimit=70
[34256] enableCrashLog=1 enableCrashDump=0
[34256] ---- Settings конец ----
[34256] Timer: timeBeginPeriod(1) = 0
[34256] Timer: NtSetTimerResolution(1ms) status=00000000 cur=9989
[34256] Select: ws2_32.select перехвачен (68B47D >2мс -> 1мс, копия timeval)
[34256] CPU: priority ABOVE_NORMAL
[34256] CPU: power throttling off
[34256] Heap: LFH включён на 2 из 2 куч
[34256] FPU: CreateThread exe перехвачен
[34256] FPU: GetTickCount - отложенный патч TBB/D3D
[34256] FPU: пин на главном цикле rva 5DF550
[34256] MainLoopSleep0: Sleep(100) -> Sleep(1) rva 5DF2D5
[34256] MainLoopSleep0: Sleep(100) -> Sleep(1) rva 5DF684
[34256] D3D9: Direct3DCreate9 перехвачен
[34256] TBB: _beginthreadex перехвачен
[34256] Engine: FPU=1 D3D=1 LFH=1 threadPin=1 tbbCap=0 sleep0=1 noVsync=0 prio=1
[34256] PopQuantize: FUN_00485E40, keep_bits=12
[34256] MpClientSleep: Sleep(40) -> Sleep(1) rva 71DD2C
[34256] patch CTechnologyView: слот 11 = 1
[34256] patch CBudgetView: слот 10 = 1
[34256] patch CProductionView: слот 10 = 1
[34256] patch CPoliticsView: слот 10 = 1
[34256] patch CDecision: слот 6 = 1
[34256] Patch 'always_add_wargoals': применён на rva 138AFF
[34256] Patch 'land_reinforce': применён на rva 1C8C9B
[34256] Patch 'naval_reinforce': применён на rva 1C8B1C
[34256] Patch 'max_relative_price': применён на rva A45C28
[34256] Patch 'consciousness_plurality_growth': применён на rva 10C5DE
[34256] Patch 'allied_reinforce_150': применён на rva 1D74BE
[34256] Patch 'build_factory_ignore_colonial_1': применён на rva 0D0C57
[34256] Patch 'build_factory_ignore_colonial_2': применён на rva 12FA4E
[34256] Patch 'build_factory_button_enable_ignore_colonial': применён на rva 12E977
[34256] Patch 'local_supply_factory_ignore_colonial': применён на rva 0D0E9D
[34256] Patch 'build_factory_ignore_uncivilized_button': применён на rva 12E96E
[34256] Patch 'build_factory_checklist_uncivilized_own': применён на rva 12EA67
[34256] Patch 'build_factory_checklist_uncivilized_other': применён на rva 12F0D4
[34256] Patch 'build_factory_ignore_uncivilized_can_build': применён на rva 12CA3E
[34256] Patch 'allow_unciv_tech_research': отключён в настройках
[34256] Patch 'aristocrat_income_share_patch_1': отключён в настройках
[34256] Patch 'aristocrat_income_share_patch_2': отключён в настройках
[34256] Patch 'aristocrat_income_share_patch_3': отключён в настройках
[34256] Patch 'aristocrat_income_share_patch_4': отключён в настройках
[34256] Patch 'aristocrat_income_share_patch_5': отключён в настройках
[34256] OccupiedReinforceSplit: occupied=100.0%, пещера 02750000
[34256] AllyOwnerCheck: owned-by-ally=150%, occupied-by-ally=100.0%, пещера 02760000, ok=1
[34256] CivilizeNullCheck: установлен на rva 14248B, пещера 02770000
[34256] SupplySourceNullCheck: установлен на rva 0D15EB, пещера 02780000
[34256] TechCompareNullCheck: установлен на rva 3A918A, пещера 02790000
[34256] TechFolderIconNullCheck: установлен на rva 3ADE98, пещера 027A0000
[34256] ProdListVisibilityHook: установлен
[34256] LoadProductionTypeLimits: читаю 'I:\Vic2_Dev\V2BDSM\mod\2\common\production_types.txt' (21923 байт)
[34256]   [0] synthetics_template limit=0 good=-
[34256]   [1] machine_part_user_template limit=0 good=-
[34256]   [2] stock_exchange_template limit=0 good=-
[34256]   [3] aeroplane_factory limit=0 good=electric_gear
[34256]   [4] barrel_factory limit=0 good=automobiles
[34256]   [5] automobile_factory limit=0 good=steel
[34256]   [6] radio_factory limit=0 good=glass
[34256]   [7] telephone_factory limit=0 good=glass
[34256]   [8] electric_gear_factory limit=0 good=rubber
[34256]   [9] pharmaceutical_plant limit=0 good=glass
[34256]   [10] steamer_shipyard limit=0 good=steel
[34256]   [11] artillery_factory limit=0 good=explosives
[34256]   [12] small_arms_factory limit=0 good=timber
[34256]   [13] ammunition_factory limit=0 good=sulphur
[34256]   [14] steel_factory limit=0 good=iron
[34256]   [15] machine_parts_factory limit=0 good=steel
[34256]   [16] liquor_distillery limit=0 good=grain
[34256]   [17] winery limit=0 good=fruit
[34256]   [18] fertilizer_factory limit=0 good=sulphur
[34256]   [19] furniture_factory limit=0 good=timber
[34256]   [20] explosives_factory limit=0 good=sulphur
[34256]   [21] luxury_clothes_factory limit=0 good=silk
[34256]   [22] luxury_furniture_factory limit=0 good=tropical_wood
[34256]   [23] cement_factory limit=0 good=coal
[34256]   [24] glass_factory limit=0 good=coal
[34256]   [25] paper_mill limit=0 good=timber
[34256]   [26] fishery limit=0 good=raw_grain
[34256]   [27] regular_clothes_factory limit=0 good=cotton
[34256]   [28] canned_food_factory limit=0 good=grain
[34256]   [29] cattle_ranch limit=0 good=-
[34256]   [30] coal_mine limit=0 good=-
[34256]   [31] coffee_plantation limit=0 good=-
[34256]   [32] cotton_plantation limit=0 good=-
[34256]   [33] dye_plantation limit=0 good=-
[34256]   [34] grain_farm limit=0 good=-
[34256]   [35] iron_mine limit=0 good=-
[34256]   [36] oil_rig limit=0 good=-
[34256]   [37] opium_plantation limit=0 good=-
[34256]   [38] orchard limit=0 good=-
[34256]   [39] precious_metal_mine limit=0 good=-
[34256]   [40] rubber_lodge limit=0 good=-
[34256]   [41] silkworm_ranch limit=0 good=-
[34256]   [42] sulphur_mine limit=0 good=-
[34256]   [43] tea_plantation limit=0 good=-
[34256]   [44] timber_lodge limit=0 good=-
[34256]   [45] tobacco_plantation limit=0 good=-
[34256]   [46] tropical_wood_lodge limit=0 good=-
[34256]   [47] peasant_grain limit=0 good=grain
[34256]   [48] cattle_factory limit=1 good=raw_cattle
[34256]   [49] coal_factory limit=1 good=raw_coal
[34256]   [50] coffee_factory limit=1 good=raw_tea
[34256]   [51] cotton_factory limit=1 good=raw_cotton
[34256]   [52] dye_factory limit=1 good=raw_dye
[34256]   [53] grain_factory limit=1 good=raw_grain
[34256]   [54] iron_factory limit=1 good=raw_iron
[34256]   [55] oil_factory limit=1 good=raw_oil
[34256]   [56] opium_factory limit=1 good=raw_opium
[34256]   [57] fruit_factory limit=1 good=raw_fruit
[34256]   [58] rubber_factory limit=1 good=raw_rubber
[34256]   [59] silk_factory limit=1 good=raw_silk
[34256]   [60] sulphur_factory limit=1 good=raw_sulphur
[34256]   [61] tea_factory limit=1 good=raw_tea
[34256]   [62] timber_factory limit=1 good=raw_timber
[34256]   [63] tobacco_factory limit=1 good=raw_tobacco
[34256]   [64] tropical_wood_factory limit=1 good=raw_tropical_wood
[34256] ParseProductionTypes: разобрано 65 типов производства (шаблонов пропущено: 62)
[34256] ProdTypeGateHook: установлен
[34256] LoadProvinceGoods: ванильная history\provinces не найдена (I:\Vic2_Dev\V2BDSM\history\provinces)
[34256] LoadProvinceGoods: сканирую мод 'I:\Vic2_Dev\V2BDSM\mod\2\history\provinces' (перекрывает ванильные id)
[34256] LoadProvinceGoods: готово, 2707 провинций с trade_goods
[34256] HideNoSupplyFactoriesHook: установлен
[34256] PriceDelta: активен режим PriceDelta (линейный)
[34256] PriceDelta: 25 сотых процента, множитель 163
[34256] VersionLabel: 'V2 v3.04 + V2DLL v3.29' (len=22), пещера 027C0000
[34256] CombatRoll: диапазон 0..4 (модуль=5)
[34256] OosWatch: FUN_00682EC0 rva 282EC0 -> v2dll_oos.log
[34256] Install: done
[34256] DllMain: attach, Install = 1
[34256] D3D9: Present перехвачен, FPU_PRESERVE=1 noVsync=0
[34256] D3D9: Present перехвачен, FPU_PRESERVE=1 noVsync=0
[34256] Update[CTechnologyView]: вызван, view=5EC14B00
[34256] Setup[CTechnologyView]: 'FE_ACADEMIES_BDSM' подписана
[34256] Setup[CTechnologyView]: 'FE_RPROJECTS_BDSM' подписана
[34256] ProdTypeGate: tobacco_factory -> result=1 (впервые)
[34256] ProdTypeGate: liquor_distillery -> result=0 (впервые)
[34256] ProdTypeGate: paper_mill -> result=0 (впервые)
[34256] ProdTypeGate: furniture_factory -> result=0 (впервые)
[34256] ProdTypeGate: cattle_factory -> result=1 (впервые)
[34256] ProdTypeGate: fruit_factory -> result=1 (впервые)
[34256] ProdTypeGate: regular_clothes_factory -> result=0 (впервые)
[34256] ProdTypeGate: small_arms_factory -> result=0 (впервые)
[34256] ProdTypeGate: luxury_furniture_factory -> result=0 (впервые)
[34256] ProdTypeGate: grain_factory -> result=1 (впервые)
[34256] ProdTypeGate: steel_factory -> result=0 (впервые)
[34256] ProdTypeGate: coal_factory -> result=1 (впервые)
[34256] ProdTypeGate: timber_factory -> result=1 (впервые)
[34256] ProdTypeGate: cotton_factory -> result=1 (впервые)
[34256] ProdTypeGate: opium_factory -> result=1 (впервые)
[34256] ProdTypeGate: tropical_wood_factory -> result=1 (впервые)
[34256] ProdTypeGate: sulphur_factory -> result=1 (впервые)
[34256] ProdTypeGate: iron_factory -> result=1 (впервые)
[34256] ProdTypeGate: cement_factory -> result=0 (впервые)
[34256] ProdTypeGate: tea_factory -> result=1 (впервые)
[34256] ProdTypeGate: fishery -> result=1 (впервые)
[34256] ProdTypeGate: coffee_factory -> result=1 (впервые)
[34256] ProdTypeGate: dye_factory -> result=1 (впервые)
[34256] ProdTypeGate: silk_factory -> result=1 (впервые)
[34256] ProdTypeGate: fertilizer_factory -> result=0 (впервые)
[34256] ProdTypeGate: glass_factory -> result=0 (впервые)
[34256] ProdTypeGate: explosives_factory -> result=0 (впервые)
[34256] ProdTypeGate: artillery_factory -> result=0 (впервые)
[34256] ProdTypeGate: ammunition_factory -> result=0 (впервые)
[34256] ProdTypeGate: canned_food_factory -> result=0 (впервые)
[34256] ProdTypeGate: winery -> result=0 (впервые)
[34256] ProdTypeGate: luxury_clothes_factory -> result=0 (впервые)
[34256] ProdTypeGate: steamer_shipyard -> result=0 (впервые)
[34256] ProdTypeGate: steamer_shipyard -> result=0 (впервые)
[34256] ProdTypeGate: steamer_shipyard -> result=0 (впервые)
[34256] ProdTypeGate: steamer_shipyard -> result=0 (впервые)
[34256] ProdTypeGate: steamer_shipyard -> result=0 (впервые)
[34256] ProdTypeGate: steamer_shipyard -> result=0 (впервые)
[34256] ProdTypeGate: steamer_shipyard -> result=0 (впервые)
[34256] ProdTypeGate: steamer_shipyard -> result=0 (впервые)
[34256] ProdTypeGate: steamer_shipyard -> result=0 (впервые)
[34256] ProdTypeGate: steamer_shipyard -> result=0 (впервые)
[34256] ProdTypeGate: steamer_shipyard -> result=0 (впервые)
[34256] ProdTypeGate: steamer_shipyard -> result=0 (впервые)
[34256] ProdTypeGate: steamer_shipyard -> result=0 (впервые)
[34256] ProdTypeGate: steamer_shipyard -> result=0 (впервые)
[34256] ProdTypeGate: steamer_shipyard -> result=0 (впервые)
[23028] CrashWatch: v2dll_crash.log + v2dll_crash_hint.txt (memory dump выключен: ENABLE_CRASH_DUMP=0)
[23028] LoadSettingsFrom: читаю 'v2dll_settings.ini'
[23028] ---- Install ---- версия 3.29
[23028] base = 00D90000
[23028] ---- Settings ----
[23028] localModConfig=0 log=1 buttons=1 decisionFilter=1
[23028] priceDelta=1 patchExponentialPriceDelta=0 popDisplay=0 versionLabel=1
[23028] patchOccupiedReinforceSplit=1 patchAllyOwnerCheck=1 patchCivilizeNullCheck=1 patchSupplySourceNullCheck=1 patchTechCompareNullCheck=1 patchTechFolderIconNullCheck=1
[23028] patchGraphPointClamp=0 patchFactoryDumpScan=0 patchProdListVisibility=1 patchProdTypeGate=1
[23028] prodTypeGateAllowAll=0 patchCombatRoll=1 combatRollMin=0 combatRollMax=4
[23028] enableOosLog=1 patchFpuFortress=1 patchD3dFpuPreserve=1 patchThreadFpuPin=1 patchHeapLfh=1 engineWorkerThreads=0
[23028] patchPopQuantize=1 popQuantizeKeepBits=12 patchMpClientSleep=1 mpClientSleepMs=1
[23028] patchMainLoopSleep0=1 mainLoopSleepMs=1 patchD3dNoVsync=0 patchHighPriority=1
[23028] fixSfxMixerLag=1 d3dFpsLimit=70
[23028] enableCrashLog=1 enableCrashDump=0
[23028] ---- Settings конец ----
[23028] Timer: timeBeginPeriod(1) = 0
[23028] Timer: NtSetTimerResolution(1ms) status=00000000 cur=9989
[23028] Select: ws2_32.select перехвачен (68B47D >2мс -> 1мс, копия timeval)
[23028] CPU: priority ABOVE_NORMAL
[23028] CPU: power throttling off
[23028] Heap: LFH включён на 2 из 2 куч
[23028] FPU: CreateThread exe перехвачен
[23028] FPU: GetTickCount - отложенный патч TBB/D3D
[23028] FPU: пин на главном цикле rva 5DF550
[23028] MainLoopSleep0: Sleep(100) -> Sleep(1) rva 5DF2D5
[23028] MainLoopSleep0: Sleep(100) -> Sleep(1) rva 5DF684
[23028] D3D9: Direct3DCreate9 перехвачен
[23028] TBB: _beginthreadex перехвачен
[23028] Engine: FPU=1 D3D=1 LFH=1 threadPin=1 tbbCap=0 sleep0=1 noVsync=0 prio=1
[23028] PopQuantize: FUN_00485E40, keep_bits=12
[23028] MpClientSleep: Sleep(40) -> Sleep(1) rva 71DD2C
[23028] patch CTechnologyView: слот 11 = 1
[23028] patch CBudgetView: слот 10 = 1
[23028] patch CProductionView: слот 10 = 1
[23028] patch CPoliticsView: слот 10 = 1
[23028] patch CDecision: слот 6 = 1
[23028] Patch 'always_add_wargoals': применён на rva 138AFF
[23028] Patch 'land_reinforce': применён на rva 1C8C9B
[23028] Patch 'naval_reinforce': применён на rva 1C8B1C
[23028] Patch 'max_relative_price': применён на rva A45C28
[23028] Patch 'consciousness_plurality_growth': применён на rva 10C5DE
[23028] Patch 'allied_reinforce_150': применён на rva 1D74BE
[23028] Patch 'build_factory_ignore_colonial_1': применён на rva 0D0C57
[23028] Patch 'build_factory_ignore_colonial_2': применён на rva 12FA4E
[23028] Patch 'build_factory_button_enable_ignore_colonial': применён на rva 12E977
[23028] Patch 'local_supply_factory_ignore_colonial': применён на rva 0D0E9D
[23028] Patch 'build_factory_ignore_uncivilized_button': применён на rva 12E96E
[23028] Patch 'build_factory_checklist_uncivilized_own': применён на rva 12EA67
[23028] Patch 'build_factory_checklist_uncivilized_other': применён на rva 12F0D4
[23028] Patch 'build_factory_ignore_uncivilized_can_build': применён на rva 12CA3E
[23028] Patch 'allow_unciv_tech_research': отключён в настройках
[23028] Patch 'aristocrat_income_share_patch_1': отключён в настройках
[23028] Patch 'aristocrat_income_share_patch_2': отключён в настройках
[23028] Patch 'aristocrat_income_share_patch_3': отключён в настройках
[23028] Patch 'aristocrat_income_share_patch_4': отключён в настройках
[23028] Patch 'aristocrat_income_share_patch_5': отключён в настройках
[23028] OccupiedReinforceSplit: occupied=100.0%, пещера 020E0000
[23028] AllyOwnerCheck: owned-by-ally=150%, occupied-by-ally=100.0%, пещера 020F0000, ok=1
[23028] CivilizeNullCheck: установлен на rva 14248B, пещера 02100000
[23028] SupplySourceNullCheck: установлен на rva 0D15EB, пещера 02110000
[23028] TechCompareNullCheck: установлен на rva 3A918A, пещера 02120000
[23028] TechFolderIconNullCheck: установлен на rva 3ADE98, пещера 02130000
[23028] ProdListVisibilityHook: установлен
[23028] LoadProductionTypeLimits: читаю 'I:\Vic2_Dev\V2BDSM\mod\2\common\production_types.txt' (21923 байт)
[23028]   [0] synthetics_template limit=0 good=-
[23028]   [1] machine_part_user_template limit=0 good=-
[23028]   [2] stock_exchange_template limit=0 good=-
[23028]   [3] aeroplane_factory limit=0 good=electric_gear
[23028]   [4] barrel_factory limit=0 good=automobiles
[23028]   [5] automobile_factory limit=0 good=steel
[23028]   [6] radio_factory limit=0 good=glass
[23028]   [7] telephone_factory limit=0 good=glass
[23028]   [8] electric_gear_factory limit=0 good=rubber
[23028]   [9] pharmaceutical_plant limit=0 good=glass
[23028]   [10] steamer_shipyard limit=0 good=steel
[23028]   [11] artillery_factory limit=0 good=explosives
[23028]   [12] small_arms_factory limit=0 good=timber
[23028]   [13] ammunition_factory limit=0 good=sulphur
[23028]   [14] steel_factory limit=0 good=iron
[23028]   [15] machine_parts_factory limit=0 good=steel
[23028]   [16] liquor_distillery limit=0 good=grain
[23028]   [17] winery limit=0 good=fruit
[23028]   [18] fertilizer_factory limit=0 good=sulphur
[23028]   [19] furniture_factory limit=0 good=timber
[23028]   [20] explosives_factory limit=0 good=sulphur
[23028]   [21] luxury_clothes_factory limit=0 good=silk
[23028]   [22] luxury_furniture_factory limit=0 good=tropical_wood
[23028]   [23] cement_factory limit=0 good=coal
[23028]   [24] glass_factory limit=0 good=coal
[23028]   [25] paper_mill limit=0 good=timber
[23028]   [26] fishery limit=0 good=raw_grain
[23028]   [27] regular_clothes_factory limit=0 good=cotton
[23028]   [28] canned_food_factory limit=0 good=grain
[23028]   [29] cattle_ranch limit=0 good=-
[23028]   [30] coal_mine limit=0 good=-
[23028]   [31] coffee_plantation limit=0 good=-
[23028]   [32] cotton_plantation limit=0 good=-
[23028]   [33] dye_plantation limit=0 good=-
[23028]   [34] grain_farm limit=0 good=-
[23028]   [35] iron_mine limit=0 good=-
[23028]   [36] oil_rig limit=0 good=-
[23028]   [37] opium_plantation limit=0 good=-
[23028]   [38] orchard limit=0 good=-
[23028]   [39] precious_metal_mine limit=0 good=-
[23028]   [40] rubber_lodge limit=0 good=-
[23028]   [41] silkworm_ranch limit=0 good=-
[23028]   [42] sulphur_mine limit=0 good=-
[23028]   [43] tea_plantation limit=0 good=-
[23028]   [44] timber_lodge limit=0 good=-
[23028]   [45] tobacco_plantation limit=0 good=-
[23028]   [46] tropical_wood_lodge limit=0 good=-
[23028]   [47] peasant_grain limit=0 good=grain
[23028]   [48] cattle_factory limit=1 good=raw_cattle
[23028]   [49] coal_factory limit=1 good=raw_coal
[23028]   [50] coffee_factory limit=1 good=raw_tea
[23028]   [51] cotton_factory limit=1 good=raw_cotton
[23028]   [52] dye_factory limit=1 good=raw_dye
[23028]   [53] grain_factory limit=1 good=raw_grain
[23028]   [54] iron_factory limit=1 good=raw_iron
[23028]   [55] oil_factory limit=1 good=raw_oil
[23028]   [56] opium_factory limit=1 good=raw_opium
[23028]   [57] fruit_factory limit=1 good=raw_fruit
[23028]   [58] rubber_factory limit=1 good=raw_rubber
[23028]   [59] silk_factory limit=1 good=raw_silk
[23028]   [60] sulphur_factory limit=1 good=raw_sulphur
[23028]   [61] tea_factory limit=1 good=raw_tea
[23028]   [62] timber_factory limit=1 good=raw_timber
[23028]   [63] tobacco_factory limit=1 good=raw_tobacco
[23028]   [64] tropical_wood_factory limit=1 good=raw_tropical_wood
[23028] ParseProductionTypes: разобрано 65 типов производства (шаблонов пропущено: 62)
[23028] ProdTypeGateHook: установлен
[23028] LoadProvinceGoods: ванильная history\provinces не найдена (I:\Vic2_Dev\V2BDSM\history\provinces)
[23028] LoadProvinceGoods: сканирую мод 'I:\Vic2_Dev\V2BDSM\mod\2\history\provinces' (перекрывает ванильные id)
[23028] LoadProvinceGoods: готово, 2707 провинций с trade_goods
[23028] HideNoSupplyFactoriesHook: установлен
[23028] PriceDelta: активен режим PriceDelta (линейный)
[23028] PriceDelta: 25 сотых процента, множитель 163
[23028] VersionLabel: 'V2 v3.04 + V2DLL v3.29' (len=22), пещера 02150000
[23028] CombatRoll: диапазон 0..4 (модуль=5)
[23028] OosWatch: FUN_00682EC0 rva 282EC0 -> v2dll_oos.log
[23028] Install: done
[23028] DllMain: attach, Install = 1
[23028] D3D9: Present перехвачен, FPU_PRESERVE=1 noVsync=0
[23028] D3D9: Present перехвачен, FPU_PRESERVE=1 noVsync=0
[23028] Update[CTechnologyView]: вызван, view=550D7030
[23028] Setup[CTechnologyView]: 'FE_ACADEMIES_BDSM' подписана
[23028] Setup[CTechnologyView]: 'FE_RPROJECTS_BDSM' подписана
[23028] ProdTypeGate: tobacco_factory -> result=1 (впервые)
[23028] ProdTypeGate: liquor_distillery -> result=0 (впервые)
[23028] ProdTypeGate: paper_mill -> result=0 (впервые)
[23028] ProdTypeGate: furniture_factory -> result=0 (впервые)
[23028] ProdTypeGate: cattle_factory -> result=1 (впервые)
[23028] ProdTypeGate: fruit_factory -> result=1 (впервые)
[23028] ProdTypeGate: regular_clothes_factory -> result=0 (впервые)
[23028] ProdTypeGate: small_arms_factory -> result=0 (впервые)
[23028] ProdTypeGate: luxury_furniture_factory -> result=0 (впервые)
[23028] ProdTypeGate: grain_factory -> result=1 (впервые)
[23028] ProdTypeGate: steel_factory -> result=0 (впервые)
[23028] ProdTypeGate: coal_factory -> result=1 (впервые)
[23028] ProdTypeGate: timber_factory -> result=1 (впервые)
[23028] ProdTypeGate: cotton_factory -> result=1 (впервые)
[23028] ProdTypeGate: opium_factory -> result=1 (впервые)
[23028] ProdTypeGate: tropical_wood_factory -> result=1 (впервые)
[23028] ProdTypeGate: sulphur_factory -> result=1 (впервые)
[23028] ProdTypeGate: iron_factory -> result=1 (впервые)
[23028] ProdTypeGate: cement_factory -> result=0 (впервые)
[23028] ProdTypeGate: tea_factory -> result=1 (впервые)
[23028] ProdTypeGate: fishery -> result=1 (впервые)
[23028] ProdTypeGate: coffee_factory -> result=1 (впервые)
[23028] ProdTypeGate: dye_factory -> result=1 (впервые)
[23028] ProdTypeGate: silk_factory -> result=1 (впервые)
[23028] ProdTypeGate: fertilizer_factory -> result=0 (впервые)
[23028] ProdTypeGate: glass_factory -> result=0 (впервые)
[23028] ProdTypeGate: explosives_factory -> result=0 (впервые)
[23028] ProdTypeGate: artillery_factory -> result=0 (впервые)
[23028] ProdTypeGate: ammunition_factory -> result=0 (впервые)
[23028] ProdTypeGate: canned_food_factory -> result=0 (впервые)
[23028] ProdTypeGate: winery -> result=0 (впервые)
[23028] ProdTypeGate: luxury_clothes_factory -> result=0 (впервые)
[23028] ProdTypeGate: steamer_shipyard -> result=0 (впервые)
[23028] ProdTypeGate: steamer_shipyard -> result=0 (впервые)
[23028] ProdTypeGate: steamer_shipyard -> result=0 (впервые)
[23028] ProdTypeGate: steamer_shipyard -> result=0 (впервые)
[23028] ProdTypeGate: steamer_shipyard -> result=0 (впервые)
[23028] ProdTypeGate: steamer_shipyard -> result=0 (впервые)
[23028] ProdTypeGate: steamer_shipyard -> result=0 (впервые)
[23028] ProdTypeGate: steamer_shipyard -> result=0 (впервые)
[23028] ProdTypeGate: steamer_shipyard -> result=0 (впервые)
[23028] ProdTypeGate: steamer_shipyard -> result=0 (впервые)
[23028] ProdTypeGate: steamer_shipyard -> result=0 (впервые)
[23028] ProdTypeGate: steamer_shipyard -> result=0 (впервые)
[23028] ProdTypeGate: steamer_shipyard -> result=0 (впервые)
[23028] ProdTypeGate: steamer_shipyard -> result=0 (впервые)
[23028] ProdTypeGate: steamer_shipyard -> result=0 (впервые)
[23028] ProdTypeGate: steamer_shipyard -> result=0 (впервые)
[23028] ProdTypeGate: steamer_shipyard -> result=0 (впервые)
[23028] ProdTypeGate: steamer_shipyard -> result=0 (впервые)
[23028] ProdTypeGate: steamer_shipyard -> result=0 (впервые)
[23028] ProdTypeGate: steamer_shipyard -> result=0 (впервые)
[23028] ProdTypeGate: steamer_shipyard -> result=0 (впервые)
[23028] ProdTypeGate: steamer_shipyard -> result=0 (впервые)
[23028] ProdTypeGate: machine_parts_factory -> result=0 (впервые)
[23028] ProdTypeGate: steamer_shipyard -> result=0 (впервые)
[23028] ProdTypeGate: steamer_shipyard -> result=0 (впервые)
[23028] ProdTypeGate: steamer_shipyard -> result=0 (впервые)
[23028] ProdTypeGate: steamer_shipyard -> result=0 (впервые)
[23028] ProdTypeGate: steamer_shipyard -> result=0 (впервые)
[23028] ProdTypeGate: steamer_shipyard -> result=0 (впервые)
[23028] ProdTypeGate: steamer_shipyard -> result=0 (впервые)
[23028] ProdTypeGate: steamer_shipyard -> result=0 (впервые)
[23028] ProdTypeGate: steamer_shipyard -> result=0 (впервые)
[23028] ProdTypeGate: steamer_shipyard -> result=0 (впервые)
[23028] ProdTypeGate: steamer_shipyard -> result=0 (впервые)
[23028] ProdTypeGate: machine_parts_factory -> result=0 (впервые)
[23028] ProdTypeGate: steamer_shipyard -> result=0 (впервые)
[23028] ProdTypeGate: steamer_shipyard -> result=0 (впервые)
[23028] ProdTypeGate: machine_parts_factory -> result=0 (впервые)
[23028] ProdTypeGate: steamer_shipyard -> result=0 (впервые)
[23028] ProdTypeGate: machine_parts_factory -> result=0 (впервые)
[23028] ProdTypeGate: steamer_shipyard -> result=0 (впервые)
[23028] ProdTypeGate: steamer_shipyard -> result=0 (впервые)
[23028] ProdTypeGate: steamer_shipyard -> result=0 (впервые)
[23028] ProdTypeGate: steamer_shipyard -> result=0 (впервые)
[23028] ProdTypeGate: steamer_shipyard -> result=0 (впервые)
[23028] ProdTypeGate: steamer_shipyard -> result=0 (впервые)
[23028] ProdTypeGate: steamer_shipyard -> result=0 (впервые)
[23028] ProdTypeGate: steamer_shipyard -> result=0 (впервые)
[23028] ProdTypeGate: machine_parts_factory -> result=0 (впервые)
[23028] ProdTypeGate: steamer_shipyard -> result=0 (впервые)
[23028] ProdTypeGate: steamer_shipyard -> result=0 (впервые)
[23028] ProdTypeGate: steamer_shipyard -> result=0 (впервые)
[23028] ProdTypeGate: steamer_shipyard -> result=0 (впервые)
[23028] ProdTypeGate: steamer_shipyard -> result=0 (впервые)
[23028] ProdTypeGate: steamer_shipyard -> result=0 (впервые)
[23028] ProdTypeGate: steamer_shipyard -> result=0 (впервые)
[23028] ProdTypeGate: steamer_shipyard -> result=0 (впервые)
[23028] ProdTypeGate: steamer_shipyard -> result=0 (впервые)
[23028] ProdTypeGate: steamer_shipyard -> result=0 (впервые)
[23028] ProdTypeGate: steamer_shipyard -> result=0 (впервые)
[23028] ProdTypeGate: machine_parts_factory -> result=0 (впервые)
[23028] ProdTypeGate: steamer_shipyard -> result=0 (впервые)
[23028] ProdTypeGate: steamer_shipyard -> result=0 (впервые)
[23028] ProdTypeGate: steamer_shipyard -> result=0 (впервые)
[23028] ProdTypeGate: steamer_shipyard -> result=0 (впервые)
[23028] ProdTypeGate: steamer_shipyard -> result=0 (впервые)
[23028] ProdTypeGate: machine_parts_factory -> result=0 (впервые)
[23028] ProdTypeGate: steamer_shipyard -> result=0 (впервые)
[23028] ProdTypeGate: machine_parts_factory -> result=0 (впервые)
[23028] ProdTypeGate: steamer_shipyard -> result=0 (впервые)
[23028] ProdTypeGate: steamer_shipyard -> result=0 (впервые)
[23028] ProdTypeGate: steamer_shipyard -> result=0 (впервые)
[23028] ProdTypeGate: steamer_shipyard -> result=0 (впервые)
[23028] ProdTypeGate: steamer_shipyard -> result=0 (впервые)
[23028] ProdTypeGate: steamer_shipyard -> result=0 (впервые)
[23028] ProdTypeGate: steamer_shipyard -> result=0 (впервые)
[23028] ProdTypeGate: machine_parts_factory -> result=0 (впервые)
[23028] ProdTypeGate: steamer_shipyard -> result=0 (впервые)
[23028] ProdTypeGate: steamer_shipyard -> result=0 (впервые)
[23028] ProdTypeGate: steamer_shipyard -> result=0 (впервые)
[23028] ProdTypeGate: steamer_shipyard -> result=0 (впервые)
[23028] ProdTypeGate: steamer_shipyard -> result=0 (впервые)
[23028] ProdTypeGate: steamer_shipyard -> result=0 (впервые)
[23028] ProdTypeGate: steamer_shipyard -> result=0 (впервые)
[23028] ProdTypeGate: steamer_shipyard -> result=0 (впервые)
[23028] ProdTypeGate: steamer_shipyard -> result=0 (впервые)
[23028] ProdTypeGate: steamer_shipyard -> result=0 (впервые)
[23028] ProdTypeGate: steamer_shipyard -> result=0 (впервые)
[23028] ProdTypeGate: steamer_shipyard -> result=0 (впервые)
[23028] ProdTypeGate: machine_parts_factory -> result=0 (впервые)
[23028] ProdTypeGate: steamer_shipyard -> result=0 (впервые)
[23028] ProdTypeGate: machine_parts_factory -> result=0 (впервые)
[23028] ProdTypeGate: machine_parts_factory -> result=0 (впервые)
[23028] ProdTypeGate: steamer_shipyard -> result=0 (впервые)
[23028] ProdTypeGate: machine_parts_factory -> result=0 (впервые)
[23028] ProdTypeGate: steamer_shipyard -> result=0 (впервые)
[23028] ProdTypeGate: steamer_shipyard -> result=0 (впервые)
[23028] ProdTypeGate: steamer_shipyard -> result=0 (впервые)
[23028] ProdTypeGate: steamer_shipyard -> result=0 (впервые)
[23028] ProdTypeGate: steamer_shipyard -> result=0 (впервые)
[23028] ProdTypeGate: steamer_shipyard -> result=0 (впервые)
[23028] ProdTypeGate: steamer_shipyard -> result=0 (впервые)
[23028] ProdTypeGate: steamer_shipyard -> result=0 (впервые)
[23028] ProdTypeGate: machine_parts_factory -> result=0 (впервые)
[23028] ProdTypeGate: steamer_shipyard -> result=0 (впервые)
[23028] ProdTypeGate: machine_parts_factory -> result=0 (впервые)
[23028] ProdTypeGate: steamer_shipyard -> result=0 (впервые)
[23028] ProdTypeGate: steamer_shipyard -> result=0 (впервые)
[23028] ProdTypeGate: steamer_shipyard -> result=0 (впервые)
[23028] ProdTypeGate: machine_parts_factory -> result=0 (впервые)
[23028] ProdTypeGate: steamer_shipyard -> result=0 (впервые)
[23028] ProdTypeGate: steamer_shipyard -> result=0 (впервые)
[23028] ProdTypeGate: machine_parts_factory -> result=0 (впервые)
[23028] ProdTypeGate: steamer_shipyard -> result=0 (впервые)
[23028] ProdTypeGate: steamer_shipyard -> result=0 (впервые)
[23028] ProdTypeGate: steamer_shipyard -> result=0 (впервые)
[23028] ProdTypeGate: steamer_shipyard -> result=0 (впервые)
[23028] ProdTypeGate: steamer_shipyard -> result=0 (впервые)
[23028] ProdTypeGate: steamer_shipyard -> result=0 (впервые)
[23028] ProdTypeGate: machine_parts_factory -> result=0 (впервые)
[23028] ProdTypeGate: steamer_shipyard -> result=0 (впервые)
[23028] ProdTypeGate: steamer_shipyard -> result=0 (впервые)
[23028] ProdTypeGate: steamer_shipyard -> result=0 (впервые)
[23028] ProdTypeGate: steamer_shipyard -> result=0 (впервые)
[23028] Update[CTechnologyView]: вызван, view=550BED30
[23028] Setup[CTechnologyView]: 'FE_ACADEMIES_BDSM' подписана
[23028] Setup[CTechnologyView]: 'FE_RPROJECTS_BDSM' подписана
[23028] HideNoSupply: cattle_factory -> hide=1 (впервые)
[23028] HideNoSupply: grain_factory -> hide=1 (впервые)
[23028] HideNoSupply: fruit_factory -> hide=1 (впервые)
[23028] HideNoSupply: timber_factory -> hide=1 (впервые)
[23028] HideNoSupply: iron_factory -> hide=1 (впервые)
[23028] HideNoSupply: coal_factory -> hide=1 (впервые)
[23028] HideNoSupply: sulphur_factory -> hide=1 (впервые)
[23028] HideNoSupply: coffee_factory -> hide=0 (впервые)
[23028] HideNoSupply: tea_factory -> hide=0 (впервые)
[23028] HideNoSupply: tobacco_factory -> hide=1 (впервые)
[23028] HideNoSupply: cotton_factory -> hide=0 (впервые)
[23028] HideNoSupply: dye_factory -> hide=1 (впервые)
[23028] HideNoSupply: opium_factory -> hide=1 (впервые)
[23028] HideNoSupply: silk_factory -> hide=1 (впервые)
[23028] HideNoSupply: tropical_wood_factory -> hide=1 (впервые)
[23028] ProdTypeGate: steamer_shipyard -> result=0 (впервые)
[23028] Update[CProductionView]: вызван, view=3E4CC408
[23028] SetupHideColonialButton: подписана
[23028] Update[CProductionView]: вызван, view=3E4CC408
[23028] ProdTypeGate: steamer_shipyard -> result=0 (впервые)
[23028] ProdTypeGate: steamer_shipyard -> result=0 (впервые)
[23028] ProdTypeGate: steamer_shipyard -> result=0 (впервые)
[23028] ProdTypeGate: steamer_shipyard -> result=0 (впервые)
[23028] ProdTypeGate: steamer_shipyard -> result=0 (впервые)
[23028] ProdTypeGate: steamer_shipyard -> result=0 (впервые)
[23028] ProdTypeGate: steamer_shipyard -> result=0 (впервые)
[23028] ProdTypeGate: steamer_shipyard -> result=0 (впервые)
[23028] ProdTypeGate: steamer_shipyard -> result=0 (впервые)
[23028] ProdTypeGate: steamer_shipyard -> result=0 (впервые)
[23028] ProdTypeGate: steamer_shipyard -> result=0 (впервые)
[23028] ProdTypeGate: steamer_shipyard -> result=0 (впервые)
[23028] ProdTypeGate: steamer_shipyard -> result=0 (впервые)
[23028] ProdTypeGate: steamer_shipyard -> result=0 (впервые)
[23028] ProdTypeGate: steamer_shipyard -> result=0 (впервые)
[23028] ProdTypeGate: steamer_shipyard -> result=0 (впервые)
[23028] ProdTypeGate: steamer_shipyard -> result=0 (впервые)
[23028] ProdTypeGate: steamer_shipyard -> result=0 (впервые)
[23028] ProdTypeGate: steamer_shipyard -> result=0 (впервые)
[23028] ProdTypeGate: steamer_shipyard -> result=0 (впервые)
[23028] ProdTypeGate: steamer_shipyard -> result=0 (впервые)
[23028] ProdTypeGate: steamer_shipyard -> result=0 (впервые)
[23028] ProdTypeGate: steamer_shipyard -> result=0 (впервые)
[23028] ProdTypeGate: machine_parts_factory -> result=0 (впервые)
[23028] ProdTypeGate: steamer_shipyard -> result=0 (впервые)
[23028] ProdTypeGate: machine_parts_factory -> result=0 (впервые)
[23028] ProdTypeGate: steamer_shipyard -> result=0 (впервые)
[23028] ProdTypeGate: steamer_shipyard -> result=0 (впервые)
[23028] ProdTypeGate: steamer_shipyard -> result=0 (впервые)
[23028] ProdTypeGate: steamer_shipyard -> result=0 (впервые)
[23028] ProdTypeGate: steamer_shipyard -> result=0 (впервые)
[23028] ProdTypeGate: steamer_shipyard -> result=0 (впервые)
[23028] ProdTypeGate: steamer_shipyard -> result=0 (впервые)
[23028] ProdTypeGate: steamer_shipyard -> result=0 (впервые)
[23028] ProdTypeGate: steamer_shipyard -> result=0 (впервые)
[23028] ProdTypeGate: steamer_shipyard -> result=0 (впервые)
[23028] ProdTypeGate: steamer_shipyard -> result=0 (впервые)
[23028] ProdTypeGate: steamer_shipyard -> result=0 (впервые)
[23028] ProdTypeGate: steamer_shipyard -> result=0 (впервые)
[23028] ProdTypeGate: steamer_shipyard -> result=0 (впервые)
[23028] ProdTypeGate: steamer_shipyard -> result=0 (впервые)
[23028] ProdTypeGate: steamer_shipyard -> result=0 (впервые)
[23028] ProdTypeGate: steamer_shipyard -> result=0 (впервые)
[23028] ProdTypeGate: steamer_shipyard -> result=0 (впервые)
[23028] ProdTypeGate: steamer_shipyard -> result=0 (впервые)
[23028] ProdTypeGate: steamer_shipyard -> result=0 (впервые)
[23028] ProdTypeGate: steamer_shipyard -> result=0 (впервые)
[23028] ProdTypeGate: steamer_shipyard -> result=0 (впервые)
[23028] ProdTypeGate: machine_parts_factory -> result=0 (впервые)
[23028] ProdTypeGate: steamer_shipyard -> result=0 (впервые)
[23028] ProdTypeGate: steamer_shipyard -> result=0 (впервые)
[23028] ProdTypeGate: steamer_shipyard -> result=0 (впервые)
[23028] ProdTypeGate: steamer_shipyard -> result=0 (впервые)
[23028] ProdTypeGate: steamer_shipyard -> result=0 (впервые)
[23028] ProdTypeGate: steamer_shipyard -> result=0 (впервые)
[23028] ProdTypeGate: steamer_shipyard -> result=0 (впервые)
[23028] ProdTypeGate: steamer_shipyard -> result=0 (впервые)
[23028] ProdTypeGate: steamer_shipyard -> result=0 (впервые)
[23028] ProdTypeGate: machine_parts_factory -> result=0 (впервые)
[23028] ProdTypeGate: steamer_shipyard -> result=0 (впервые)
[23028] ProdTypeGate: machine_parts_factory -> result=0 (впервые)
[23028] ProdTypeGate: steamer_shipyard -> result=0 (впервые)
[23028] ProdTypeGate: steamer_shipyard -> result=0 (впервые)
[23028] ProdTypeGate: steamer_shipyard -> result=0 (впервые)
[23028] ProdTypeGate: steamer_shipyard -> result=0 (впервые)
[23028] ProdTypeGate: steamer_shipyard -> result=0 (впервые)
[23028] ProdTypeGate: steamer_shipyard -> result=0 (впервые)
[23028] ProdTypeGate: steamer_shipyard -> result=0 (впервые)
[23028] ProdTypeGate: steamer_shipyard -> result=0 (впервые)
[23028] ProdTypeGate: steamer_shipyard -> result=0 (впервые)
[23028] ProdTypeGate: machine_parts_factory -> result=0 (впервые)
[23028] ProdTypeGate: steamer_shipyard -> result=0 (впервые)
[23028] ProdTypeGate: machine_parts_factory -> result=0 (впервые)
[23028] ProdTypeGate: steamer_shipyard -> result=0 (впервые)
[23028] ProdTypeGate: steamer_shipyard -> result=0 (впервые)
[23028] ProdTypeGate: steamer_shipyard -> result=0 (впервые)
[23028] ProdTypeGate: steamer_shipyard -> result=0 (впервые)
[23028] ProdTypeGate: steamer_shipyard -> result=0 (впервые)
[23028] ProdTypeGate: steamer_shipyard -> result=0 (впервые)
[23028] ProdTypeGate: steamer_shipyard -> result=0 (впервые)
[23028] ProdTypeGate: steamer_shipyard -> result=0 (впервые)
[23028] ProdTypeGate: steamer_shipyard -> result=0 (впервые)
[23028] ProdTypeGate: steamer_shipyard -> result=0 (впервые)
[23028] ProdTypeGate: steamer_shipyard -> result=0 (впервые)
[23028] ProdTypeGate: steamer_shipyard -> result=0 (впервые)
[23028] ProdTypeGate: steamer_shipyard -> result=0 (впервые)
[23028] ProdTypeGate: machine_parts_factory -> result=0 (впервые)
[23028] ProdTypeGate: steamer_shipyard -> result=0 (впервые)
[23028] ProdTypeGate: steamer_shipyard -> result=0 (впервые)
[23028] ProdTypeGate: steamer_shipyard -> result=0 (впервые)
[23028] ProdTypeGate: steamer_shipyard -> result=0 (впервые)
[23028] ProdTypeGate: steamer_shipyard -> result=0 (впервые)
[23028] ProdTypeGate: steamer_shipyard -> result=0 (впервые)
[23028] ProdTypeGate: steamer_shipyard -> result=0 (впервые)
[23028] ProdTypeGate: steamer_shipyard -> result=0 (впервые)
[23028] ProdTypeGate: machine_parts_factory -> result=0 (впервые)
[23028] ProdTypeGate: steamer_shipyard -> result=0 (впервые)
[23028] ProdTypeGate: steamer_shipyard -> result=0 (впервые)
[23028] ProdTypeGate: steamer_shipyard -> result=0 (впервые)
[23028] ProdTypeGate: steamer_shipyard -> result=0 (впервые)
[23028] ProdTypeGate: steamer_shipyard -> result=0 (впервые)
[23028] ProdTypeGate: steamer_shipyard -> result=0 (впервые)
[23028] ProdTypeGate: steamer_shipyard -> result=0 (впервые)
[23028] ProdTypeGate: steamer_shipyard -> result=0 (впервые)
[23028] ProdTypeGate: steamer_shipyard -> result=0 (впервые)
[23028] ProdTypeGate: steamer_shipyard -> result=0 (впервые)
[23028] ProdTypeGate: steamer_shipyard -> result=0 (впервые)
[23028] ProdTypeGate: steamer_shipyard -> result=0 (впервые)
[23028] ProdTypeGate: steamer_shipyard -> result=0 (впервые)
[23028] ProdTypeGate: steamer_shipyard -> result=0 (впервые)
[23028] ProdTypeGate: steamer_shipyard -> result=0 (впервые)
[23028] ProdTypeGate: steamer_shipyard -> result=0 (впервые)
[23028] ProdTypeGate: machine_parts_factory -> result=0 (впервые)
[23028] ProdTypeGate: steamer_shipyard -> result=0 (впервые)
[23028] ProdTypeGate: machine_parts_factory -> result=0 (впервые)
[23028] ProdTypeGate: steamer_shipyard -> result=0 (впервые)
[23028] ProdTypeGate: steamer_shipyard -> result=0 (впервые)
[23028] ProdTypeGate: steamer_shipyard -> result=0 (впервые)
[23028] ProdTypeGate: steamer_shipyard -> result=0 (впервые)
[23028] ProdTypeGate: steamer_shipyard -> result=0 (впервые)
[23028] ProdTypeGate: machine_parts_factory -> result=0 (впервые)
[23028] ProdTypeGate: steamer_shipyard -> result=0 (впервые)
[23028] ProdTypeGate: steamer_shipyard -> result=0 (впервые)
[23028] ProdTypeGate: steamer_shipyard -> result=0 (впервые)
[23028] ProdTypeGate: steamer_shipyard -> result=0 (впервые)
[23028] ProdTypeGate: steamer_shipyard -> result=0 (впервые)
[23028] ProdTypeGate: steamer_shipyard -> result=0 (впервые)
[23028] ProdTypeGate: steamer_shipyard -> result=0 (впервые)
[23028] ProdTypeGate: steamer_shipyard -> result=0 (впервые)
[23028] ProdTypeGate: steamer_shipyard -> result=0 (впервые)
[23028] ProdTypeGate: steamer_shipyard -> result=0 (впервые)
[23028] ProdTypeGate: steamer_shipyard -> result=0 (впервые)
[23028] ProdTypeGate: steamer_shipyard -> result=0 (впервые)
[23028] ProdTypeGate: machine_parts_factory -> result=0 (впервые)
[23028] ProdTypeGate: steamer_shipyard -> result=0 (впервые)
[23028] ProdTypeGate: machine_parts_factory -> result=0 (впервые)
[23028] ProdTypeGate: steamer_shipyard -> result=0 (впервые)
[23028] ProdTypeGate: steamer_shipyard -> result=0 (впервые)
[23028] ProdTypeGate: steamer_shipyard -> result=0 (впервые)
[23028] ProdTypeGate: steamer_shipyard -> result=0 (впервые)
[23028] ProdTypeGate: steamer_shipyard -> result=0 (впервые)
[23028] ProdTypeGate: steamer_shipyard -> result=0 (впервые)
[23028] ProdTypeGate: steamer_shipyard -> result=0 (впервые)
[23028] ProdTypeGate: steamer_shipyard -> result=0 (впервые)
[23028] ProdTypeGate: steamer_shipyard -> result=0 (впервые)
[23028] ProdTypeGate: machine_parts_factory -> result=0 (впервые)
[23028] ProdTypeGate: steamer_shipyard -> result=0 (впервые)
[23028] ProdTypeGate: machine_parts_factory -> result=0 (впервые)
[23028] ProdTypeGate: steamer_shipyard -> result=0 (впервые)
[23028] ProdTypeGate: steamer_shipyard -> result=0 (впервые)
[23028] ProdTypeGate: steamer_shipyard -> result=0 (впервые)
[23028] ProdTypeGate: steamer_shipyard -> result=0 (впервые)
[23028] ProdTypeGate: steamer_shipyard -> result=0 (впервые)
[23028] ProdTypeGate: steamer_shipyard -> result=0 (впервые)
[23028] ProdTypeGate: steamer_shipyard -> result=0 (впервые)
[23028] ProdTypeGate: steamer_shipyard -> result=0 (впервые)
[23028] ProdTypeGate: steamer_shipyard -> result=0 (впервые)
[23028] ProdTypeGate: machine_parts_factory -> result=0 (впервые)
[23028] ProdTypeGate: steamer_shipyard -> result=0 (впервые)
[23028] ProdTypeGate: steamer_shipyard -> result=0 (впервые)
[23028] ProdTypeGate: steamer_shipyard -> result=0 (впервые)
[23028] ProdTypeGate: steamer_shipyard -> result=0 (впервые)
[23028] ProdTypeGate: steamer_shipyard -> result=0 (впервые)
[23028] ProdTypeGate: machine_parts_factory -> result=0 (впервые)
[23028] ProdTypeGate: steamer_shipyard -> result=0 (впервые)
[23028] ProdTypeGate: machine_parts_factory -> result=0 (впервые)
[23028] ProdTypeGate: steamer_shipyard -> result=0 (впервые)
[23028] ProdTypeGate: steamer_shipyard -> result=0 (впервые)
[23028] ProdTypeGate: steamer_shipyard -> result=0 (впервые)
[23028] ProdTypeGate: steamer_shipyard -> result=0 (впервые)
[23028] ProdTypeGate: steamer_shipyard -> result=0 (впервые)
[23028] ProdTypeGate: steamer_shipyard -> result=0 (впервые)
[23028] ProdTypeGate: steamer_shipyard -> result=0 (впервые)
[23028] ProdTypeGate: steamer_shipyard -> result=0 (впервые)
[23028] ProdTypeGate: steamer_shipyard -> result=0 (впервые)
[23028] ProdTypeGate: steamer_shipyard -> result=0 (впервые)
[23028] ProdTypeGate: steamer_shipyard -> result=0 (впервые)
[23028] ProdTypeGate: steamer_shipyard -> result=0 (впервые)
[23028] ProdTypeGate: steamer_shipyard -> result=0 (впервые)
[23028] ProdTypeGate: steamer_shipyard -> result=0 (впервые)
[23028] ProdTypeGate: steamer_shipyard -> result=0 (впервые)
[23028] ProdTypeGate: steamer_shipyard -> result=0 (впервые)
[23028] ProdTypeGate: steamer_shipyard -> result=0 (впервые)
[23028] ProdTypeGate: steamer_shipyard -> result=0 (впервые)
[23028] ProdTypeGate: steamer_shipyard -> result=0 (впервые)
[23028] ProdTypeGate: machine_parts_factory -> result=0 (впервые)
[23028] ProdTypeGate: steamer_shipyard -> result=0 (впервые)
[23028] ProdTypeGate: steamer_shipyard -> result=0 (впервые)
[23028] ProdTypeGate: steamer_shipyard -> result=0 (впервые)
[23028] ProdTypeGate: steamer_shipyard -> result=0 (впервые)
[23028] ProdTypeGate: steamer_shipyard -> result=0 (впервые)
[23028] ProdTypeGate: steamer_shipyard -> result=0 (впервые)
[23028] ProdTypeGate: steamer_shipyard -> result=0 (впервые)
[23028] ProdTypeGate: steamer_shipyard -> result=0 (впервые)
[23028] ProdTypeGate: steamer_shipyard -> result=0 (впервые)
[23028] ProdTypeGate: machine_parts_factory -> result=0 (впервые)
[23028] ProdTypeGate: steamer_shipyard -> result=0 (впервые)
[23028] ProdTypeGate: steamer_shipyard -> result=0 (впервые)
[23028] ProdTypeGate: steamer_shipyard -> result=0 (впервые)
[23028] ProdTypeGate: steamer_shipyard -> result=0 (впервые)
[23028] ProdTypeGate: machine_parts_factory -> result=0 (впервые)
[23028] ProdTypeGate: steamer_shipyard -> result=0 (впервые)
[23028] ProdTypeGate: steamer_shipyard -> result=0 (впервые)
[23028] ProdTypeGate: steamer_shipyard -> result=0 (впервые)
[23028] ProdTypeGate: steamer_shipyard -> result=0 (впервые)
[23028] ProdTypeGate: steamer_shipyard -> result=0 (впервые)
[23028] ProdTypeGate: machine_parts_factory -> result=0 (впервые)
[23028] ProdTypeGate: steamer_shipyard -> result=0 (впервые)
[23028] ProdTypeGate: steamer_shipyard -> result=0 (впервые)
[23028] ProdTypeGate: steamer_shipyard -> result=0 (впервые)
[23028] ProdTypeGate: steamer_shipyard -> result=0 (впервые)
[23028] ProdTypeGate: steamer_shipyard -> result=0 (впервые)
[23028] ProdTypeGate: steamer_shipyard -> result=0 (впервые)
[23028] ProdTypeGate: steamer_shipyard -> result=0 (впервые)
[23028] ProdTypeGate: steamer_shipyard -> result=0 (впервые)
[23028] ProdTypeGate: steamer_shipyard -> result=0 (впервые)
[23028] ProdTypeGate: steamer_shipyard -> result=0 (впервые)
[23028] ProdTypeGate: steamer_shipyard -> result=0 (впервые)
[23028] ProdTypeGate: machine_parts_factory -> result=0 (впервые)
[23028] ProdTypeGate: steamer_shipyard -> result=0 (впервые)
[23028] ProdTypeGate: steamer_shipyard -> result=0 (впервые)
[23028] ProdTypeGate: steamer_shipyard -> result=0 (впервые)
[23028] ProdTypeGate: steamer_shipyard -> result=0 (впервые)
[23028] ProdTypeGate: steamer_shipyard -> result=0 (впервые)
[23028] ProdTypeGate: steamer_shipyard -> result=0 (впервые)
[23028] ProdTypeGate: steamer_shipyard -> result=0 (впервые)
[23028] ProdTypeGate: steamer_shipyard -> result=0 (впервые)
[23028] ProdTypeGate: machine_parts_factory -> result=0 (впервые)
[23028] ProdTypeGate: steamer_shipyard -> result=0 (впервые)
[23028] ProdTypeGate: machine_parts_factory -> result=0 (впервые)
[23028] ProdTypeGate: steamer_shipyard -> result=0 (впервые)
[23028] ProdTypeGate: steamer_shipyard -> result=0 (впервые)
[23028] ProdTypeGate: steamer_shipyard -> result=0 (впервые)
[23028] ProdTypeGate: steamer_shipyard -> result=0 (впервые)
[23028] ProdTypeGate: steamer_shipyard -> result=0 (впервые)
[23028] ProdTypeGate: steamer_shipyard -> result=0 (впервые)
[23028] ProdTypeGate: steamer_shipyard -> result=0 (впервые)
[23028] ProdTypeGate: steamer_shipyard -> result=0 (впервые)
[23028] ProdTypeGate: steamer_shipyard -> result=0 (впервые)
[23028] ProdTypeGate: steamer_shipyard -> result=0 (впервые)
[23028] ProdTypeGate: steamer_shipyard -> result=0 (впервые)
[23028] ProdTypeGate: steamer_shipyard -> result=0 (впервые)
[23028] ProdTypeGate: steamer_shipyard -> result=0 (впервые)
[23028] ProdTypeGate: steamer_shipyard -> result=0 (впервые)
[23028] ProdTypeGate: steamer_shipyard -> result=0 (впервые)
[23028] ProdTypeGate: steamer_shipyard -> result=0 (впервые)
[23028] ProdTypeGate: steamer_shipyard -> result=0 (впервые)
[23028] ProdTypeGate: steamer_shipyard -> result=0 (впервые)
[23028] ProdTypeGate: steamer_shipyard -> result=0 (впервые)
[23028] ProdTypeGate: steamer_shipyard -> result=0 (впервые)
[23028] ProdTypeGate: steamer_shipyard -> result=0 (впервые)
[23028] ProdTypeGate: steamer_shipyard -> result=0 (впервые)
[23028] ProdTypeGate: steamer_shipyard -> result=0 (впервые)
[23028] ProdTypeGate: steamer_shipyard -> result=0 (впервые)
[23028] ProdTypeGate: steamer_shipyard -> result=0 (впервые)
[23028] ProdTypeGate: steamer_shipyard -> result=0 (впервые)
[23028] ProdTypeGate: steamer_shipyard -> result=0 (впервые)
[23028] ProdTypeGate: steamer_shipyard -> result=0 (впервые)
[23028] ProdTypeGate: steamer_shipyard -> result=0 (впервые)
[23028] ProdTypeGate: steamer_shipyard -> result=0 (впервые)
[23028] ProdTypeGate: steamer_shipyard -> result=0 (впервые)
[23028] ProdTypeGate: steamer_shipyard -> result=0 (впервые)
[23028] ProdTypeGate: steamer_shipyard -> result=0 (впервые)
[23028] ProdTypeGate: steamer_shipyard -> result=0 (впервые)
[23028] ProdTypeGate: steamer_shipyard -> result=0 (впервые)
[23028] ProdTypeGate: steamer_shipyard -> result=0 (впервые)
[23028] ProdTypeGate: steamer_shipyard -> result=0 (впервые)
[23028] ProdTypeGate: steamer_shipyard -> result=0 (впервые)
[23028] ProdTypeGate: steamer_shipyard -> result=0 (впервые)
[23028] ProdTypeGate: steamer_shipyard -> result=0 (впервые)
[23028] ProdTypeGate: steamer_shipyard -> result=0 (впервые)
[23028] ProdTypeGate: steamer_shipyard -> result=0 (впервые)
[23028] ProdTypeGate: steamer_shipyard -> result=0 (впервые)
[23028] ProdTypeGate: steamer_shipyard -> result=0 (впервые)
[23028] ProdTypeGate: steamer_shipyard -> result=0 (впервые)
[23028] ProdTypeGate: steamer_shipyard -> result=0 (впервые)
[23028] ProdTypeGate: steamer_shipyard -> result=0 (впервые)
[23028] ProdTypeGate: steamer_shipyard -> result=0 (впервые)
[23028] ProdTypeGate: steamer_shipyard -> result=0 (впервые)
[23028] ProdTypeGate: steamer_shipyard -> result=0 (впервые)
[23028] ProdTypeGate: steamer_shipyard -> result=0 (впервые)
[23028] ProdTypeGate: steamer_shipyard -> result=0 (впервые)
[23028] ProdTypeGate: steamer_shipyard -> result=0 (впервые)
[23028] ProdTypeGate: steamer_shipyard -> result=0 (впервые)
[23028] ProdTypeGate: steamer_shipyard -> result=0 (впервые)
[23028] ProdTypeGate: steamer_shipyard -> result=0 (впервые)
[23028] ProdTypeGate: steamer_shipyard -> result=0 (впервые)
[23028] ProdTypeGate: steamer_shipyard -> result=0 (впервые)
[23028] ProdTypeGate: steamer_shipyard -> result=0 (впервые)
[23028] ProdTypeGate: steamer_shipyard -> result=0 (впервые)
[23028] ProdTypeGate: steamer_shipyard -> result=0 (впервые)
[23028] ProdTypeGate: steamer_shipyard -> result=0 (впервые)
[23028] ProdTypeGate: steamer_shipyard -> result=0 (впервые)
[23028] ProdTypeGate: steamer_shipyard -> result=0 (впервые)
[23028] ProdTypeGate: steamer_shipyard -> result=0 (впервые)
[23028] ProdTypeGate: steamer_shipyard -> result=0 (впервые)
[23028] ProdTypeGate: steamer_shipyard -> result=0 (впервые)
[23028] ProdTypeGate: steamer_shipyard -> result=0 (впервые)
[23028] ProdTypeGate: steamer_shipyard -> result=0 (впервые)
[23028] ProdTypeGate: steamer_shipyard -> result=0 (впервые)
[23028] ProdTypeGate: steamer_shipyard -> result=0 (впервые)
[23028] ProdTypeGate: steamer_shipyard -> result=0 (впервые)
[23028] ProdTypeGate: steamer_shipyard -> result=0 (впервые)
[23028] ProdTypeGate: steamer_shipyard -> result=0 (впервые)
[23028] ProdTypeGate: steamer_shipyard -> result=0 (впервые)
[23028] ProdTypeGate: steamer_shipyard -> result=0 (впервые)
[23028] ProdTypeGate: steamer_shipyard -> result=0 (впервые)
[23028] ProdTypeGate: steamer_shipyard -> result=0 (впервые)
[23028] ProdTypeGate: steamer_shipyard -> result=0 (впервые)
[23028] ProdTypeGate: steamer_shipyard -> result=0 (впервые)
[23028] ProdTypeGate: steamer_shipyard -> result=0 (впервые)
[23028] ProdTypeGate: steamer_shipyard -> result=0 (впервые)
[23028] ProdTypeGate: steamer_shipyard -> result=0 (впервые)
[23028] ProdTypeGate: steamer_shipyard -> result=0 (впервые)
[23028] ProdTypeGate: steamer_shipyard -> result=0 (впервые)
[23028] ProdTypeGate: steamer_shipyard -> result=0 (впервые)
[23028] ProdTypeGate: steamer_shipyard -> result=0 (впервые)
[23028] ProdTypeGate: steamer_shipyard -> result=0 (впервые)
[23028] ProdTypeGate: steamer_shipyard -> result=0 (впервые)
[23028] ProdTypeGate: steamer_shipyard -> result=0 (впервые)
[23028] ProdTypeGate: steamer_shipyard -> result=0 (впервые)
[23028] ProdTypeGate: steamer_shipyard -> result=0 (впервые)
[23028] ProdTypeGate: steamer_shipyard -> result=0 (впервые)
[23028] ProdTypeGate: steamer_shipyard -> result=0 (впервые)
[23028] ProdTypeGate: steamer_shipyard -> result=0 (впервые)
[23028] ProdTypeGate: steamer_shipyard -> result=0 (впервые)
[23028] ProdTypeGate: steamer_shipyard -> result=0 (впервые)
[23028] ProdTypeGate: steamer_shipyard -> result=0 (впервые)
[23028] ProdTypeGate: steamer_shipyard -> result=0 (впервые)
[23028] ProdTypeGate: steamer_shipyard -> result=0 (впервые)
[23028] ProdTypeGate: steamer_shipyard -> result=0 (впервые)
[23028] ProdTypeGate: steamer_shipyard -> result=0 (впервые)
[23028] ProdTypeGate: steamer_shipyard -> result=0 (впервые)
[23028] ProdTypeGate: steamer_shipyard -> result=0 (впервые)
[23028] ProdTypeGate: steamer_shipyard -> result=0 (впервые)
[23028] ProdTypeGate: steamer_shipyard -> result=0 (впервые)
[23028] ProdTypeGate: steamer_shipyard -> result=0 (впервые)
[23028] ProdTypeGate: steamer_shipyard -> result=0 (впервые)
[23028] ProdTypeGate: steamer_shipyard -> result=0 (впервые)
[23028] ProdTypeGate: steamer_shipyard -> result=0 (впервые)
[23028] ProdTypeGate: steamer_shipyard -> result=0 (впервые)
[23028] ProdTypeGate: steamer_shipyard -> result=0 (впервые)
[23028] ProdTypeGate: steamer_shipyard -> result=0 (впервые)
[23028] ProdTypeGate: steamer_shipyard -> result=0 (впервые)
[23028] ProdTypeGate: steamer_shipyard -> result=0 (впервые)
[23028] ProdTypeGate: steamer_shipyard -> result=0 (впервые)
[23028] ProdTypeGate: steamer_shipyard -> result=0 (впервые)
[23028] ProdTypeGate: steamer_shipyard -> result=0 (впервые)
[23028] ProdTypeGate: steamer_shipyard -> result=0 (впервые)
[23028] ProdTypeGate: steamer_shipyard -> result=0 (впервые)
[23028] ProdTypeGate: steamer_shipyard -> result=0 (впервые)
[23028] ProdTypeGate: steamer_shipyard -> result=0 (впервые)
[23028] ProdTypeGate: steamer_shipyard -> result=0 (впервые)
[23028] ProdTypeGate: steamer_shipyard -> result=0 (впервые)
[23028] ProdTypeGate: steamer_shipyard -> result=0 (впервые)
[23028] ProdTypeGate: steamer_shipyard -> result=0 (впервые)
[23028] ProdTypeGate: steamer_shipyard -> result=0 (впервые)
[23028] ProdTypeGate: steamer_shipyard -> result=0 (впервые)
[23028] ProdTypeGate: steamer_shipyard -> result=0 (впервые)
[23028] ProdTypeGate: steamer_shipyard -> result=0 (впервые)
[23028] ProdTypeGate: steamer_shipyard -> result=0 (впервые)
[23028] ProdTypeGate: steamer_shipyard -> result=0 (впервые)
[23028] ProdTypeGate: steamer_shipyard -> result=0 (впервые)
[23028] ProdTypeGate: steamer_shipyard -> result=0 (впервые)
[23028] ProdTypeGate: steamer_shipyard -> result=0 (впервые)
[23028] ProdTypeGate: steamer_shipyard -> result=0 (впервые)
[23028] ProdTypeGate: steamer_shipyard -> result=0 (впервые)
[23028] ProdTypeGate: steamer_shipyard -> result=0 (впервые)
[23028] ProdTypeGate: steamer_shipyard -> result=0 (впервые)
[23028] ProdTypeGate: steamer_shipyard -> result=0 (впервые)
[23028] ProdTypeGate: steamer_shipyard -> result=0 (впервые)
[23028] ProdTypeGate: steamer_shipyard -> result=0 (впервые)
[23028] ProdTypeGate: steamer_shipyard -> result=0 (впервые)
[23028] ProdTypeGate: steamer_shipyard -> result=0 (впервые)
[23028] ProdTypeGate: steamer_shipyard -> result=0 (впервые)
[23028] ProdTypeGate: steamer_shipyard -> result=0 (впервые)
[23028] ProdTypeGate: steamer_shipyard -> result=0 (впервые)
[23028] ProdTypeGate: steamer_shipyard -> result=0 (впервые)
[23028] ProdTypeGate: steamer_shipyard -> result=0 (впервые)
[23028] ProdTypeGate: steamer_shipyard -> result=0 (впервые)
[23028] ProdTypeGate: steamer_shipyard -> result=0 (впервые)
[23028] ProdTypeGate: steamer_shipyard -> result=0 (впервые)
[23028] ProdTypeGate: steamer_shipyard -> result=0 (впервые)
[23028] ProdTypeGate: steamer_shipyard -> result=0 (впервые)
[23028] ProdTypeGate: steamer_shipyard -> result=0 (впервые)
[23028] ProdTypeGate: steamer_shipyard -> result=0 (впервые)
[23028] ProdTypeGate: steamer_shipyard -> result=0 (впервые)
[23028] ProdTypeGate: steamer_shipyard -> result=0 (впервые)
[23028] ProdTypeGate: steamer_shipyard -> result=0 (впервые)
[23028] ProdTypeGate: steamer_shipyard -> result=0 (впервые)
[23028] ProdTypeGate: steamer_shipyard -> result=0 (впервые)
[23028] ProdTypeGate: steamer_shipyard -> result=0 (впервые)
[23028] ProdTypeGate: steamer_shipyard -> result=0 (впервые)
[23028] ProdTypeGate: steamer_shipyard -> result=0 (впервые)
[23028] ProdTypeGate: steamer_shipyard -> result=0 (впервые)
[23028] ProdTypeGate: steamer_shipyard -> result=0 (впервые)
[23028] ProdTypeGate: steamer_shipyard -> result=0 (впервые)
[23028] ProdTypeGate: steamer_shipyard -> result=0 (впервые)
[23028] ProdTypeGate: steamer_shipyard -> result=0 (впервые)
[23028] ProdTypeGate: steamer_shipyard -> result=0 (впервые)
[23028] ProdTypeGate: steamer_shipyard -> result=0 (впервые)
[23028] ProdTypeGate: steamer_shipyard -> result=0 (впервые)
[23028] ProdTypeGate: steamer_shipyard -> result=0 (впервые)
[23028] ProdTypeGate: steamer_shipyard -> result=0 (впервые)
[23028] ProdTypeGate: steamer_shipyard -> result=0 (впервые)
[23028] ProdTypeGate: steamer_shipyard -> result=0 (впервые)
[23028] ProdTypeGate: steamer_shipyard -> result=0 (впервые)
[23028] ProdTypeGate: steamer_shipyard -> result=0 (впервые)
[23028] ProdTypeGate: steamer_shipyard -> result=0 (впервые)
[23028] ProdTypeGate: steamer_shipyard -> result=0 (впервые)
[23028] ProdTypeGate: steamer_shipyard -> result=0 (впервые)
[23028] ProdTypeGate: steamer_shipyard -> result=0 (впервые)
[23028] ProdTypeGate: steamer_shipyard -> result=0 (впервые)
[23028] ProdTypeGate: steamer_shipyard -> result=0 (впервые)
[23028] ProdTypeGate: steamer_shipyard -> result=0 (впервые)
[23028] ProdTypeGate: steamer_shipyard -> result=0 (впервые)
[23028] ProdTypeGate: steamer_shipyard -> result=0 (впервые)
[23028] ProdTypeGate: steamer_shipyard -> result=0 (впервые)
[23028] ProdTypeGate: steamer_shipyard -> result=0 (впервые)
[23028] ProdTypeGate: steamer_shipyard -> result=0 (впервые)
[23028] ProdTypeGate: steamer_shipyard -> result=0 (впервые)
[23028] ProdTypeGate: steamer_shipyard -> result=0 (впервые)
[23028] ProdTypeGate: steamer_shipyard -> result=0 (впервые)
[23028] ProdTypeGate: steamer_shipyard -> result=0 (впервые)
[23028] ProdTypeGate: steamer_shipyard -> result=0 (впервые)
[23028] ProdTypeGate: steamer_shipyard -> result=0 (впервые)
[23028] ProdTypeGate: steamer_shipyard -> result=0 (впервые)
[23028] ProdTypeGate: steamer_shipyard -> result=0 (впервые)
[23028] ProdTypeGate: steamer_shipyard -> result=0 (впервые)
[23028] ProdTypeGate: steamer_shipyard -> result=0 (впервые)
[23028] ProdTypeGate: steamer_shipyard -> result=0 (впервые)
[23028] ProdTypeGate: steamer_shipyard -> result=0 (впервые)
[23028] ProdTypeGate: steamer_shipyard -> result=0 (впервые)
[23028] ProdTypeGate: steamer_shipyard -> result=0 (впервые)
[23028] ProdTypeGate: steamer_shipyard -> result=0 (впервые)
[23028] ProdTypeGate: steamer_shipyard -> result=0 (впервые)
[23028] ProdTypeGate: steamer_shipyard -> result=0 (впервые)
[23028] ProdTypeGate: steamer_shipyard -> result=0 (впервые)
[23028] ProdTypeGate: steamer_shipyard -> result=0 (впервые)
[23028] ProdTypeGate: steamer_shipyard -> result=0 (впервые)
[23028] ProdTypeGate: steamer_shipyard -> result=0 (впервые)
[23028] ProdTypeGate: steamer_shipyard -> result=0 (впервые)
[23028] ProdTypeGate: steamer_shipyard -> result=0 (впервые)
[23028] ProdTypeGate: steamer_shipyard -> result=0 (впервые)
[23028] ProdTypeGate: steamer_shipyard -> result=0 (впервые)
[23028] ProdTypeGate: steamer_shipyard -> result=0 (впервые)
[23028] ProdTypeGate: steamer_shipyard -> result=0 (впервые)
[23028] ProdTypeGate: steamer_shipyard -> result=0 (впервые)
[23028] ProdTypeGate: steamer_shipyard -> result=0 (впервые)
[23028] ProdTypeGate: steamer_shipyard -> result=0 (впервые)
[23028] ProdTypeGate: steamer_shipyard -> result=0 (впервые)
[23028] ProdTypeGate: steamer_shipyard -> result=0 (впервые)
[23028] ProdTypeGate: steamer_shipyard -> result=0 (впервые)
[23028] ProdTypeGate: steamer_shipyard -> result=0 (впервые)
[23028] ProdTypeGate: steamer_shipyard -> result=0 (впервые)
[23028] ProdTypeGate: steamer_shipyard -> result=0 (впервые)
[23028] ProdTypeGate: steamer_shipyard -> result=0 (впервые)
[23028] ProdTypeGate: steamer_shipyard -> result=0 (впервые)
[23028] ProdTypeGate: steamer_shipyard -> result=0 (впервые)
[23028] ProdTypeGate: steamer_shipyard -> result=0 (впервые)
[23028] ProdTypeGate: steamer_shipyard -> result=0 (впервые)
[23028] ProdTypeGate: steamer_shipyard -> result=0 (впервые)
[23028] ProdTypeGate: steamer_shipyard -> result=0 (впервые)
[23028] ProdTypeGate: steamer_shipyard -> result=0 (впервые)
[23028] ProdTypeGate: steamer_shipyard -> result=0 (впервые)
[23028] ProdTypeGate: steamer_shipyard -> result=0 (впервые)
[23028] ProdTypeGate: steamer_shipyard -> result=0 (впервые)
[23028] ProdTypeGate: steamer_shipyard -> result=0 (впервые)
[23028] ProdTypeGate: steamer_shipyard -> result=0 (впервые)
[23028] ProdTypeGate: steamer_shipyard -> result=0 (впервые)
[23028] ProdTypeGate: steamer_shipyard -> result=0 (впервые)
[23028] ProdTypeGate: steamer_shipyard -> result=0 (впервые)
[23028] ProdTypeGate: steamer_shipyard -> result=0 (впервые)
[23028] ProdTypeGate: steamer_shipyard -> result=0 (впервые)
[23028] ProdTypeGate: steamer_shipyard -> result=0 (впервые)
[23028] ProdTypeGate: steamer_shipyard -> result=0 (впервые)
[23028] ProdTypeGate: steamer_shipyard -> result=0 (впервые)
[23028] ProdTypeGate: steamer_shipyard -> result=0 (впервые)
[23028] ProdTypeGate: steamer_shipyard -> result=0 (впервые)
[23028] ProdTypeGate: steamer_shipyard -> result=0 (впервые)
[23028] ProdTypeGate: steamer_shipyard -> result=0 (впервые)
[23028] ProdTypeGate: steamer_shipyard -> result=0 (впервые)
[23028] ProdTypeGate: steamer_shipyard -> result=0 (впервые)
[23028] ProdTypeGate: steamer_shipyard -> result=0 (впервые)
[23028] ProdTypeGate: steamer_shipyard -> result=0 (впервые)
[23028] ProdTypeGate: steamer_shipyard -> result=0 (впервые)
[23028] ProdTypeGate: steamer_shipyard -> result=0 (впервые)
[23028] ProdTypeGate: steamer_shipyard -> result=0 (впервые)
[23028] ProdTypeGate: steamer_shipyard -> result=0 (впервые)
[23028] ProdTypeGate: steamer_shipyard -> result=0 (впервые)
[23028] ProdTypeGate: steamer_shipyard -> result=0 (впервые)
[23028] ProdTypeGate: steamer_shipyard -> result=0 (впервые)
[23028] ProdTypeGate: steamer_shipyard -> result=0 (впервые)
[23028] ProdTypeGate: steamer_shipyard -> result=0 (впервые)
[23028] ProdTypeGate: steamer_shipyard -> result=0 (впервые)
[23028] ProdTypeGate: steamer_shipyard -> result=0 (впервые)
[23028] ProdTypeGate: steamer_shipyard -> result=0 (впервые)
[23028] ProdTypeGate: steamer_shipyard -> result=0 (впервые)
[23028] ProdTypeGate: steamer_shipyard -> result=0 (впервые)
[23028] ProdTypeGate: steamer_shipyard -> result=0 (впервые)
[23028] ProdTypeGate: steamer_shipyard -> result=0 (впервые)
[23028] ProdTypeGate: steamer_shipyard -> result=0 (впервые)
[23028] ProdTypeGate: steamer_shipyard -> result=0 (впервые)
[23028] ProdTypeGate: steamer_shipyard -> result=0 (впервые)
[23028] ProdTypeGate: steamer_shipyard -> result=0 (впервые)
[23028] ProdTypeGate: steamer_shipyard -> result=0 (впервые)
[23028] ProdTypeGate: steamer_shipyard -> result=0 (впервые)
[23028] ProdTypeGate: steamer_shipyard -> result=0 (впервые)
[23028] ProdTypeGate: steamer_shipyard -> result=0 (впервые)
[23028] ProdTypeGate: steamer_shipyard -> result=0 (впервые)
[23028] ProdTypeGate: steamer_shipyard -> result=0 (впервые)
[23028] ProdTypeGate: steamer_shipyard -> result=0 (впервые)
[23028] ProdTypeGate: steamer_shipyard -> result=0 (впервые)
[23028] ProdTypeGate: steamer_shipyard -> result=0 (впервые)
[23028] ProdTypeGate: steamer_shipyard -> result=0 (впервые)
[23028] ProdTypeGate: steamer_shipyard -> result=0 (впервые)
[23028] ProdTypeGate: steamer_shipyard -> result=0 (впервые)
[23028] ProdTypeGate: steamer_shipyard -> result=0 (впервые)
[23028] ProdTypeGate: steamer_shipyard -> result=0 (впервые)
[23028] ProdTypeGate: steamer_shipyard -> result=0 (впервые)
[23028] ProdTypeGate: steamer_shipyard -> result=0 (впервые)
[23028] ProdTypeGate: steamer_shipyard -> result=0 (впервые)
[23028] ProdTypeGate: steamer_shipyard -> result=0 (впервые)
[23028] ProdTypeGate: steamer_shipyard -> result=0 (впервые)
[23028] ProdTypeGate: steamer_shipyard -> result=0 (впервые)
[23028] ProdTypeGate: steamer_shipyard -> result=0 (впервые)
[23028] ProdTypeGate: steamer_shipyard -> result=0 (впервые)
[23028] ProdTypeGate: steamer_shipyard -> result=0 (впервые)
[23028] ProdTypeGate: steamer_shipyard -> result=0 (впервые)
[23028] ProdTypeGate: steamer_shipyard -> result=0 (впервые)
[23028] ProdTypeGate: steamer_shipyard -> result=0 (впервые)
[23028] ProdTypeGate: steamer_shipyard -> result=0 (впервые)
[23028] ProdTypeGate: steamer_shipyard -> result=0 (впервые)
[23028] ProdTypeGate: steamer_shipyard -> result=0 (впервые)
[23028] ProdTypeGate: steamer_shipyard -> result=0 (впервые)
[23028] ProdTypeGate: steamer_shipyard -> result=0 (впервые)
[23028] ProdTypeGate: steamer_shipyard -> result=0 (впервые)
[23028] ProdTypeGate: steamer_shipyard -> result=0 (впервые)
[23028] ProdTypeGate: steamer_shipyard -> result=0 (впервые)
[23028] ProdTypeGate: steamer_shipyard -> result=0 (впервые)
[23028] ProdTypeGate: steamer_shipyard -> result=0 (впервые)
[23028] ProdTypeGate: steamer_shipyard -> result=0 (впервые)
[23028] ProdTypeGate: steamer_shipyard -> result=0 (впервые)
[23028] ProdTypeGate: steamer_shipyard -> result=0 (впервые)
[23028] ProdTypeGate: steamer_shipyard -> result=0 (впервые)
[23028] ProdTypeGate: steamer_shipyard -> result=0 (впервые)
[23028] ProdTypeGate: steamer_shipyard -> result=0 (впервые)
[23028] ProdTypeGate: steamer_shipyard -> result=0 (впервые)
[23028] ProdTypeGate: steamer_shipyard -> result=0 (впервые)
[23028] ProdTypeGate: steamer_shipyard -> result=0 (впервые)
[23028] ProdTypeGate: steamer_shipyard -> result=0 (впервые)
[23028] ProdTypeGate: steamer_shipyard -> result=0 (впервые)
[23028] ProdTypeGate: steamer_shipyard -> result=0 (впервые)
[23028] ProdTypeGate: steamer_shipyard -> result=0 (впервые)
[23028] ProdTypeGate: steamer_shipyard -> result=0 (впервые)
[23028] ProdTypeGate: steamer_shipyard -> result=0 (впервые)
[23028] ProdTypeGate: steamer_shipyard -> result=0 (впервые)
[23028] ProdTypeGate: steamer_shipyard -> result=0 (впервые)
[23028] ProdTypeGate: steamer_shipyard -> result=0 (впервые)
[23028] ProdTypeGate: steamer_shipyard -> result=0 (впервые)
[23028] ProdTypeGate: steamer_shipyard -> result=0 (впервые)
[23028] ProdTypeGate: steamer_shipyard -> result=0 (впервые)
[23028] ProdTypeGate: steamer_shipyard -> result=0 (впервые)
[23028] ProdTypeGate: steamer_shipyard -> result=0 (впервые)
[23028] ProdTypeGate: steamer_shipyard -> result=0 (впервые)
[23028] ProdTypeGate: steamer_shipyard -> result=0 (впервые)
[23028] ProdTypeGate: steamer_shipyard -> result=0 (впервые)
[23028] ProdTypeGate: steamer_shipyard -> result=0 (впервые)
[23028] ProdTypeGate: steamer_shipyard -> result=0 (впервые)
[23028] ProdTypeGate: steamer_shipyard -> result=0 (впервые)
[23028] ProdTypeGate: steamer_shipyard -> result=0 (впервые)
[23028] ProdTypeGate: steamer_shipyard -> result=0 (впервые)
[23028] ProdTypeGate: steamer_shipyard -> result=0 (впервые)
[23028] ProdTypeGate: steamer_shipyard -> result=0 (впервые)
[23028] ProdTypeGate: steamer_shipyard -> result=0 (впервые)
[23028] ProdTypeGate: steamer_shipyard -> result=0 (впервые)
[23028] ProdTypeGate: steamer_shipyard -> result=0 (впервые)
[23028] ProdTypeGate: steamer_shipyard -> result=0 (впервые)
[23028] ProdTypeGate: steamer_shipyard -> result=0 (впервые)
[23028] ProdTypeGate: steamer_shipyard -> result=0 (впервые)
[23028] ProdTypeGate: steamer_shipyard -> result=0 (впервые)
[23028] ProdTypeGate: steamer_shipyard -> result=0 (впервые)
[23028] ProdTypeGate: steamer_shipyard -> result=0 (впервые)
[23028] ProdTypeGate: steamer_shipyard -> result=0 (впервые)
[23028] ProdTypeGate: steamer_shipyard -> result=0 (впервые)
[23028] ProdTypeGate: steamer_shipyard -> result=0 (впервые)
[23028] ProdTypeGate: steamer_shipyard -> result=0 (впервые)
[23028] ProdTypeGate: steamer_shipyard -> result=0 (впервые)
[23028] ProdTypeGate: steamer_shipyard -> result=0 (впервые)
[23028] ProdTypeGate: steamer_shipyard -> result=0 (впервые)
[23028] ProdTypeGate: steamer_shipyard -> result=0 (впервые)
[23028] ProdTypeGate: steamer_shipyard -> result=0 (впервые)
[23028] ProdTypeGate: steamer_shipyard -> result=0 (впервые)
[23028] ProdTypeGate: steamer_shipyard -> result=0 (впервые)
[23028] ProdTypeGate: steamer_shipyard -> result=0 (впервые)
[23028] ProdTypeGate: steamer_shipyard -> result=0 (впервые)
[23028] ProdTypeGate: steamer_shipyard -> result=0 (впервые)
[23028] ProdTypeGate: steamer_shipyard -> result=0 (впервые)
[23028] ProdTypeGate: steamer_shipyard -> result=0 (впервые)
[23028] ProdTypeGate: steamer_shipyard -> result=0 (впервые)
[23028] ProdTypeGate: steamer_shipyard -> result=0 (впервые)
[23028] ProdTypeGate: steamer_shipyard -> result=0 (впервые)
[23028] ProdTypeGate: steamer_shipyard -> result=0 (впервые)
[23028] ProdTypeGate: steamer_shipyard -> result=0 (впервые)
[23028] ProdTypeGate: steamer_shipyard -> result=0 (впервые)
[23028] ProdTypeGate: steamer_shipyard -> result=0 (впервые)
[23028] ProdTypeGate: steamer_shipyard -> result=0 (впервые)
[23028] ProdTypeGate: steamer_shipyard -> result=0 (впервые)
[23028] ProdTypeGate: steamer_shipyard -> result=0 (впервые)
[23028] ProdTypeGate: steamer_shipyard -> result=0 (впервые)
[23028] ProdTypeGate: steamer_shipyard -> result=0 (впервые)
[23028] ProdTypeGate: steamer_shipyard -> result=0 (впервые)
[23028] ProdTypeGate: steamer_shipyard -> result=0 (впервые)
[23028] ProdTypeGate: steamer_shipyard -> result=0 (впервые)
[23028] ProdTypeGate: steamer_shipyard -> result=0 (впервые)
[23028] ProdTypeGate: steamer_shipyard -> result=0 (впервые)
[23028] ProdTypeGate: steamer_shipyard -> result=0 (впервые)
[23028] ProdTypeGate: steamer_shipyard -> result=0 (впервые)
[23028] ProdTypeGate: steamer_shipyard -> result=0 (впервые)
[23028] ProdTypeGate: steamer_shipyard -> result=0 (впервые)
[23028] ProdTypeGate: steamer_shipyard -> result=0 (впервые)
[23028] ProdTypeGate: steamer_shipyard -> result=0 (впервые)
[23028] ProdTypeGate: steamer_shipyard -> result=0 (впервые)
[23028] ProdTypeGate: steamer_shipyard -> result=0 (впервые)
[23028] ProdTypeGate: steamer_shipyard -> result=0 (впервые)
[23028] ProdTypeGate: steamer_shipyard -> result=0 (впервые)
[23028] ProdTypeGate: steamer_shipyard -> result=0 (впервые)
[23028] ProdTypeGate: steamer_shipyard -> result=0 (впервые)
[23028] ProdTypeGate: steamer_shipyard -> result=0 (впервые)
[23028] ProdTypeGate: steamer_shipyard -> result=0 (впервые)
[23028] ProdTypeGate: steamer_shipyard -> result=0 (впервые)
[23028] ProdTypeGate: steamer_shipyard -> result=0 (впервые)
[23028] ProdTypeGate: steamer_shipyard -> result=0 (впервые)
[23028] ProdTypeGate: steamer_shipyard -> result=0 (впервые)
[23028] ProdTypeGate: steamer_shipyard -> result=0 (впервые)
[23028] ProdTypeGate: steamer_shipyard -> result=0 (впервые)
[23028] ProdTypeGate: steamer_shipyard -> result=0 (впервые)
[23028] ProdTypeGate: steamer_shipyard -> result=0 (впервые)
[23028] ProdTypeGate: steamer_shipyard -> result=0 (впервые)
[23028] ProdTypeGate: steamer_shipyard -> result=0 (впервые)
[23028] ProdTypeGate: steamer_shipyard -> result=0 (впервые)
[23028] ProdTypeGate: steamer_shipyard -> result=0 (впервые)
[23028] ProdTypeGate: steamer_shipyard -> result=0 (впервые)
[23028] ProdTypeGate: steamer_shipyard -> result=0 (впервые)
[23028] ProdTypeGate: steamer_shipyard -> result=0 (впервые)
[23028] ProdTypeGate: steamer_shipyard -> result=0 (впервые)
[23028] ProdTypeGate: steamer_shipyard -> result=0 (впервые)
[23028] ProdTypeGate: steamer_shipyard -> result=0 (впервые)
[23028] ProdTypeGate: steamer_shipyard -> result=0 (впервые)
[23028] ProdTypeGate: steamer_shipyard -> result=0 (впервые)
[23028] ProdTypeGate: steamer_shipyard -> result=0 (впервые)
[23028] ProdTypeGate: steamer_shipyard -> result=0 (впервые)
[23028] ProdTypeGate: steamer_shipyard -> result=0 (впервые)
[23028] ProdTypeGate: steamer_shipyard -> result=0 (впервые)
[23028] ProdTypeGate: steamer_shipyard -> result=0 (впервые)
[23028] ProdTypeGate: steamer_shipyard -> result=0 (впервые)
[23028] ProdTypeGate: steamer_shipyard -> result=0 (впервые)
[23028] ProdTypeGate: steamer_shipyard -> result=0 (впервые)
[23028] ProdTypeGate: steamer_shipyard -> result=0 (впервые)
[23028] ProdTypeGate: steamer_shipyard -> result=0 (впервые)
[23028] ProdTypeGate: steamer_shipyard -> result=0 (впервые)
[23028] ProdTypeGate: steamer_shipyard -> result=0 (впервые)
[23028] ProdTypeGate: steamer_shipyard -> result=0 (впервые)
[23028] ProdTypeGate: steamer_shipyard -> result=0 (впервые)
[23028] ProdTypeGate: steamer_shipyard -> result=0 (впервые)
[23028] ProdTypeGate: steamer_shipyard -> result=0 (впервые)
[23028] ProdTypeGate: steamer_shipyard -> result=0 (впервые)
[23028] ProdTypeGate: steamer_shipyard -> result=0 (впервые)
[23028] ProdTypeGate: steamer_shipyard -> result=0 (впервые)
[23028] ProdTypeGate: steamer_shipyard -> result=0 (впервые)
[23028] ProdTypeGate: steamer_shipyard -> result=0 (впервые)
[23028] ProdTypeGate: steamer_shipyard -> result=0 (впервые)
[23028] ProdTypeGate: steamer_shipyard -> result=0 (впервые)
[23028] ProdTypeGate: steamer_shipyard -> result=0 (впервые)
[23028] ProdTypeGate: steamer_shipyard -> result=0 (впервые)
[23028] ProdTypeGate: steamer_shipyard -> result=0 (впервые)
[23028] ProdTypeGate: steamer_shipyard -> result=0 (впервые)
[23028] ProdTypeGate: steamer_shipyard -> result=0 (впервые)
[23028] ProdTypeGate: steamer_shipyard -> result=0 (впервые)
[23028] ProdTypeGate: steamer_shipyard -> result=0 (впервые)
[23028] ProdTypeGate: steamer_shipyard -> result=0 (впервые)
[23028] ProdTypeGate: steamer_shipyard -> result=0 (впервые)
[23028] ProdTypeGate: steamer_shipyard -> result=0 (впервые)
[23028] ProdTypeGate: steamer_shipyard -> result=0 (впервые)
[23028] ProdTypeGate: steamer_shipyard -> result=0 (впервые)
[23028] ProdTypeGate: steamer_shipyard -> result=0 (впервые)
[23028] ProdTypeGate: steamer_shipyard -> result=0 (впервые)
[23028] ProdTypeGate: steamer_shipyard -> result=0 (впервые)
[23028] ProdTypeGate: steamer_shipyard -> result=0 (впервые)
[23028] ProdTypeGate: steamer_shipyard -> result=0 (впервые)
[23028] ProdTypeGate: steamer_shipyard -> result=0 (впервые)
[23028] ProdTypeGate: steamer_shipyard -> result=0 (впервые)
[23028] ProdTypeGate: steamer_shipyard -> result=0 (впервые)
[23028] ProdTypeGate: steamer_shipyard -> result=0 (впервые)
[23028] ProdTypeGate: steamer_shipyard -> result=0 (впервые)
[23028] ProdTypeGate: steamer_shipyard -> result=0 (впервые)
[23028] ProdTypeGate: steamer_shipyard -> result=0 (впервые)
[23028] ProdTypeGate: steamer_shipyard -> result=0 (впервые)
[23028] ProdTypeGate: steamer_shipyard -> result=0 (впервые)
[23028] ProdTypeGate: steamer_shipyard -> result=0 (впервые)
[23028] ProdTypeGate: steamer_shipyard -> result=0 (впервые)
[23028] ProdTypeGate: steamer_shipyard -> result=0 (впервые)
[23028] ProdTypeGate: steamer_shipyard -> result=0 (впервые)
[23028] ProdTypeGate: steamer_shipyard -> result=0 (впервые)
[23028] ProdTypeGate: steamer_shipyard -> result=0 (впервые)
[23028] ProdTypeGate: steamer_shipyard -> result=0 (впервые)
[23028] ProdTypeGate: steamer_shipyard -> result=0 (впервые)
[23028] ProdTypeGate: steamer_shipyard -> result=0 (впервые)
[23028] ProdTypeGate: steamer_shipyard -> result=0 (впервые)
[23028] ProdTypeGate: steamer_shipyard -> result=0 (впервые)
[23028] ProdTypeGate: steamer_shipyard -> result=0 (впервые)
[23028] ProdTypeGate: steamer_shipyard -> result=0 (впервые)
[23028] ProdTypeGate: steamer_shipyard -> result=0 (впервые)
[23028] ProdTypeGate: steamer_shipyard -> result=0 (впервые)
[23028] ProdTypeGate: steamer_shipyard -> result=0 (впервые)
[23028] ProdTypeGate: steamer_shipyard -> result=0 (впервые)
[23028] ProdTypeGate: steamer_shipyard -> result=0 (впервые)
[23028] ProdTypeGate: steamer_shipyard -> result=0 (впервые)
[23028] ProdTypeGate: steamer_shipyard -> result=0 (впервые)
[23028] ProdTypeGate: steamer_shipyard -> result=0 (впервые)
[23028] ProdTypeGate: steamer_shipyard -> result=0 (впервые)
[23028] ProdTypeGate: steamer_shipyard -> result=0 (впервые)
[23028] ProdTypeGate: steamer_shipyard -> result=0 (впервые)
[23028] ProdTypeGate: steamer_shipyard -> result=0 (впервые)
[23028] ProdTypeGate: steamer_shipyard -> result=0 (впервые)
[23028] ProdTypeGate: steamer_shipyard -> result=0 (впервые)
[23028] ProdTypeGate: steamer_shipyard -> result=0 (впервые)
[23028] ProdTypeGate: steamer_shipyard -> result=0 (впервые)
[23028] ProdTypeGate: steamer_shipyard -> result=0 (впервые)
[23028] ProdTypeGate: steamer_shipyard -> result=0 (впервые)
[23028] ProdTypeGate: steamer_shipyard -> result=0 (впервые)
[23028] ProdTypeGate: steamer_shipyard -> result=0 (впервые)
[23028] ProdTypeGate: steamer_shipyard -> result=0 (впервые)
[23028] ProdTypeGate: steamer_shipyard -> result=0 (впервые)
[23028] ProdTypeGate: steamer_shipyard -> result=0 (впервые)
[23028] ProdTypeGate: steamer_shipyard -> result=0 (впервые)
[23028] ProdTypeGate: steamer_shipyard -> result=0 (впервые)
[23028] ProdTypeGate: steamer_shipyard -> result=0 (впервые)
[23028] ProdTypeGate: steamer_shipyard -> result=0 (впервые)
[23028] ProdTypeGate: steamer_shipyard -> result=0 (впервые)
[23028] ProdTypeGate: steamer_shipyard -> result=0 (впервые)
[23028] ProdTypeGate: steamer_shipyard -> result=0 (впервые)
[23028] ProdTypeGate: steamer_shipyard -> result=0 (впервые)
[23028] ProdTypeGate: steamer_shipyard -> result=0 (впервые)
[23028] ProdTypeGate: steamer_shipyard -> result=0 (впервые)
[23028] ProdTypeGate: steamer_shipyard -> result=0 (впервые)
[23028] ProdTypeGate: steamer_shipyard -> result=0 (впервые)
[23028] ProdTypeGate: steamer_shipyard -> result=0 (впервые)
[23028] ProdTypeGate: steamer_shipyard -> result=0 (впервые)
[23028] ProdTypeGate: steamer_shipyard -> result=0 (впервые)
[23028] ProdTypeGate: steamer_shipyard -> result=0 (впервые)
[23028] ProdTypeGate: steamer_shipyard -> result=0 (впервые)
[23028] ProdTypeGate: steamer_shipyard -> result=0 (впервые)
[23028] ProdTypeGate: steamer_shipyard -> result=0 (впервые)
[23028] ProdTypeGate: steamer_shipyard -> result=0 (впервые)
[23028] ProdTypeGate: steamer_shipyard -> result=0 (впервые)
[23028] ProdTypeGate: steamer_shipyard -> result=0 (впервые)
[23028] ProdTypeGate: steamer_shipyard -> result=0 (впервые)
[23028] ProdTypeGate: steamer_shipyard -> result=0 (впервые)
[23028] ProdTypeGate: steamer_shipyard -> result=0 (впервые)
[23028] ProdTypeGate: steamer_shipyard -> result=0 (впервые)
[23028] ProdTypeGate: steamer_shipyard -> result=0 (впервые)
[23028] ProdTypeGate: steamer_shipyard -> result=0 (впервые)
[23028] ProdTypeGate: steamer_shipyard -> result=0 (впервые)
[23028] ProdTypeGate: steamer_shipyard -> result=0 (впервые)
[23028] ProdTypeGate: steamer_shipyard -> result=0 (впервые)
[23028] ProdTypeGate: steamer_shipyard -> result=0 (впервые)
[23028] ProdTypeGate: steamer_shipyard -> result=0 (впервые)
[23028] ProdTypeGate: steamer_shipyard -> result=0 (впервые)
[23028] ProdTypeGate: steamer_shipyard -> result=0 (впервые)
[23028] ProdTypeGate: steamer_shipyard -> result=0 (впервые)
[23028] ProdTypeGate: steamer_shipyard -> result=0 (впервые)
[23028] ProdTypeGate: steamer_shipyard -> result=0 (впервые)
[23028] ProdTypeGate: steamer_shipyard -> result=0 (впервые)
[23028] ProdTypeGate: steamer_shipyard -> result=0 (впервые)
[23028] ProdTypeGate: steamer_shipyard -> result=0 (впервые)
[23028] ProdTypeGate: steamer_shipyard -> result=0 (впервые)
[23028] ProdTypeGate: steamer_shipyard -> result=0 (впервые)
[23028] ProdTypeGate: steamer_shipyard -> result=0 (впервые)
[23028] ProdTypeGate: steamer_shipyard -> result=0 (впервые)
[23028] ProdTypeGate: steamer_shipyard -> result=0 (впервые)
[23028] ProdTypeGate: steamer_shipyard -> result=0 (впервые)
[23028] ProdTypeGate: steamer_shipyard -> result=0 (впервые)
[23028] ProdTypeGate: steamer_shipyard -> result=0 (впервые)
[23028] ProdTypeGate: steamer_shipyard -> result=0 (впервые)
[23028] ProdTypeGate: steamer_shipyard -> result=0 (впервые)
[23028] ProdTypeGate: steamer_shipyard -> result=0 (впервые)
[23028] ProdTypeGate: steamer_shipyard -> result=0 (впервые)
[23028] ProdTypeGate: steamer_shipyard -> result=0 (впервые)
[23028] ProdTypeGate: steamer_shipyard -> result=0 (впервые)
[23028] ProdTypeGate: steamer_shipyard -> result=0 (впервые)
[23028] ProdTypeGate: steamer_shipyard -> result=0 (впервые)
[23028] ProdTypeGate: steamer_shipyard -> result=0 (впервые)
[23028] ProdTypeGate: steamer_shipyard -> result=0 (впервые)
[23028] ProdTypeGate: steamer_shipyard -> result=0 (впервые)
[23028] ProdTypeGate: steamer_shipyard -> result=0 (впервые)
[23028] ProdTypeGate: steamer_shipyard -> result=0 (впервые)
[23028] ProdTypeGate: steamer_shipyard -> result=0 (впервые)
[23028] ProdTypeGate: steamer_shipyard -> result=0 (впервые)
[23028] ProdTypeGate: steamer_shipyard -> result=0 (впервые)
[23028] ProdTypeGate: steamer_shipyard -> result=0 (впервые)
[23028] ProdTypeGate: steamer_shipyard -> result=0 (впервые)
[23028] ProdTypeGate: steamer_shipyard -> result=0 (впервые)
[23028] ProdTypeGate: steamer_shipyard -> result=0 (впервые)
[23028] ProdTypeGate: steamer_shipyard -> result=0 (впервые)
[23028] ProdTypeGate: steamer_shipyard -> result=0 (впервые)
[23028] ProdTypeGate: steamer_shipyard -> result=0 (впервые)
[23028] ProdTypeGate: steamer_shipyard -> result=0 (впервые)
[23028] ProdTypeGate: steamer_shipyard -> result=0 (впервые)
[23028] ProdTypeGate: steamer_shipyard -> result=0 (впервые)
[23028] ProdTypeGate: steamer_shipyard -> result=0 (впервые)
[23028] ProdTypeGate: steamer_shipyard -> result=0 (впервые)
[23028] ProdTypeGate: steamer_shipyard -> result=0 (впервые)
[23028] ProdTypeGate: steamer_shipyard -> result=0 (впервые)
[23028] ProdTypeGate: steamer_shipyard -> result=0 (впервые)
[23028] ProdTypeGate: steamer_shipyard -> result=0 (впервые)
[23028] ProdTypeGate: steamer_shipyard -> result=0 (впервые)
[23028] ProdTypeGate: steamer_shipyard -> result=0 (впервые)
[23028] ProdTypeGate: steamer_shipyard -> result=0 (впервые)
[23028] ProdTypeGate: steamer_shipyard -> result=0 (впервые)
[23028] ProdTypeGate: steamer_shipyard -> result=0 (впервые)
[23028] ProdTypeGate: steamer_shipyard -> result=0 (впервые)
[23028] ProdTypeGate: steamer_shipyard -> result=0 (впервые)
[23028] ProdTypeGate: steamer_shipyard -> result=0 (впервые)
[23028] ProdTypeGate: steamer_shipyard -> result=0 (впервые)
[23028] ProdTypeGate: steamer_shipyard -> result=0 (впервые)
[23028] ProdTypeGate: steamer_shipyard -> result=0 (впервые)
[23028] ProdTypeGate: steamer_shipyard -> result=0 (впервые)
[23028] ProdTypeGate: steamer_shipyard -> result=0 (впервые)
[23028] ProdTypeGate: steamer_shipyard -> result=0 (впервые)
[23028] ProdTypeGate: steamer_shipyard -> result=0 (впервые)
[23028] ProdTypeGate: steamer_shipyard -> result=0 (впервые)
[23028] ProdTypeGate: steamer_shipyard -> result=0 (впервые)
[23028] ProdTypeGate: steamer_shipyard -> result=0 (впервые)
[23028] ProdTypeGate: steamer_shipyard -> result=0 (впервые)
[23028] ProdTypeGate: steamer_shipyard -> result=0 (впервые)
[23028] ProdTypeGate: steamer_shipyard -> result=0 (впервые)
[23028] ProdTypeGate: steamer_shipyard -> result=0 (впервые)
[23028] ProdTypeGate: steamer_shipyard -> result=0 (впервые)
[23028] ProdTypeGate: steamer_shipyard -> result=0 (впервые)
[23028] ProdTypeGate: steamer_shipyard -> result=0 (впервые)
[23028] ProdTypeGate: steamer_shipyard -> result=0 (впервые)
[23028] ProdTypeGate: steamer_shipyard -> result=0 (впервые)
[23028] ProdTypeGate: steamer_shipyard -> result=0 (впервые)
[23028] ProdTypeGate: steamer_shipyard -> result=0 (впервые)
[23028] ProdTypeGate: steamer_shipyard -> result=0 (впервые)
[23028] ProdTypeGate: steamer_shipyard -> result=0 (впервые)
[23028] ProdTypeGate: steamer_shipyard -> result=0 (впервые)
[23028] ProdTypeGate: steamer_shipyard -> result=0 (впервые)
[23028] ProdTypeGate: steamer_shipyard -> result=0 (впервые)
[23028] ProdTypeGate: steamer_shipyard -> result=0 (впервые)
[23028] ProdTypeGate: steamer_shipyard -> result=0 (впервые)
[23028] ProdTypeGate: steamer_shipyard -> result=0 (впервые)
[23028] ProdTypeGate: steamer_shipyard -> result=0 (впервые)
[23028] ProdTypeGate: steamer_shipyard -> result=0 (впервые)
[23028] ProdTypeGate: steamer_shipyard -> result=0 (впервые)
[23028] ProdTypeGate: steamer_shipyard -> result=0 (впервые)
[23028] ProdTypeGate: steamer_shipyard -> result=0 (впервые)
[23028] ProdTypeGate: steamer_shipyard -> result=0 (впервые)
[23028] ProdTypeGate: steamer_shipyard -> result=0 (впервые)
[23028] ProdTypeGate: steamer_shipyard -> result=0 (впервые)
[23028] ProdTypeGate: steamer_shipyard -> result=0 (впервые)
[23028] ProdTypeGate: steamer_shipyard -> result=0 (впервые)
[23028] ProdTypeGate: steamer_shipyard -> result=0 (впервые)
[23028] ProdTypeGate: steamer_shipyard -> result=0 (впервые)
[23028] ProdTypeGate: steamer_shipyard -> result=0 (впервые)
[23028] ProdTypeGate: steamer_shipyard -> result=0 (впервые)
[23028] ProdTypeGate: steamer_shipyard -> result=0 (впервые)
[23028] ProdTypeGate: steamer_shipyard -> result=0 (впервые)
[23028] ProdTypeGate: steamer_shipyard -> result=0 (впервые)
[23028] ProdTypeGate: steamer_shipyard -> result=0 (впервые)
[23028] ProdTypeGate: steamer_shipyard -> result=0 (впервые)
[23028] ProdTypeGate: steamer_shipyard -> result=0 (впервые)
[23028] ProdTypeGate: steamer_shipyard -> result=0 (впервые)
[23028] ProdTypeGate: steamer_shipyard -> result=0 (впервые)
[23028] ProdTypeGate: steamer_shipyard -> result=0 (впервые)
[23028] ProdTypeGate: steamer_shipyard -> result=0 (впервые)
[23028] ProdTypeGate: steamer_shipyard -> result=0 (впервые)
[23028] ProdTypeGate: steamer_shipyard -> result=0 (впервые)
[23028] ProdTypeGate: steamer_shipyard -> result=0 (впервые)
[23028] ProdTypeGate: steamer_shipyard -> result=0 (впервые)
[23028] ProdTypeGate: steamer_shipyard -> result=0 (впервые)
[23028] ProdTypeGate: steamer_shipyard -> result=0 (впервые)
[23028] ProdTypeGate: steamer_shipyard -> result=0 (впервые)
[23028] ProdTypeGate: steamer_shipyard -> result=0 (впервые)
[23028] ProdTypeGate: steamer_shipyard -> result=0 (впервые)
[23028] ProdTypeGate: steamer_shipyard -> result=0 (впервые)
[23028] ProdTypeGate: steamer_shipyard -> result=0 (впервые)
[23028] ProdTypeGate: steamer_shipyard -> result=0 (впервые)
[23028] ProdTypeGate: steamer_shipyard -> result=0 (впервые)
[23028] ProdTypeGate: steamer_shipyard -> result=0 (впервые)
[23028] ProdTypeGate: steamer_shipyard -> result=0 (впервые)
[23028] ProdTypeGate: steamer_shipyard -> result=0 (впервые)
[23028] ProdTypeGate: steamer_shipyard -> result=0 (впервые)
[23028] ProdTypeGate: steamer_shipyard -> result=0 (впервые)
[23028] ProdTypeGate: steamer_shipyard -> result=0 (впервые)
[23028] ProdTypeGate: steamer_shipyard -> result=0 (впервые)
[23028] ProdTypeGate: steamer_shipyard -> result=0 (впервые)
[23028] ProdTypeGate: steamer_shipyard -> result=0 (впервые)
[23028] ProdTypeGate: steamer_shipyard -> result=0 (впервые)
[23028] ProdTypeGate: steamer_shipyard -> result=0 (впервые)
[23028] ProdTypeGate: steamer_shipyard -> result=0 (впервые)
[23028] ProdTypeGate: steamer_shipyard -> result=0 (впервые)
[23028] ProdTypeGate: steamer_shipyard -> result=0 (впервые)
[23028] ProdTypeGate: steamer_shipyard -> result=0 (впервые)
[23028] ProdTypeGate: steamer_shipyard -> result=0 (впервые)
[23028] ProdTypeGate: steamer_shipyard -> result=0 (впервые)
[23028] ProdTypeGate: steamer_shipyard -> result=0 (впервые)
[23028] ProdTypeGate: steamer_shipyard -> result=0 (впервые)
[23028] ProdTypeGate: steamer_shipyard -> result=0 (впервые)
[23028] ProdTypeGate: steamer_shipyard -> result=0 (впервые)
[23028] ProdTypeGate: steamer_shipyard -> result=0 (впервые)
[23028] ProdTypeGate: steamer_shipyard -> result=0 (впервые)
[23028] ProdTypeGate: steamer_shipyard -> result=0 (впервые)
[23028] ProdTypeGate: steamer_shipyard -> result=0 (впервые)
[23028] ProdTypeGate: steamer_shipyard -> result=0 (впервые)
[23028] ProdTypeGate: steamer_shipyard -> result=0 (впервые)
[23028] ProdTypeGate: steamer_shipyard -> result=0 (впервые)
[23028] ProdTypeGate: steamer_shipyard -> result=0 (впервые)
[23028] ProdTypeGate: steamer_shipyard -> result=0 (впервые)
[23028] ProdTypeGate: steamer_shipyard -> result=0 (впервые)
[23028] ProdTypeGate: steamer_shipyard -> result=0 (впервые)
[23028] ProdTypeGate: steamer_shipyard -> result=0 (впервые)
[23028] ProdTypeGate: steamer_shipyard -> result=0 (впервые)
[23028] ProdTypeGate: steamer_shipyard -> result=0 (впервые)
[23028] ProdTypeGate: steamer_shipyard -> result=0 (впервые)
[23028] ProdTypeGate: steamer_shipyard -> result=0 (впервые)
[23028] ProdTypeGate: steamer_shipyard -> result=0 (впервые)
[23028] ProdTypeGate: steamer_shipyard -> result=0 (впервые)
[23028] ProdTypeGate: steamer_shipyard -> result=0 (впервые)
[23028] ProdTypeGate: steamer_shipyard -> result=0 (впервые)
[23028] ProdTypeGate: steamer_shipyard -> result=0 (впервые)
[23028] ProdTypeGate: steamer_shipyard -> result=0 (впервые)
[23028] ProdTypeGate: steamer_shipyard -> result=0 (впервые)
[23028] ProdTypeGate: steamer_shipyard -> result=0 (впервые)
[23028] ProdTypeGate: steamer_shipyard -> result=0 (впервые)
[23028] ProdTypeGate: steamer_shipyard -> result=0 (впервые)
[23028] ProdTypeGate: steamer_shipyard -> result=0 (впервые)
[23028] ProdTypeGate: steamer_shipyard -> result=0 (впервые)
[23028] ProdTypeGate: steamer_shipyard -> result=0 (впервые)
[23028] ProdTypeGate: steamer_shipyard -> result=0 (впервые)
[23028] ProdTypeGate: steamer_shipyard -> result=0 (впервые)
[23028] ProdTypeGate: steamer_shipyard -> result=0 (впервые)
[23028] ProdTypeGate: steamer_shipyard -> result=0 (впервые)
[23028] ProdTypeGate: steamer_shipyard -> result=0 (впервые)
[23028] ProdTypeGate: steamer_shipyard -> result=0 (впервые)
[23028] ProdTypeGate: steamer_shipyard -> result=0 (впервые)
[23028] ProdTypeGate: steamer_shipyard -> result=0 (впервые)
[23028] ProdTypeGate: steamer_shipyard -> result=0 (впервые)
[23028] ProdTypeGate: steamer_shipyard -> result=0 (впервые)
[23028] ProdTypeGate: steamer_shipyard -> result=0 (впервые)
[23028] ProdTypeGate: steamer_shipyard -> result=0 (впервые)
[23028] ProdTypeGate: steamer_shipyard -> result=0 (впервые)
[23028] ProdTypeGate: steamer_shipyard -> result=0 (впервые)
[23028] ProdTypeGate: steamer_shipyard -> result=0 (впервые)
[23028] ProdTypeGate: steamer_shipyard -> result=0 (впервые)
[23028] ProdTypeGate: steamer_shipyard -> result=0 (впервые)
[23028] ProdTypeGate: steamer_shipyard -> result=0 (впервые)
[23028] ProdTypeGate: steamer_shipyard -> result=0 (впервые)
[23028] ProdTypeGate: steamer_shipyard -> result=0 (впервые)
[23028] ProdTypeGate: steamer_shipyard -> result=0 (впервые)
[23028] ProdTypeGate: steamer_shipyard -> result=0 (впервые)
[23028] ProdTypeGate: steamer_shipyard -> result=0 (впервые)
[23028] ProdTypeGate: steamer_shipyard -> result=0 (впервые)
[23028] ProdTypeGate: steamer_shipyard -> result=0 (впервые)
[23028] ProdTypeGate: steamer_shipyard -> result=0 (впервые)
[23028] ProdTypeGate: steamer_shipyard -> result=0 (впервые)
[23028] ProdTypeGate: steamer_shipyard -> result=0 (впервые)
[23028] ProdTypeGate: steamer_shipyard -> result=0 (впервые)
[23028] ProdTypeGate: steamer_shipyard -> result=0 (впервые)
[23028] ProdTypeGate: steamer_shipyard -> result=0 (впервые)
[23028] ProdTypeGate: steamer_shipyard -> result=0 (впервые)
[23028] ProdTypeGate: steamer_shipyard -> result=0 (впервые)
[23028] ProdTypeGate: steamer_shipyard -> result=0 (впервые)
[23028] ProdTypeGate: steamer_shipyard -> result=0 (впервые)
[23028] ProdTypeGate: steamer_shipyard -> result=0 (впервые)
[23028] ProdTypeGate: steamer_shipyard -> result=0 (впервые)
[23028] ProdTypeGate: steamer_shipyard -> result=0 (впервые)
[23028] ProdTypeGate: steamer_shipyard -> result=0 (впервые)
[23028] ProdTypeGate: steamer_shipyard -> result=0 (впервые)
[23028] ProdTypeGate: steamer_shipyard -> result=0 (впервые)
[23028] ProdTypeGate: steamer_shipyard -> result=0 (впервые)
[23028] ProdTypeGate: steamer_shipyard -> result=0 (впервые)
[23028] ProdTypeGate: steamer_shipyard -> result=0 (впервые)
[23028] ProdTypeGate: steamer_shipyard -> result=0 (впервые)
[23028] ProdTypeGate: steamer_shipyard -> result=0 (впервые)
[23028] ProdTypeGate: steamer_shipyard -> result=0 (впервые)
[23028] ProdTypeGate: steamer_shipyard -> result=0 (впервые)
[23028] ProdTypeGate: steamer_shipyard -> result=0 (впервые)
[23028] ProdTypeGate: steamer_shipyard -> result=0 (впервые)
[23028] ProdTypeGate: steamer_shipyard -> result=0 (впервые)
[23028] ProdTypeGate: steamer_shipyard -> result=0 (впервые)
[23028] ProdTypeGate: steamer_shipyard -> result=0 (впервые)
[23028] ProdTypeGate: steamer_shipyard -> result=0 (впервые)
[23028] ProdTypeGate: steamer_shipyard -> result=0 (впервые)
[23028] ProdTypeGate: steamer_shipyard -> result=0 (впервые)
[23028] ProdTypeGate: steamer_shipyard -> result=0 (впервые)
[23028] ProdTypeGate: steamer_shipyard -> result=0 (впервые)
[23028] ProdTypeGate: steamer_shipyard -> result=0 (впервые)
[23028] ProdTypeGate: steamer_shipyard -> result=0 (впервые)
[23028] ProdTypeGate: steamer_shipyard -> result=0 (впервые)
[23028] ProdTypeGate: steamer_shipyard -> result=0 (впервые)
[23028] ProdTypeGate: steamer_shipyard -> result=0 (впервые)
[23028] ProdTypeGate: steamer_shipyard -> result=0 (впервые)
[23028] ProdTypeGate: steamer_shipyard -> result=0 (впервые)
[23028] ProdTypeGate: steamer_shipyard -> result=0 (впервые)
[23028] ProdTypeGate: steamer_shipyard -> result=0 (впервые)
[23028] ProdTypeGate: steamer_shipyard -> result=0 (впервые)
[23028] ProdTypeGate: steamer_shipyard -> result=0 (впервые)
[23028] ProdTypeGate: steamer_shipyard -> result=0 (впервые)
[23028] ProdTypeGate: steamer_shipyard -> result=0 (впервые)
[23028] ProdTypeGate: steamer_shipyard -> result=0 (впервые)
[23028] ProdTypeGate: steamer_shipyard -> result=0 (впервые)
[23028] ProdTypeGate: steamer_shipyard -> result=0 (впервые)
[23028] ProdTypeGate: steamer_shipyard -> result=0 (впервые)
[23028] ProdTypeGate: steamer_shipyard -> result=0 (впервые)
[23028] ProdTypeGate: steamer_shipyard -> result=0 (впервые)
[23028] ProdTypeGate: steamer_shipyard -> result=0 (впервые)
[23028] ProdTypeGate: steamer_shipyard -> result=0 (впервые)
[23028] ProdTypeGate: steamer_shipyard -> result=0 (впервые)
[23028] ProdTypeGate: steamer_shipyard -> result=0 (впервые)
[23028] ProdTypeGate: steamer_shipyard -> result=0 (впервые)
[23028] ProdTypeGate: steamer_shipyard -> result=0 (впервые)
[23028] ProdTypeGate: steamer_shipyard -> result=0 (впервые)
[23028] ProdTypeGate: steamer_shipyard -> result=0 (впервые)
[23028] ProdTypeGate: steamer_shipyard -> result=0 (впервые)
[23028] ProdTypeGate: steamer_shipyard -> result=0 (впервые)
[23028] ProdTypeGate: steamer_shipyard -> result=0 (впервые)
[23028] ProdTypeGate: steamer_shipyard -> result=0 (впервые)
[23028] ProdTypeGate: steamer_shipyard -> result=0 (впервые)
[23028] ProdTypeGate: steamer_shipyard -> result=0 (впервые)
[23028] ProdTypeGate: steamer_shipyard -> result=0 (впервые)
[23028] ProdTypeGate: steamer_shipyard -> result=0 (впервые)
[23028] ProdTypeGate: steamer_shipyard -> result=0 (впервые)
[23028] ProdTypeGate: steamer_shipyard -> result=0 (впервые)
[23028] ProdTypeGate: steamer_shipyard -> result=0 (впервые)
[23028] ProdTypeGate: steamer_shipyard -> result=0 (впервые)
[23028] ProdTypeGate: steamer_shipyard -> result=0 (впервые)
[23028] ProdTypeGate: steamer_shipyard -> result=0 (впервые)
[23028] ProdTypeGate: steamer_shipyard -> result=0 (впервые)
[23028] ProdTypeGate: steamer_shipyard -> result=0 (впервые)
[23028] ProdTypeGate: steamer_shipyard -> result=0 (впервые)
[23028] ProdTypeGate: steamer_shipyard -> result=0 (впервые)
[23028] ProdTypeGate: steamer_shipyard -> result=0 (впервые)
[23028] ProdTypeGate: steamer_shipyard -> result=0 (впервые)
[23028] ProdTypeGate: steamer_shipyard -> result=0 (впервые)
[23028] ProdTypeGate: steamer_shipyard -> result=0 (впервые)
[23028] ProdTypeGate: steamer_shipyard -> result=0 (впервые)
[23028] ProdTypeGate: steamer_shipyard -> result=0 (впервые)
[23028] ProdTypeGate: steamer_shipyard -> result=0 (впервые)
[23028] ProdTypeGate: steamer_shipyard -> result=0 (впервые)
[23028] ProdTypeGate: steamer_shipyard -> result=0 (впервые)
[23028] ProdTypeGate: steamer_shipyard -> result=0 (впервые)
[23028] ProdTypeGate: steamer_shipyard -> result=0 (впервые)
[23028] ProdTypeGate: steamer_shipyard -> result=0 (впервые)
[23028] ProdTypeGate: steamer_shipyard -> result=0 (впервые)
[23028] ProdTypeGate: steamer_shipyard -> result=0 (впервые)
[23028] ProdTypeGate: steamer_shipyard -> result=0 (впервые)
[23028] ProdTypeGate: steamer_shipyard -> result=0 (впервые)
[23028] ProdTypeGate: steamer_shipyard -> result=0 (впервые)
[23028] ProdTypeGate: steamer_shipyard -> result=0 (впервые)
[23028] ProdTypeGate: steamer_shipyard -> result=0 (впервые)
[23028] ProdTypeGate: steamer_shipyard -> result=0 (впервые)
[23028] ProdTypeGate: steamer_shipyard -> result=0 (впервые)
[23028] ProdTypeGate: steamer_shipyard -> result=0 (впервые)
[23028] ProdTypeGate: steamer_shipyard -> result=0 (впервые)
[23028] ProdTypeGate: steamer_shipyard -> result=0 (впервые)
[23028] ProdTypeGate: steamer_shipyard -> result=0 (впервые)
[23028] ProdTypeGate: steamer_shipyard -> result=0 (впервые)
[23028] ProdTypeGate: steamer_shipyard -> result=0 (впервые)
[23028] ProdTypeGate: steamer_shipyard -> result=0 (впервые)
[23028] ProdTypeGate: steamer_shipyard -> result=0 (впервые)
[23028] ProdTypeGate: steamer_shipyard -> result=0 (впервые)
[23028] ProdTypeGate: steamer_shipyard -> result=0 (впервые)
[23028] ProdTypeGate: steamer_shipyard -> result=0 (впервые)
[23028] ProdTypeGate: steamer_shipyard -> result=0 (впервые)
[23028] ProdTypeGate: steamer_shipyard -> result=0 (впервые)
[23028] ProdTypeGate: steamer_shipyard -> result=0 (впервые)
[23028] ProdTypeGate: steamer_shipyard -> result=0 (впервые)
[23028] ProdTypeGate: steamer_shipyard -> result=0 (впервые)
[23028] ProdTypeGate: steamer_shipyard -> result=0 (впервые)
[23028] ProdTypeGate: steamer_shipyard -> result=0 (впервые)
[23028] ProdTypeGate: steamer_shipyard -> result=0 (впервые)
[23028] ProdTypeGate: machine_parts_factory -> result=0 (впервые)
[23028] ProdTypeGate: steamer_shipyard -> result=0 (впервые)
[23028] ProdTypeGate: steamer_shipyard -> result=0 (впервые)
[23028] ProdTypeGate: steamer_shipyard -> result=0 (впервые)
[23028] ProdTypeGate: steamer_shipyard -> result=0 (впервые)
[23028] ProdTypeGate: steamer_shipyard -> result=0 (впервые)
[23028] ProdTypeGate: steamer_shipyard -> result=0 (впервые)
[23028] ProdTypeGate: steamer_shipyard -> result=0 (впервые)
[23028] ProdTypeGate: steamer_shipyard -> result=0 (впервые)
[23028] ProdTypeGate: steamer_shipyard -> result=0 (впервые)
[23028] ProdTypeGate: steamer_shipyard -> result=0 (впервые)
[23028] ProdTypeGate: steamer_shipyard -> result=0 (впервые)
[23028] ProdTypeGate: steamer_shipyard -> result=0 (впервые)
[23028] ProdTypeGate: steamer_shipyard -> result=0 (впервые)
[23028] ProdTypeGate: steamer_shipyard -> result=0 (впервые)
[23028] ProdTypeGate: steamer_shipyard -> result=0 (впервые)
[23028] ProdTypeGate: steamer_shipyard -> result=0 (впервые)
[23028] ProdTypeGate: steamer_shipyard -> result=0 (впервые)
[23028] ProdTypeGate: steamer_shipyard -> result=0 (впервые)
[23028] ProdTypeGate: steamer_shipyard -> result=0 (впервые)
[23028] ProdTypeGate: steamer_shipyard -> result=0 (впервые)
[23028] ProdTypeGate: steamer_shipyard -> result=0 (впервые)
[23028] ProdTypeGate: steamer_shipyard -> result=0 (впервые)
[23028] ProdTypeGate: steamer_shipyard -> result=0 (впервые)
[23028] ProdTypeGate: steamer_shipyard -> result=0 (впервые)
[23028] ProdTypeGate: steamer_shipyard -> result=0 (впервые)
[23028] ProdTypeGate: steamer_shipyard -> result=0 (впервые)
[23028] ProdTypeGate: steamer_shipyard -> result=0 (впервые)
[23028] ProdTypeGate: steamer_shipyard -> result=0 (впервые)
[23028] ProdTypeGate: steamer_shipyard -> result=0 (впервые)
[23028] ProdTypeGate: steamer_shipyard -> result=0 (впервые)
[23028] ProdTypeGate: steamer_shipyard -> result=0 (впервые)
[23028] ProdTypeGate: steamer_shipyard -> result=0 (впервые)
[23028] ProdTypeGate: steamer_shipyard -> result=0 (впервые)
[23028] ProdTypeGate: steamer_shipyard -> result=0 (впервые)
[23028] ProdTypeGate: steamer_shipyard -> result=0 (впервые)
[23028] ProdTypeGate: steamer_shipyard -> result=0 (впервые)
[23028] ProdTypeGate: steamer_shipyard -> result=0 (впервые)
[23028] ProdTypeGate: steamer_shipyard -> result=0 (впервые)
[23028] ProdTypeGate: steamer_shipyard -> result=0 (впервые)
[23028] ProdTypeGate: steamer_shipyard -> result=0 (впервые)
[23028] ProdTypeGate: steamer_shipyard -> result=0 (впервые)
[23028] ProdTypeGate: steamer_shipyard -> result=0 (впервые)
[23028] ProdTypeGate: steamer_shipyard -> result=0 (впервые)
[23028] ProdTypeGate: steamer_shipyard -> result=0 (впервые)
[23028] ProdTypeGate: steamer_shipyard -> result=0 (впервые)
[23028] ProdTypeGate: steamer_shipyard -> result=0 (впервые)
[23028] ProdTypeGate: steamer_shipyard -> result=0 (впервые)
[23028] ProdTypeGate: steamer_shipyard -> result=0 (впервые)
[23028] ProdTypeGate: steamer_shipyard -> result=0 (впервые)
[23028] ProdTypeGate: steamer_shipyard -> result=0 (впервые)
[23028] ProdTypeGate: steamer_shipyard -> result=0 (впервые)
[23028] ProdTypeGate: steamer_shipyard -> result=0 (впервые)
[23028] ProdTypeGate: steamer_shipyard -> result=0 (впервые)
[23028] ProdTypeGate: steamer_shipyard -> result=0 (впервые)
[23028] ProdTypeGate: steamer_shipyard -> result=0 (впервые)
[23028] ProdTypeGate: steamer_shipyard -> result=0 (впервые)
[23028] ProdTypeGate: steamer_shipyard -> result=0 (впервые)
[23028] ProdTypeGate: steamer_shipyard -> result=0 (впервые)
[23028] ProdTypeGate: steamer_shipyard -> result=0 (впервые)
[23028] ProdTypeGate: steamer_shipyard -> result=0 (впервые)
[23028] ProdTypeGate: steamer_shipyard -> result=0 (впервые)
[23028] ProdTypeGate: steamer_shipyard -> result=0 (впервые)
[23028] ProdTypeGate: steamer_shipyard -> result=0 (впервые)
[23028] ProdTypeGate: steamer_shipyard -> result=0 (впервые)
[23028] ProdTypeGate: steamer_shipyard -> result=0 (впервые)
[23028] ProdTypeGate: steamer_shipyard -> result=0 (впервые)
[23028] ProdTypeGate: steamer_shipyard -> result=0 (впервые)
[23028] ProdTypeGate: steamer_shipyard -> result=0 (впервые)
[23028] ProdTypeGate: steamer_shipyard -> result=0 (впервые)
[23028] ProdTypeGate: steamer_shipyard -> result=0 (впервые)
[23028] ProdTypeGate: steamer_shipyard -> result=0 (впервые)
[23028] ProdTypeGate: steamer_shipyard -> result=0 (впервые)
[23028] ProdTypeGate: steamer_shipyard -> result=0 (впервые)
[23028] ProdTypeGate: steamer_shipyard -> result=0 (впервые)
[23028] ProdTypeGate: steamer_shipyard -> result=0 (впервые)
[23028] ProdTypeGate: steamer_shipyard -> result=0 (впервые)
[23028] ProdTypeGate: steamer_shipyard -> result=0 (впервые)
[23028] ProdTypeGate: steamer_shipyard -> result=0 (впервые)
[23028] ProdTypeGate: steamer_shipyard -> result=0 (впервые)
[23028] ProdTypeGate: steamer_shipyard -> result=0 (впервые)
[23028] ProdTypeGate: steamer_shipyard -> result=0 (впервые)
[23028] ProdTypeGate: steamer_shipyard -> result=0 (впервые)
[23028] ProdTypeGate: steamer_shipyard -> result=0 (впервые)
[23028] ProdTypeGate: steamer_shipyard -> result=0 (впервые)
[23028] ProdTypeGate: steamer_shipyard -> result=0 (впервые)
[23028] ProdTypeGate: steamer_shipyard -> result=0 (впервые)
[23028] ProdTypeGate: steamer_shipyard -> result=0 (впервые)
[23028] ProdTypeGate: steamer_shipyard -> result=0 (впервые)
[23028] ProdTypeGate: steamer_shipyard -> result=0 (впервые)
[23028] ProdTypeGate: steamer_shipyard -> result=0 (впервые)
[23028] ProdTypeGate: steamer_shipyard -> result=0 (впервые)
[23028] ProdTypeGate: steamer_shipyard -> result=0 (впервые)
[23028] ProdTypeGate: steamer_shipyard -> result=0 (впервые)
[23028] ProdTypeGate: steamer_shipyard -> result=0 (впервые)
[23028] ProdTypeGate: steamer_shipyard -> result=0 (впервые)
[23028] ProdTypeGate: steamer_shipyard -> result=0 (впервые)
[23028] ProdTypeGate: steamer_shipyard -> result=0 (впервые)
[23028] ProdTypeGate: steamer_shipyard -> result=0 (впервые)
[23028] ProdTypeGate: steamer_shipyard -> result=0 (впервые)
[23028] ProdTypeGate: steamer_shipyard -> result=0 (впервые)
[23028] ProdTypeGate: steamer_shipyard -> result=0 (впервые)
[23028] ProdTypeGate: steamer_shipyard -> result=0 (впервые)
[23028] ProdTypeGate: steamer_shipyard -> result=0 (впервые)
[23028] ProdTypeGate: steamer_shipyard -> result=0 (впервые)
[23028] ProdTypeGate: steamer_shipyard -> result=0 (впервые)
[23028] ProdTypeGate: steamer_shipyard -> result=0 (впервые)
[23028] ProdTypeGate: steamer_shipyard -> result=0 (впервые)
[23028] ProdTypeGate: steamer_shipyard -> result=0 (впервые)
[23028] ProdTypeGate: steamer_shipyard -> result=0 (впервые)
[23028] ProdTypeGate: steamer_shipyard -> result=0 (впервые)
[23028] ProdTypeGate: steamer_shipyard -> result=0 (впервые)
[23028] ProdTypeGate: steamer_shipyard -> result=0 (впервые)
[23028] ProdTypeGate: steamer_shipyard -> result=0 (впервые)
[23028] ProdTypeGate: steamer_shipyard -> result=0 (впервые)
[23028] ProdTypeGate: steamer_shipyard -> result=0 (впервые)
[23028] ProdTypeGate: steamer_shipyard -> result=0 (впервые)
[23028] ProdTypeGate: steamer_shipyard -> result=0 (впервые)
[23028] ProdTypeGate: steamer_shipyard -> result=0 (впервые)
[23028] ProdTypeGate: steamer_shipyard -> result=0 (впервые)
[23028] ProdTypeGate: steamer_shipyard -> result=0 (впервые)
[23028] ProdTypeGate: steamer_shipyard -> result=0 (впервые)
[23028] ProdTypeGate: steamer_shipyard -> result=0 (впервые)
[23028] ProdTypeGate: steamer_shipyard -> result=0 (впервые)
[23028] ProdTypeGate: steamer_shipyard -> result=0 (впервые)
[23028] ProdTypeGate: steamer_shipyard -> result=0 (впервые)
[23028] ProdTypeGate: steamer_shipyard -> result=0 (впервые)
[23028] ProdTypeGate: steamer_shipyard -> result=0 (впервые)
[23028] ProdTypeGate: steamer_shipyard -> result=0 (впервые)
[23028] ProdTypeGate: steamer_shipyard -> result=0 (впервые)
[23028] ProdTypeGate: steamer_shipyard -> result=0 (впервые)
[23028] ProdTypeGate: steamer_shipyard -> result=0 (впервые)
[23028] ProdTypeGate: steamer_shipyard -> result=0 (впервые)
[23028] ProdTypeGate: steamer_shipyard -> result=0 (впервые)
[23028] ProdTypeGate: steamer_shipyard -> result=0 (впервые)
[23028] ProdTypeGate: steamer_shipyard -> result=0 (впервые)
[23028] ProdTypeGate: steamer_shipyard -> result=0 (впервые)
[23028] ProdTypeGate: steamer_shipyard -> result=0 (впервые)
[23028] ProdTypeGate: steamer_shipyard -> result=0 (впервые)
[23028] ProdTypeGate: steamer_shipyard -> result=0 (впервые)
[23028] ProdTypeGate: steamer_shipyard -> result=0 (впервые)
