[32380] CrashWatch: Logs\v2dll_crash.log + v2dll_crash_hint.txt (memory dump выключен: ENABLE_CRASH_DUMP=0)
[32380] LoadSettingsFrom: читаю 'v2dll_settings.ini'
[32380] ---- Install ---- версия 4.98 pid=32380 tid=24156
[32380] base = 00710000
[32380] logs = Logs\ (v2dll.log, v2dll_oos.log, v2dll_crash.log)
[32380] localModConfig=0 fixSfxMixerLag=1 patchFixArmyWindowLag=1 enableCrashDump=0
[32380] CivilizeNullCheck: включён принудительно
[32380] ChkWinSkip: принудительно выкл (2859C0 = дневной тик, не GUI)
[32380] CamStill: принудительно выкл (3.59: idle-шторм, FPS хуже)
[32380] Timer: timeBeginPeriod(1) = 0
[32380] Timer: NtSetTimerResolution(1ms) status=00000000 cur=9989
[32380] Select: ws2_32.select перехвачен (микшер 68B47D >2мс -> 1мс, timeval копия)
[32380] CPU: priority ABOVE_NORMAL
[32380] CPU: power throttling off
[32380] Heap: LFH включён на 2 из 2 куч (LAA exe=1)
[32380] FPU: CreateThread exe перехвачен
[32380] FPU: GetTickCount - отложенный патч TBB/D3D
[32380] FPU: пин на главном цикле rva 5DF550
[32380] MainLoopSleep0: Sleep(100) -> Sleep(1) rva 5DF2D5
[32380] MainLoopSleep0: Sleep(100) -> Sleep(1) rva 5DF684
[32380] D3D9: Direct3DCreate9 перехвачен
[32380] TBB: _beginthreadex перехвачен
[32380] TBB: кап снят (ENGINE_WORKER_THREADS=0), initialize не трогаем
[32380] Engine: FPU=1 D3D=1 LFH=1 threadPin=1 tbbCap=0 sleep0=1 noVsync=0 prio=1
[32380] PopQuantize: FUN_00485E40, keep_bits=12
[32380] MpClientSleep: pump Sleep(40) -> Sleep(1) rva 71DD2C
[32380] WFSO: WaitForSingleObject exe перехвачен (16-50мс -> 1, INFINITE не трогаем)
[32380] patch CTechnologyView: слот 11 = 1
[32380] patch CBudgetView: слот 10 = 1
[32380] patch CProductionView: слот 10 = 1
[32380] patch CPoliticsView: слот 10 = 1
[32380] patch CDecision: слот 6 = 1
[32380] Patch 'always_add_wargoals': применён на rva 138AFF
[32380] Patch 'land_reinforce': применён на rva 1C8C9B
[32380] Patch 'naval_reinforce': применён на rva 1C8B1C
[32380] Patch 'max_relative_price': применён на rva A45C28
[32380] Patch 'consciousness_plurality_growth': применён на rva 10C5DE
[32380] Patch 'allied_reinforce_150': применён на rva 1D74BE
[32380] Patch 'combat_loss_popup_all': применён на rva 19CC5D
[32380] Patch 'build_factory_ignore_colonial_1': применён на rva 0D0C57
[32380] Patch 'build_factory_ignore_colonial_2': применён на rva 12FA4E
[32380] Patch 'build_factory_button_enable_ignore_colonial': применён на rva 12E977
[32380] Patch 'local_supply_factory_ignore_colonial': применён на rva 0D0E9D
[32380] Patch 'build_factory_ignore_uncivilized_button': применён на rva 12E96E
[32380] Patch 'build_factory_checklist_uncivilized_own': применён на rva 12EA67
[32380] Patch 'build_factory_checklist_uncivilized_other': применён на rva 12F0D4
[32380] Patch 'build_factory_ignore_uncivilized_can_build': применён на rva 12CA3E
[32380] OccupiedReinforceSplit: occupied=100.0%, пещера 021F0000
[32380] AllyOwnerCheck: owned-by-ally=150%, occupied-by-ally=100.0%, пещера 02200000, ok=1
[32380] AllyEmbark: установлен (владелец rva 1D77A0, клик rva 1CD058, вместимость rva 1D5E97)
[32380] SaveEmbark: установлен (rva 721F00)
[32380] LoadEmbark: установлен (rva 721F40)
[32380] LoadRepair: установлен (rva 1D7CC4)
[32380] FleetPassengerTooltip: установлен (vtable rva A16BD0 слот 12) = 1
[32380] FleetCapture: установлен (rva 38F559)
[32380] CivilizeNullCheck: установлен на rva 14248B, пещера 02210000
[32380] SupplySourceNullCheck: установлен на rva 0D15EB, пещера 02220000
[32380] TechCompareNullCheck: установлен на rva 3A918A, пещера 02230000
[32380] TechFolderIconNullCheck: установлен на rva 3ADE98, пещера 02240000
[32380] ProdListVisibilityHook: установлен
[32380] HideRawGoodsFilter: установлен rva 2F1C30
[32380] GoodsFilterPos2(наблюдение): установлен rva 2F1EC0
[32380] FilterShowAll(вкладка 0): call предиката подменён rva 2F41F7
[32380] FilterShowAll(вкладка 1): call предиката подменён rva 2F7471
[32380] PlayerNext: call в конструкторе topbar подменён rva 30D090
[32380] PlayerNext: vftable[0] topbar подменён rva A113D0
[32380] PlayerVolume: vftable[1] topbar (деструктор) подменён
[32380] PlayerVolume: call покадровой функции подменён rva 285727
[32380] SettingsApply: хук установлен rva 35BB50
[32380] SettingsApply: call применения настроек подменён rva 35C67E
[32380] MusicFairRandom: установлен rva 05534D
[32380] LoadProductionTypeLimits: читаю 'I:\Vic2_Dev\V2BDSM\mod\2\common\production_types.txt' (21822 байт)
[32380] ParseProductionTypes: разобрано 65 типов производства (шаблонов пропущено: 62)
[32380] ProdTypeGateHook: установлен
[32380] LoadProvinceGoods: ванильная history\provinces не найдена (I:\Vic2_Dev\V2BDSM\history\provinces)
[32380] LoadProvinceGoods: готово, 2708 провинций с trade_goods
[32380] HideNoSupplyFactoriesHook: установлен
[32380] PriceDelta: 25 сотых процента, множитель 163
[32380] VersionLabel: 'V2 v3.04 + V2DLL v4.98' (len=22), пещера 02270000
[32380] Minting: 'monetary_system_level' - переменная страны (0, если не задана)
[32380] Minting: формула ' industry_score + industry_score * monetary_system_level * 0.5' из 'mod/2\common\minting.txt' (7 узлов); пример без переменных страны: industry_score=1000, total_population=4000000 -> 1000.00
[32380] CountryDaily: call подменён rva 109F74
[32380] Minting income(факт): установлен rva 12B510
[32380] Minting income(расчёт): установлен rva 12B769
[32380] Minting подсказка(запомнить): установлен rva 12A135
[32380] Minting подсказка(строка): установлен rva 12B0A3
[32380] Окно бюджета: подсказка над textbox'ами: установлен rva 20A0B8
[32380] Minting: установлен (income факт=1 расчёт=1, подсказка=1, minting_inc=1, подсказка minting_inc=1)
[32380] GoodsConsumption: чтение goods_consumption установлено (слот 4 двух vftable CBuilding)
[32380] GoodsConsumption расходы(факт): установлен rva 12B5E1
[32380] GoodsConsumption расходы(расчёт): установлен rva 12B354
[32380] GoodsConsumption график панели: установлен rva 30E859
[32380] GoodsConsumption текст панели: установлен rva 30F3A4
[32380] GoodsConsumption карточка товара: установлен rva 079C07
[32380] GoodsConsumption: установлен (дневной хук=1 расходы факт=1 расчёт=1 график=1 текст=1, строка бюджета=1, подсказка=1, карточка товара=1, спрос рынка=1)
[32380] CombatRoll: диапазон 0..4 (модуль=5)
[32380] OosWatch: FUN_00682EC0 rva 282EC0 chk= + Logs\v2dll_oos.log
[32380] IdleSkipNested: PATCH_SKIP_NESTED_IDLE=0 FIX_ARMY_WINDOW_LAG=1 PATCH_SKIP_CHK_WIN=0 PATCH_CAM_STILL=0
[32380] Install: done
[32380] DllMain: attach, Install = 1
[32380] D3D9: Present перехвачен, FPU_PRESERVE=1 noVsync=0 interval=80000000
[32380] D3D9: Present перехвачен, FPU_PRESERVE=1 noVsync=0 interval=00000001
[32380] GoodsConsumption: здание 'naval_base': 4 товаров в goods_consumption
[32380] GoodsConsumption:   cement = 0.750
[32380] GoodsConsumption:   steel = 1.000
[32380] GoodsConsumption:   glass = 1.000
[32380] GoodsConsumption:   timber = 2.000
[32380] Setup[CTechnologyView]: 'FE_ACADEMIES_BDSM' подписана
[32380] Setup[CTechnologyView]: 'FE_RPROJECTS_BDSM' подписана
[32380] Player: кнопка 'button_fe_player_next' подписана (button=87899C58)
[32380] Player: кнопка 'button_fe_player_pause' подписана (button=87897660)
[32380] Player: topbar=2EF8D9E0 подписано кнопок: 2
[32380] PlayerVolume: ползунок 'fe_player_volume_slider' подписан (slider=37387B08, громкость 0.0)
[32380] Setup[CBudgetView]: 'FE_BUDGET_DIPLO_BDSM' подписана
[32380] SetupHideColonialButton: подписана
[20988] CrashWatch: Logs\v2dll_crash.log + v2dll_crash_hint.txt (memory dump выключен: ENABLE_CRASH_DUMP=0)
[20988] LoadSettingsFrom: читаю 'v2dll_settings.ini'
[20988] ---- Install ---- версия 4.98 pid=20988 tid=25080
[20988] base = 00710000
[20988] logs = Logs\ (v2dll.log, v2dll_oos.log, v2dll_crash.log)
[20988] localModConfig=0 fixSfxMixerLag=1 patchFixArmyWindowLag=1 enableCrashDump=0
[20988] CivilizeNullCheck: включён принудительно
[20988] ChkWinSkip: принудительно выкл (2859C0 = дневной тик, не GUI)
[20988] CamStill: принудительно выкл (3.59: idle-шторм, FPS хуже)
[20988] Timer: timeBeginPeriod(1) = 0
[20988] Timer: NtSetTimerResolution(1ms) status=00000000 cur=9989
[20988] Select: ws2_32.select перехвачен (микшер 68B47D >2мс -> 1мс, timeval копия)
[20988] CPU: priority ABOVE_NORMAL
[20988] CPU: power throttling off
[20988] Heap: LFH включён на 2 из 2 куч (LAA exe=1)
[20988] FPU: CreateThread exe перехвачен
[20988] FPU: GetTickCount - отложенный патч TBB/D3D
[20988] FPU: пин на главном цикле rva 5DF550
[20988] MainLoopSleep0: Sleep(100) -> Sleep(1) rva 5DF2D5
[20988] MainLoopSleep0: Sleep(100) -> Sleep(1) rva 5DF684
[20988] D3D9: Direct3DCreate9 перехвачен
[20988] TBB: _beginthreadex перехвачен
[20988] TBB: кап снят (ENGINE_WORKER_THREADS=0), initialize не трогаем
[20988] Engine: FPU=1 D3D=1 LFH=1 threadPin=1 tbbCap=0 sleep0=1 noVsync=0 prio=1
[20988] PopQuantize: FUN_00485E40, keep_bits=12
[20988] MpClientSleep: pump Sleep(40) -> Sleep(1) rva 71DD2C
[20988] WFSO: WaitForSingleObject exe перехвачен (16-50мс -> 1, INFINITE не трогаем)
[20988] patch CTechnologyView: слот 11 = 1
[20988] patch CBudgetView: слот 10 = 1
[20988] patch CProductionView: слот 10 = 1
[20988] patch CPoliticsView: слот 10 = 1
[20988] patch CDecision: слот 6 = 1
[20988] Patch 'always_add_wargoals': применён на rva 138AFF
[20988] Patch 'land_reinforce': применён на rva 1C8C9B
[20988] Patch 'naval_reinforce': применён на rva 1C8B1C
[20988] Patch 'max_relative_price': применён на rva A45C28
[20988] Patch 'consciousness_plurality_growth': применён на rva 10C5DE
[20988] Patch 'allied_reinforce_150': применён на rva 1D74BE
[20988] Patch 'combat_loss_popup_all': применён на rva 19CC5D
[20988] Patch 'build_factory_ignore_colonial_1': применён на rva 0D0C57
[20988] Patch 'build_factory_ignore_colonial_2': применён на rva 12FA4E
[20988] Patch 'build_factory_button_enable_ignore_colonial': применён на rva 12E977
[20988] Patch 'local_supply_factory_ignore_colonial': применён на rva 0D0E9D
[20988] Patch 'build_factory_ignore_uncivilized_button': применён на rva 12E96E
[20988] Patch 'build_factory_checklist_uncivilized_own': применён на rva 12EA67
[20988] Patch 'build_factory_checklist_uncivilized_other': применён на rva 12F0D4
[20988] Patch 'build_factory_ignore_uncivilized_can_build': применён на rva 12CA3E
[20988] OccupiedReinforceSplit: occupied=100.0%, пещера 01DE0000
[20988] AllyOwnerCheck: owned-by-ally=150%, occupied-by-ally=100.0%, пещера 01DF0000, ok=1
[20988] AllyEmbark: установлен (владелец rva 1D77A0, клик rva 1CD058, вместимость rva 1D5E97)
[20988] SaveEmbark: установлен (rva 721F00)
[20988] LoadEmbark: установлен (rva 721F40)
[20988] LoadRepair: установлен (rva 1D7CC4)
[20988] FleetPassengerTooltip: установлен (vtable rva A16BD0 слот 12) = 1
[20988] FleetCapture: установлен (rva 38F559)
[20988] CivilizeNullCheck: установлен на rva 14248B, пещера 01E00000
[20988] SupplySourceNullCheck: установлен на rva 0D15EB, пещера 01E10000
[20988] TechCompareNullCheck: установлен на rva 3A918A, пещера 02120000
[20988] TechFolderIconNullCheck: установлен на rva 3ADE98, пещера 02130000
[20988] ProdListVisibilityHook: установлен
[20988] HideRawGoodsFilter: установлен rva 2F1C30
[20988] GoodsFilterPos2(наблюдение): установлен rva 2F1EC0
[20988] FilterShowAll(вкладка 0): call предиката подменён rva 2F41F7
[20988] FilterShowAll(вкладка 1): call предиката подменён rva 2F7471
[20988] PlayerNext: call в конструкторе topbar подменён rva 30D090
[20988] PlayerNext: vftable[0] topbar подменён rva A113D0
[20988] PlayerVolume: vftable[1] topbar (деструктор) подменён
[20988] PlayerVolume: call покадровой функции подменён rva 285727
[20988] SettingsApply: хук установлен rva 35BB50
[20988] SettingsApply: call применения настроек подменён rva 35C67E
[20988] MusicFairRandom: установлен rva 05534D
[20988] LoadProductionTypeLimits: читаю 'I:\Vic2_Dev\V2BDSM\mod\2\common\production_types.txt' (21822 байт)
[20988] ParseProductionTypes: разобрано 65 типов производства (шаблонов пропущено: 62)
[20988] ProdTypeGateHook: установлен
[20988] LoadProvinceGoods: ванильная history\provinces не найдена (I:\Vic2_Dev\V2BDSM\history\provinces)
[20988] LoadProvinceGoods: готово, 2708 провинций с trade_goods
[20988] HideNoSupplyFactoriesHook: установлен
[20988] PriceDelta: 25 сотых процента, множитель 163
[20988] VersionLabel: 'V2 v3.04 + V2DLL v4.98' (len=22), пещера 02160000
[20988] Minting: 'monetary_system_level' - переменная страны (0, если не задана)
[20988] Minting: формула ' industry_score + industry_score * monetary_system_level * 0.5' из 'mod/2\common\minting.txt' (7 узлов); пример без переменных страны: industry_score=1000, total_population=4000000 -> 1000.00
[20988] CountryDaily: call подменён rva 109F74
[20988] Minting income(факт): установлен rva 12B510
[20988] Minting income(расчёт): установлен rva 12B769
[20988] Minting подсказка(запомнить): установлен rva 12A135
[20988] Minting подсказка(строка): установлен rva 12B0A3
[20988] Окно бюджета: подсказка над textbox'ами: установлен rva 20A0B8
[20988] Minting: установлен (income факт=1 расчёт=1, подсказка=1, minting_inc=1, подсказка minting_inc=1)
[20988] GoodsConsumption: чтение goods_consumption установлено (слот 4 двух vftable CBuilding)
[20988] GoodsConsumption расходы(факт): установлен rva 12B5E1
[20988] GoodsConsumption расходы(расчёт): установлен rva 12B354
[20988] GoodsConsumption график панели: установлен rva 30E859
[20988] GoodsConsumption текст панели: установлен rva 30F3A4
[20988] GoodsConsumption карточка товара: установлен rva 079C07
[20988] GoodsConsumption: установлен (дневной хук=1 расходы факт=1 расчёт=1 график=1 текст=1, строка бюджета=1, подсказка=1, карточка товара=1, спрос рынка=1)
[20988] CombatRoll: диапазон 0..4 (модуль=5)
[20988] OosWatch: FUN_00682EC0 rva 282EC0 chk= + Logs\v2dll_oos.log
[20988] IdleSkipNested: PATCH_SKIP_NESTED_IDLE=0 FIX_ARMY_WINDOW_LAG=1 PATCH_SKIP_CHK_WIN=0 PATCH_CAM_STILL=0
[20988] Install: done
[20988] DllMain: attach, Install = 1
[20988] D3D9: Present перехвачен, FPU_PRESERVE=1 noVsync=0 interval=80000000
[20988] D3D9: Present перехвачен, FPU_PRESERVE=1 noVsync=0 interval=00000001
[20988] GoodsConsumption: здание 'naval_base': 4 товаров в goods_consumption
[20988] GoodsConsumption:   cement = 0.750
[20988] GoodsConsumption:   steel = 1.000
[20988] GoodsConsumption:   glass = 1.000
[20988] GoodsConsumption:   timber = 2.000
[20988] Setup[CTechnologyView]: 'FE_ACADEMIES_BDSM' подписана
[20988] Setup[CTechnologyView]: 'FE_RPROJECTS_BDSM' подписана
[20988] Player: кнопка 'button_fe_player_next' подписана (button=8682BFE8)
[20988] Player: кнопка 'button_fe_player_pause' подписана (button=8682BE80)
[20988] Player: topbar=2EE14C78 подписано кнопок: 2
[20988] PlayerVolume: ползунок 'fe_player_volume_slider' подписан (slider=7DE9AEE8, громкость 0.0)
[20988] Setup[CBudgetView]: 'FE_BUDGET_DIPLO_BDSM' подписана
[20168] CrashWatch: Logs\v2dll_crash.log + v2dll_crash_hint.txt (memory dump выключен: ENABLE_CRASH_DUMP=0)
[20168] LoadSettingsFrom: читаю 'v2dll_settings.ini'
[20168] ---- Install ---- версия 4.98 pid=20168 tid=17388
[20168] base = 00710000
[20168] logs = Logs\ (v2dll.log, v2dll_oos.log, v2dll_crash.log)
[20168] localModConfig=0 fixSfxMixerLag=1 patchFixArmyWindowLag=1 enableCrashDump=0
[20168] CivilizeNullCheck: включён принудительно
[20168] ChkWinSkip: принудительно выкл (2859C0 = дневной тик, не GUI)
[20168] CamStill: принудительно выкл (3.59: idle-шторм, FPS хуже)
[20168] Timer: timeBeginPeriod(1) = 0
[20168] Timer: NtSetTimerResolution(1ms) status=00000000 cur=9989
[20168] Select: ws2_32.select перехвачен (микшер 68B47D >2мс -> 1мс, timeval копия)
[20168] CPU: priority ABOVE_NORMAL
[20168] CPU: power throttling off
[20168] Heap: LFH включён на 2 из 2 куч (LAA exe=1)
[20168] FPU: CreateThread exe перехвачен
[20168] FPU: GetTickCount - отложенный патч TBB/D3D
[20168] FPU: пин на главном цикле rva 5DF550
[20168] MainLoopSleep0: Sleep(100) -> Sleep(1) rva 5DF2D5
[20168] MainLoopSleep0: Sleep(100) -> Sleep(1) rva 5DF684
[20168] D3D9: Direct3DCreate9 перехвачен
[20168] TBB: _beginthreadex перехвачен
[20168] TBB: кап снят (ENGINE_WORKER_THREADS=0), initialize не трогаем
[20168] Engine: FPU=1 D3D=1 LFH=1 threadPin=1 tbbCap=0 sleep0=1 noVsync=0 prio=1
[20168] PopQuantize: FUN_00485E40, keep_bits=12
[20168] MpClientSleep: pump Sleep(40) -> Sleep(1) rva 71DD2C
[20168] WFSO: WaitForSingleObject exe перехвачен (16-50мс -> 1, INFINITE не трогаем)
[20168] patch CTechnologyView: слот 11 = 1
[20168] patch CBudgetView: слот 10 = 1
[20168] patch CProductionView: слот 10 = 1
[20168] patch CPoliticsView: слот 10 = 1
[20168] patch CDecision: слот 6 = 1
[20168] Patch 'always_add_wargoals': применён на rva 138AFF
[20168] Patch 'land_reinforce': применён на rva 1C8C9B
[20168] Patch 'naval_reinforce': применён на rva 1C8B1C
[20168] Patch 'max_relative_price': применён на rva A45C28
[20168] Patch 'consciousness_plurality_growth': применён на rva 10C5DE
[20168] Patch 'allied_reinforce_150': применён на rva 1D74BE
[20168] Patch 'combat_loss_popup_all': применён на rva 19CC5D
[20168] Patch 'build_factory_ignore_colonial_1': применён на rva 0D0C57
[20168] Patch 'build_factory_ignore_colonial_2': применён на rva 12FA4E
[20168] Patch 'build_factory_button_enable_ignore_colonial': применён на rva 12E977
[20168] Patch 'local_supply_factory_ignore_colonial': применён на rva 0D0E9D
[20168] Patch 'build_factory_ignore_uncivilized_button': применён на rva 12E96E
[20168] Patch 'build_factory_checklist_uncivilized_own': применён на rva 12EA67
[20168] Patch 'build_factory_checklist_uncivilized_other': применён на rva 12F0D4
[20168] Patch 'build_factory_ignore_uncivilized_can_build': применён на rva 12CA3E
[20168] OccupiedReinforceSplit: occupied=100.0%, пещера 02380000
[20168] AllyOwnerCheck: owned-by-ally=150%, occupied-by-ally=100.0%, пещера 02390000, ok=1
[20168] AllyEmbark: установлен (владелец rva 1D77A0, клик rva 1CD058, вместимость rva 1D5E97)
[20168] SaveEmbark: установлен (rva 721F00)
[20168] LoadEmbark: установлен (rva 721F40)
[20168] LoadRepair: установлен (rva 1D7CC4)
[20168] FleetPassengerTooltip: установлен (vtable rva A16BD0 слот 12) = 1
[20168] FleetCapture: установлен (rva 38F559)
[20168] CivilizeNullCheck: установлен на rva 14248B, пещера 023A0000
[20168] SupplySourceNullCheck: установлен на rva 0D15EB, пещера 039D0000
[20168] TechCompareNullCheck: установлен на rva 3A918A, пещера 039E0000
[20168] TechFolderIconNullCheck: установлен на rva 3ADE98, пещера 039F0000
[20168] ProdListVisibilityHook: установлен
[20168] HideRawGoodsFilter: установлен rva 2F1C30
[20168] GoodsFilterPos2(наблюдение): установлен rva 2F1EC0
[20168] FilterShowAll(вкладка 0): call предиката подменён rva 2F41F7
[20168] FilterShowAll(вкладка 1): call предиката подменён rva 2F7471
[20168] PlayerNext: call в конструкторе topbar подменён rva 30D090
[20168] PlayerNext: vftable[0] topbar подменён rva A113D0
[20168] PlayerVolume: vftable[1] topbar (деструктор) подменён
[20168] PlayerVolume: call покадровой функции подменён rva 285727
[20168] SettingsApply: хук установлен rva 35BB50
[20168] SettingsApply: call применения настроек подменён rva 35C67E
[20168] MusicFairRandom: установлен rva 05534D
[20168] LoadProductionTypeLimits: читаю 'I:\Vic2_Dev\V2BDSM\mod\2\common\production_types.txt' (21822 байт)
[20168] ParseProductionTypes: разобрано 65 типов производства (шаблонов пропущено: 62)
[20168] ProdTypeGateHook: установлен
[20168] LoadProvinceGoods: ванильная history\provinces не найдена (I:\Vic2_Dev\V2BDSM\history\provinces)
[20168] LoadProvinceGoods: готово, 2708 провинций с trade_goods
[20168] HideNoSupplyFactoriesHook: установлен
[20168] PriceDelta: 25 сотых процента, множитель 163
[20168] VersionLabel: 'V2 v3.04 + V2DLL v4.98' (len=22), пещера 03A20000
[20168] Minting: 'monetary_system_level' - переменная страны (0, если не задана)
[20168] Minting: формула ' industry_score + industry_score * monetary_system_level * 0.5' из 'mod/2\common\minting.txt' (7 узлов); пример без переменных страны: industry_score=1000, total_population=4000000 -> 1000.00
[20168] CountryDaily: call подменён rva 109F74
[20168] Minting income(факт): установлен rva 12B510
[20168] Minting income(расчёт): установлен rva 12B769
[20168] Minting подсказка(запомнить): установлен rva 12A135
[20168] Minting подсказка(строка): установлен rva 12B0A3
[20168] Окно бюджета: подсказка над textbox'ами: установлен rva 20A0B8
[20168] Minting: установлен (income факт=1 расчёт=1, подсказка=1, minting_inc=1, подсказка minting_inc=1)
[20168] GoodsConsumption: чтение goods_consumption установлено (слот 4 двух vftable CBuilding)
[20168] GoodsConsumption расходы(факт): установлен rva 12B5E1
[20168] GoodsConsumption расходы(расчёт): установлен rva 12B354
[20168] GoodsConsumption график панели: установлен rva 30E859
[20168] GoodsConsumption текст панели: установлен rva 30F3A4
[20168] GoodsConsumption карточка товара: установлен rva 079C07
[20168] GoodsConsumption: установлен (дневной хук=1 расходы факт=1 расчёт=1 график=1 текст=1, строка бюджета=1, подсказка=1, карточка товара=1, спрос рынка=1)
[20168] CombatRoll: диапазон 0..4 (модуль=5)
[20168] OosWatch: FUN_00682EC0 rva 282EC0 chk= + Logs\v2dll_oos.log
[20168] IdleSkipNested: PATCH_SKIP_NESTED_IDLE=0 FIX_ARMY_WINDOW_LAG=1 PATCH_SKIP_CHK_WIN=0 PATCH_CAM_STILL=0
[20168] Install: done
[20168] DllMain: attach, Install = 1
[20168] D3D9: Present перехвачен, FPU_PRESERVE=1 noVsync=0 interval=80000000
[20168] D3D9: Present перехвачен, FPU_PRESERVE=1 noVsync=0 interval=00000001
[20168] GoodsConsumption: здание 'naval_base': 4 товаров в goods_consumption
[20168] GoodsConsumption:   cement = 0.750
[20168] GoodsConsumption:   steel = 1.000
[20168] GoodsConsumption:   glass = 1.000
[20168] GoodsConsumption:   timber = 2.000
[20168] Setup[CTechnologyView]: 'FE_ACADEMIES_BDSM' подписана
[20168] Setup[CTechnologyView]: 'FE_RPROJECTS_BDSM' подписана
[20168] Player: кнопка 'button_fe_player_next' подписана (button=8785FAF8)
[20168] Player: кнопка 'button_fe_player_pause' подписана (button=87860D40)
[20168] Player: topbar=2EF7F658 подписано кнопок: 2
[20168] PlayerVolume: ползунок 'fe_player_volume_slider' подписан (slider=371EEE38, громкость 0.0)
[10164] CrashWatch: Logs\v2dll_crash.log + v2dll_crash_hint.txt (memory dump выключен: ENABLE_CRASH_DUMP=0)
[10164] LoadSettingsFrom: читаю 'v2dll_settings.ini'
[10164] ---- Install ---- версия 4.98 pid=10164 tid=16868
[10164] base = 00710000
[10164] logs = Logs\ (v2dll.log, v2dll_oos.log, v2dll_crash.log)
[10164] localModConfig=0 fixSfxMixerLag=1 patchFixArmyWindowLag=1 enableCrashDump=0
[10164] CivilizeNullCheck: включён принудительно
[10164] ChkWinSkip: принудительно выкл (2859C0 = дневной тик, не GUI)
[10164] CamStill: принудительно выкл (3.59: idle-шторм, FPS хуже)
[10164] Timer: timeBeginPeriod(1) = 0
[10164] Timer: NtSetTimerResolution(1ms) status=00000000 cur=9989
[10164] Select: ws2_32.select перехвачен (микшер 68B47D >2мс -> 1мс, timeval копия)
[10164] CPU: priority ABOVE_NORMAL
[10164] CPU: power throttling off
[10164] Heap: LFH включён на 2 из 2 куч (LAA exe=1)
[10164] FPU: CreateThread exe перехвачен
[10164] FPU: GetTickCount - отложенный патч TBB/D3D
[10164] FPU: пин на главном цикле rva 5DF550
[10164] MainLoopSleep0: Sleep(100) -> Sleep(1) rva 5DF2D5
[10164] MainLoopSleep0: Sleep(100) -> Sleep(1) rva 5DF684
[10164] D3D9: Direct3DCreate9 перехвачен
[10164] TBB: _beginthreadex перехвачен
[10164] TBB: кап снят (ENGINE_WORKER_THREADS=0), initialize не трогаем
[10164] Engine: FPU=1 D3D=1 LFH=1 threadPin=1 tbbCap=0 sleep0=1 noVsync=0 prio=1
[10164] PopQuantize: FUN_00485E40, keep_bits=12
[10164] MpClientSleep: pump Sleep(40) -> Sleep(1) rva 71DD2C
[10164] WFSO: WaitForSingleObject exe перехвачен (16-50мс -> 1, INFINITE не трогаем)
[10164] patch CTechnologyView: слот 11 = 1
[10164] patch CBudgetView: слот 10 = 1
[10164] patch CProductionView: слот 10 = 1
[10164] patch CPoliticsView: слот 10 = 1
[10164] patch CDecision: слот 6 = 1
[10164] Patch 'always_add_wargoals': применён на rva 138AFF
[10164] Patch 'land_reinforce': применён на rva 1C8C9B
[10164] Patch 'naval_reinforce': применён на rva 1C8B1C
[10164] Patch 'max_relative_price': применён на rva A45C28
[10164] Patch 'consciousness_plurality_growth': применён на rva 10C5DE
[10164] Patch 'allied_reinforce_150': применён на rva 1D74BE
[10164] Patch 'combat_loss_popup_all': применён на rva 19CC5D
[10164] Patch 'build_factory_ignore_colonial_1': применён на rva 0D0C57
[10164] Patch 'build_factory_ignore_colonial_2': применён на rva 12FA4E
[10164] Patch 'build_factory_button_enable_ignore_colonial': применён на rva 12E977
[10164] Patch 'local_supply_factory_ignore_colonial': применён на rva 0D0E9D
[10164] Patch 'build_factory_ignore_uncivilized_button': применён на rva 12E96E
[10164] Patch 'build_factory_checklist_uncivilized_own': применён на rva 12EA67
[10164] Patch 'build_factory_checklist_uncivilized_other': применён на rva 12F0D4
[10164] Patch 'build_factory_ignore_uncivilized_can_build': применён на rva 12CA3E
[10164] OccupiedReinforceSplit: occupied=100.0%, пещера 021F0000
[10164] AllyOwnerCheck: owned-by-ally=150%, occupied-by-ally=100.0%, пещера 02200000, ok=1
[10164] AllyEmbark: установлен (владелец rva 1D77A0, клик rva 1CD058, вместимость rva 1D5E97)
[10164] SaveEmbark: установлен (rva 721F00)
[10164] LoadEmbark: установлен (rva 721F40)
[10164] LoadRepair: установлен (rva 1D7CC4)
[10164] FleetPassengerTooltip: установлен (vtable rva A16BD0 слот 12) = 1
[10164] FleetCapture: установлен (rva 38F559)
[10164] CivilizeNullCheck: установлен на rva 14248B, пещера 02210000
[10164] SupplySourceNullCheck: установлен на rva 0D15EB, пещера 02220000
[10164] TechCompareNullCheck: установлен на rva 3A918A, пещера 02230000
[10164] TechFolderIconNullCheck: установлен на rva 3ADE98, пещера 02240000
[10164] ProdListVisibilityHook: установлен
[10164] HideRawGoodsFilter: установлен rva 2F1C30
[10164] GoodsFilterPos2(наблюдение): установлен rva 2F1EC0
[10164] FilterShowAll(вкладка 0): call предиката подменён rva 2F41F7
[10164] FilterShowAll(вкладка 1): call предиката подменён rva 2F7471
[10164] PlayerNext: call в конструкторе topbar подменён rva 30D090
[10164] PlayerNext: vftable[0] topbar подменён rva A113D0
[10164] PlayerVolume: vftable[1] topbar (деструктор) подменён
[10164] PlayerVolume: call покадровой функции подменён rva 285727
[10164] SettingsApply: хук установлен rva 35BB50
[10164] SettingsApply: call применения настроек подменён rva 35C67E
[10164] MusicFairRandom: установлен rva 05534D
[10164] LoadProductionTypeLimits: читаю 'I:\Vic2_Dev\V2BDSM\mod\2\common\production_types.txt' (21822 байт)
[10164] ParseProductionTypes: разобрано 65 типов производства (шаблонов пропущено: 62)
[10164] ProdTypeGateHook: установлен
[10164] LoadProvinceGoods: ванильная history\provinces не найдена (I:\Vic2_Dev\V2BDSM\history\provinces)
[10164] LoadProvinceGoods: готово, 2708 провинций с trade_goods
[10164] HideNoSupplyFactoriesHook: установлен
[10164] PriceDelta: 25 сотых процента, множитель 163
[10164] VersionLabel: 'V2 v3.04 + V2DLL v4.98' (len=22), пещера 02270000
[10164] Minting: 'monetary_system_level' - переменная страны (0, если не задана)
[10164] Minting: формула ' industry_score + industry_score * monetary_system_level * 0.5' из 'mod/2\common\minting.txt' (7 узлов); пример без переменных страны: industry_score=1000, total_population=4000000 -> 1000.00
[10164] CountryDaily: call подменён rva 109F74
[10164] Minting income(факт): установлен rva 12B510
[10164] Minting income(расчёт): установлен rva 12B769
[10164] Minting подсказка(запомнить): установлен rva 12A135
[10164] Minting подсказка(строка): установлен rva 12B0A3
[10164] Окно бюджета: подсказка над textbox'ами: установлен rva 20A0B8
[10164] Minting: установлен (income факт=1 расчёт=1, подсказка=1, minting_inc=1, подсказка minting_inc=1)
[10164] GoodsConsumption: чтение goods_consumption установлено (слот 4 двух vftable CBuilding)
[10164] GoodsConsumption расходы(факт): установлен rva 12B5E1
[10164] GoodsConsumption расходы(расчёт): установлен rva 12B354
[10164] GoodsConsumption график панели: установлен rva 30E859
[10164] GoodsConsumption текст панели: установлен rva 30F3A4
[10164] GoodsConsumption карточка товара: установлен rva 079C07
[10164] GoodsConsumption: установлен (дневной хук=1 расходы факт=1 расчёт=1 график=1 текст=1, строка бюджета=1, подсказка=1, карточка товара=1, спрос рынка=1)
[10164] CombatRoll: диапазон 0..4 (модуль=5)
[10164] OosWatch: FUN_00682EC0 rva 282EC0 chk= + Logs\v2dll_oos.log
[10164] IdleSkipNested: PATCH_SKIP_NESTED_IDLE=0 FIX_ARMY_WINDOW_LAG=1 PATCH_SKIP_CHK_WIN=0 PATCH_CAM_STILL=0
[10164] Install: done
[10164] DllMain: attach, Install = 1
[10164] D3D9: Present перехвачен, FPU_PRESERVE=1 noVsync=0 interval=80000000
[10164] D3D9: Present перехвачен, FPU_PRESERVE=1 noVsync=0 interval=00000001
[10164] GoodsConsumption: здание 'naval_base': 4 товаров в goods_consumption
[10164] GoodsConsumption:   cement = 0.750
[10164] GoodsConsumption:   steel = 1.000
[10164] GoodsConsumption:   glass = 1.000
[10164] GoodsConsumption:   timber = 2.000
[10164] Setup[CTechnologyView]: 'FE_ACADEMIES_BDSM' подписана
[10164] Setup[CTechnologyView]: 'FE_RPROJECTS_BDSM' подписана
[10164] Player: кнопка 'button_fe_player_next' подписана (button=8682CCB8)
[10164] Player: кнопка 'button_fe_player_pause' подписана (button=8682BA70)
[10164] Player: topbar=2EF595D8 подписано кнопок: 2
[10164] PlayerVolume: ползунок 'fe_player_volume_slider' подписан (slider=371AE3B8, громкость 0.0)
[10164] Setup[CBudgetView]: 'FE_BUDGET_DIPLO_BDSM' подписана
[25392] CrashWatch: Logs\v2dll_crash.log + v2dll_crash_hint.txt (memory dump выключен: ENABLE_CRASH_DUMP=0)
[25392] LoadSettingsFrom: читаю 'v2dll_settings.ini'
[25392] ---- Install ---- версия 4.98 pid=25392 tid=26976
[25392] base = 00710000
[25392] logs = Logs\ (v2dll.log, v2dll_oos.log, v2dll_crash.log)
[25392] localModConfig=0 fixSfxMixerLag=1 patchFixArmyWindowLag=1 enableCrashDump=0
[25392] CivilizeNullCheck: включён принудительно
[25392] ChkWinSkip: принудительно выкл (2859C0 = дневной тик, не GUI)
[25392] CamStill: принудительно выкл (3.59: idle-шторм, FPS хуже)
[25392] Timer: timeBeginPeriod(1) = 0
[25392] Timer: NtSetTimerResolution(1ms) status=00000000 cur=9989
[25392] Select: ws2_32.select перехвачен (микшер 68B47D >2мс -> 1мс, timeval копия)
[25392] CPU: priority ABOVE_NORMAL
[25392] CPU: power throttling off
[25392] Heap: LFH включён на 2 из 2 куч (LAA exe=1)
[25392] FPU: CreateThread exe перехвачен
[25392] FPU: GetTickCount - отложенный патч TBB/D3D
[25392] FPU: пин на главном цикле rva 5DF550
[25392] MainLoopSleep0: Sleep(100) -> Sleep(1) rva 5DF2D5
[25392] MainLoopSleep0: Sleep(100) -> Sleep(1) rva 5DF684
[25392] D3D9: Direct3DCreate9 перехвачен
[25392] TBB: _beginthreadex перехвачен
[25392] TBB: кап снят (ENGINE_WORKER_THREADS=0), initialize не трогаем
[25392] Engine: FPU=1 D3D=1 LFH=1 threadPin=1 tbbCap=0 sleep0=1 noVsync=0 prio=1
[25392] PopQuantize: FUN_00485E40, keep_bits=12
[25392] MpClientSleep: pump Sleep(40) -> Sleep(1) rva 71DD2C
[25392] WFSO: WaitForSingleObject exe перехвачен (16-50мс -> 1, INFINITE не трогаем)
[25392] patch CTechnologyView: слот 11 = 1
[25392] patch CBudgetView: слот 10 = 1
[25392] patch CProductionView: слот 10 = 1
[25392] patch CPoliticsView: слот 10 = 1
[25392] patch CDecision: слот 6 = 1
[25392] Patch 'always_add_wargoals': применён на rva 138AFF
[25392] Patch 'land_reinforce': применён на rva 1C8C9B
[25392] Patch 'naval_reinforce': применён на rva 1C8B1C
[25392] Patch 'max_relative_price': применён на rva A45C28
[25392] Patch 'consciousness_plurality_growth': применён на rva 10C5DE
[25392] Patch 'allied_reinforce_150': применён на rva 1D74BE
[25392] Patch 'combat_loss_popup_all': применён на rva 19CC5D
[25392] Patch 'build_factory_ignore_colonial_1': применён на rva 0D0C57
[25392] Patch 'build_factory_ignore_colonial_2': применён на rva 12FA4E
[25392] Patch 'build_factory_button_enable_ignore_colonial': применён на rva 12E977
[25392] Patch 'local_supply_factory_ignore_colonial': применён на rva 0D0E9D
[25392] Patch 'build_factory_ignore_uncivilized_button': применён на rva 12E96E
[25392] Patch 'build_factory_checklist_uncivilized_own': применён на rva 12EA67
[25392] Patch 'build_factory_checklist_uncivilized_other': применён на rva 12F0D4
[25392] Patch 'build_factory_ignore_uncivilized_can_build': применён на rva 12CA3E
[25392] OccupiedReinforceSplit: occupied=100.0%, пещера 039A0000
[25392] AllyOwnerCheck: owned-by-ally=150%, occupied-by-ally=100.0%, пещера 039B0000, ok=1
[25392] AllyEmbark: установлен (владелец rva 1D77A0, клик rva 1CD058, вместимость rva 1D5E97)
[25392] SaveEmbark: установлен (rva 721F00)
[25392] LoadEmbark: установлен (rva 721F40)
[25392] LoadRepair: установлен (rva 1D7CC4)
[25392] FleetPassengerTooltip: установлен (vtable rva A16BD0 слот 12) = 1
[25392] FleetCapture: установлен (rva 38F559)
[25392] CivilizeNullCheck: установлен на rva 14248B, пещера 039C0000
[25392] SupplySourceNullCheck: установлен на rva 0D15EB, пещера 039D0000
[25392] TechCompareNullCheck: установлен на rva 3A918A, пещера 039E0000
[25392] TechFolderIconNullCheck: установлен на rva 3ADE98, пещера 039F0000
[25392] ProdListVisibilityHook: установлен
[25392] HideRawGoodsFilter: установлен rva 2F1C30
[25392] GoodsFilterPos2(наблюдение): установлен rva 2F1EC0
[25392] FilterShowAll(вкладка 0): call предиката подменён rva 2F41F7
[25392] FilterShowAll(вкладка 1): call предиката подменён rva 2F7471
[25392] PlayerNext: call в конструкторе topbar подменён rva 30D090
[25392] PlayerNext: vftable[0] topbar подменён rva A113D0
[25392] PlayerVolume: vftable[1] topbar (деструктор) подменён
[25392] PlayerVolume: call покадровой функции подменён rva 285727
[25392] SettingsApply: хук установлен rva 35BB50
[25392] SettingsApply: call применения настроек подменён rva 35C67E
[25392] MusicFairRandom: установлен rva 05534D
[25392] LoadProductionTypeLimits: читаю 'I:\Vic2_Dev\V2BDSM\mod\2\common\production_types.txt' (21822 байт)
[25392] ParseProductionTypes: разобрано 65 типов производства (шаблонов пропущено: 62)
[25392] ProdTypeGateHook: установлен
[25392] LoadProvinceGoods: ванильная history\provinces не найдена (I:\Vic2_Dev\V2BDSM\history\provinces)
[25392] LoadProvinceGoods: готово, 2708 провинций с trade_goods
[25392] HideNoSupplyFactoriesHook: установлен
[25392] PriceDelta: 25 сотых процента, множитель 163
[25392] VersionLabel: 'V2 v3.04 + V2DLL v4.98' (len=22), пещера 03A20000
[25392] Minting: 'monetary_system_level' - переменная страны (0, если не задана)
[25392] Minting: формула ' industry_score + industry_score * monetary_system_level * 0.5' из 'mod/2\common\minting.txt' (7 узлов); пример без переменных страны: industry_score=1000, total_population=4000000 -> 1000.00
[25392] CountryDaily: call подменён rva 109F74
[25392] Minting income(факт): установлен rva 12B510
[25392] Minting income(расчёт): установлен rva 12B769
[25392] Minting подсказка(запомнить): установлен rva 12A135
[25392] Minting подсказка(строка): установлен rva 12B0A3
[25392] Окно бюджета: подсказка над textbox'ами: установлен rva 20A0B8
[25392] Minting: установлен (income факт=1 расчёт=1, подсказка=1, minting_inc=1, подсказка minting_inc=1)
[25392] GoodsConsumption: чтение goods_consumption установлено (слот 4 двух vftable CBuilding)
[25392] GoodsConsumption расходы(факт): установлен rva 12B5E1
[25392] GoodsConsumption расходы(расчёт): установлен rva 12B354
[25392] GoodsConsumption график панели: установлен rva 30E859
[25392] GoodsConsumption текст панели: установлен rva 30F3A4
[25392] GoodsConsumption карточка товара: установлен rva 079C07
[25392] GoodsConsumption: установлен (дневной хук=1 расходы факт=1 расчёт=1 график=1 текст=1, строка бюджета=1, подсказка=1, карточка товара=1, спрос рынка=1)
[25392] CombatRoll: диапазон 0..4 (модуль=5)
[25392] OosWatch: FUN_00682EC0 rva 282EC0 chk= + Logs\v2dll_oos.log
[25392] IdleSkipNested: PATCH_SKIP_NESTED_IDLE=0 FIX_ARMY_WINDOW_LAG=1 PATCH_SKIP_CHK_WIN=0 PATCH_CAM_STILL=0
[25392] Install: done
[25392] DllMain: attach, Install = 1
[25392] D3D9: Present перехвачен, FPU_PRESERVE=1 noVsync=0 interval=80000000
[25392] D3D9: Present перехвачен, FPU_PRESERVE=1 noVsync=0 interval=00000001
[25392] GoodsConsumption: здание 'naval_base': 4 товаров в goods_consumption
[25392] GoodsConsumption:   cement = 0.750
[25392] GoodsConsumption:   steel = 1.000
[25392] GoodsConsumption:   glass = 1.000
[25392] GoodsConsumption:   timber = 2.000
[25392] Setup[CTechnologyView]: 'FE_ACADEMIES_BDSM' подписана
[25392] Setup[CTechnologyView]: 'FE_RPROJECTS_BDSM' подписана
[25392] Player: кнопка 'button_fe_player_next' подписана (button=868615D8)
[25392] Player: кнопка 'button_fe_player_pause' подписана (button=86860ED0)
[25392] Player: topbar=2EF23638 подписано кнопок: 2
[25392] PlayerVolume: ползунок 'fe_player_volume_slider' подписан (slider=3742D828, громкость 0.0)
[25392] Minting: время мира 59884560 -> 59883360, кэш ставок сброшен (загрузка/новая игра)
[25392] Setup[CTechnologyView]: 'FE_ACADEMIES_BDSM' подписана
[25392] Setup[CTechnologyView]: 'FE_RPROJECTS_BDSM' подписана
[25392] Player: кнопка 'button_fe_player_next' подписана (button=881C7D50)
[25392] Player: кнопка 'button_fe_player_pause' подписана (button=881C6F40)
[25392] Player: topbar=2EF25578 подписано кнопок: 2
[25392] PlayerVolume: ползунок 'fe_player_volume_slider' подписан (slider=37440EF0, громкость 0.0)
[25392] Setup[CBudgetView]: 'FE_BUDGET_DIPLO_BDSM' подписана
[7140] CrashWatch: Logs\v2dll_crash.log + v2dll_crash_hint.txt (memory dump выключен: ENABLE_CRASH_DUMP=0)
[7140] LoadSettingsFrom: читаю 'v2dll_settings.ini'
[7140] ---- Install ---- версия 4.98 pid=7140 tid=16232
[7140] base = 00710000
[7140] logs = Logs\ (v2dll.log, v2dll_oos.log, v2dll_crash.log)
[7140] localModConfig=0 fixSfxMixerLag=1 patchFixArmyWindowLag=1 enableCrashDump=0
[7140] CivilizeNullCheck: включён принудительно
[7140] ChkWinSkip: принудительно выкл (2859C0 = дневной тик, не GUI)
[7140] CamStill: принудительно выкл (3.59: idle-шторм, FPS хуже)
[7140] Timer: timeBeginPeriod(1) = 0
[7140] Timer: NtSetTimerResolution(1ms) status=00000000 cur=9989
[7140] Select: ws2_32.select перехвачен (микшер 68B47D >2мс -> 1мс, timeval копия)
[7140] CPU: priority ABOVE_NORMAL
[7140] CPU: power throttling off
[7140] Heap: LFH включён на 2 из 2 куч (LAA exe=1)
[7140] FPU: CreateThread exe перехвачен
[7140] FPU: GetTickCount - отложенный патч TBB/D3D
[7140] FPU: пин на главном цикле rva 5DF550
[7140] MainLoopSleep0: Sleep(100) -> Sleep(1) rva 5DF2D5
[7140] MainLoopSleep0: Sleep(100) -> Sleep(1) rva 5DF684
[7140] D3D9: Direct3DCreate9 перехвачен
[7140] TBB: _beginthreadex перехвачен
[7140] TBB: кап снят (ENGINE_WORKER_THREADS=0), initialize не трогаем
[7140] Engine: FPU=1 D3D=1 LFH=1 threadPin=1 tbbCap=0 sleep0=1 noVsync=0 prio=1
[7140] PopQuantize: FUN_00485E40, keep_bits=12
[7140] MpClientSleep: pump Sleep(40) -> Sleep(1) rva 71DD2C
[7140] WFSO: WaitForSingleObject exe перехвачен (16-50мс -> 1, INFINITE не трогаем)
[7140] patch CTechnologyView: слот 11 = 1
[7140] patch CBudgetView: слот 10 = 1
[7140] patch CProductionView: слот 10 = 1
[7140] patch CPoliticsView: слот 10 = 1
[7140] patch CDecision: слот 6 = 1
[7140] Patch 'always_add_wargoals': применён на rva 138AFF
[7140] Patch 'land_reinforce': применён на rva 1C8C9B
[7140] Patch 'naval_reinforce': применён на rva 1C8B1C
[7140] Patch 'max_relative_price': применён на rva A45C28
[7140] Patch 'consciousness_plurality_growth': применён на rva 10C5DE
[7140] Patch 'allied_reinforce_150': применён на rva 1D74BE
[7140] Patch 'combat_loss_popup_all': применён на rva 19CC5D
[7140] Patch 'build_factory_ignore_colonial_1': применён на rva 0D0C57
[7140] Patch 'build_factory_ignore_colonial_2': применён на rva 12FA4E
[7140] Patch 'build_factory_button_enable_ignore_colonial': применён на rva 12E977
[7140] Patch 'local_supply_factory_ignore_colonial': применён на rva 0D0E9D
[7140] Patch 'build_factory_ignore_uncivilized_button': применён на rva 12E96E
[7140] Patch 'build_factory_checklist_uncivilized_own': применён на rva 12EA67
[7140] Patch 'build_factory_checklist_uncivilized_other': применён на rva 12F0D4
[7140] Patch 'build_factory_ignore_uncivilized_can_build': применён на rva 12CA3E
[7140] OccupiedReinforceSplit: occupied=100.0%, пещера 01DE0000
[7140] AllyOwnerCheck: owned-by-ally=150%, occupied-by-ally=100.0%, пещера 01DF0000, ok=1
[7140] AllyEmbark: установлен (владелец rva 1D77A0, клик rva 1CD058, вместимость rva 1D5E97)
[7140] SaveEmbark: установлен (rva 721F00)
[7140] LoadEmbark: установлен (rva 721F40)
[7140] LoadRepair: установлен (rva 1D7CC4)
[7140] FleetPassengerTooltip: установлен (vtable rva A16BD0 слот 12) = 1
[7140] FleetCapture: установлен (rva 38F559)
[7140] CivilizeNullCheck: установлен на rva 14248B, пещера 01E00000
[7140] SupplySourceNullCheck: установлен на rva 0D15EB, пещера 035C0000
[7140] TechCompareNullCheck: установлен на rva 3A918A, пещера 035D0000
[7140] TechFolderIconNullCheck: установлен на rva 3ADE98, пещера 035E0000
[7140] ProdListVisibilityHook: установлен
[7140] HideRawGoodsFilter: установлен rva 2F1C30
[7140] GoodsFilterPos2(наблюдение): установлен rva 2F1EC0
[7140] FilterShowAll(вкладка 0): call предиката подменён rva 2F41F7
[7140] FilterShowAll(вкладка 1): call предиката подменён rva 2F7471
[7140] PlayerNext: call в конструкторе topbar подменён rva 30D090
[7140] PlayerNext: vftable[0] topbar подменён rva A113D0
[7140] PlayerVolume: vftable[1] topbar (деструктор) подменён
[7140] PlayerVolume: call покадровой функции подменён rva 285727
[7140] SettingsApply: хук установлен rva 35BB50
[7140] SettingsApply: call применения настроек подменён rva 35C67E
[7140] MusicFairRandom: установлен rva 05534D
[7140] LoadProductionTypeLimits: читаю 'I:\Vic2_Dev\V2BDSM\mod\2\common\production_types.txt' (21822 байт)
[7140] ParseProductionTypes: разобрано 65 типов производства (шаблонов пропущено: 62)
[7140] ProdTypeGateHook: установлен
[7140] LoadProvinceGoods: ванильная history\provinces не найдена (I:\Vic2_Dev\V2BDSM\history\provinces)
[7140] LoadProvinceGoods: готово, 2708 провинций с trade_goods
[7140] HideNoSupplyFactoriesHook: установлен
[7140] PriceDelta: 25 сотых процента, множитель 163
[7140] VersionLabel: 'V2 v3.04 + V2DLL v4.98' (len=22), пещера 03610000
[7140] Minting: 'monetary_system_level' - переменная страны (0, если не задана)
[7140] Minting: формула ' industry_score + industry_score * monetary_system_level * 0.5' из 'mod/2\common\minting.txt' (7 узлов); пример без переменных страны: industry_score=1000, total_population=4000000 -> 1000.00
[7140] CountryDaily: call подменён rva 109F74
[7140] Minting income(факт): установлен rva 12B510
[7140] Minting income(расчёт): установлен rva 12B769
[7140] Minting подсказка(запомнить): установлен rva 12A135
[7140] Minting подсказка(строка): установлен rva 12B0A3
[7140] Окно бюджета: подсказка над textbox'ами: установлен rva 20A0B8
[7140] Minting: установлен (income факт=1 расчёт=1, подсказка=1, minting_inc=1, подсказка minting_inc=1)
[7140] GoodsConsumption: чтение goods_consumption установлено (слот 4 двух vftable CBuilding)
[7140] GoodsConsumption расходы(факт): установлен rva 12B5E1
[7140] GoodsConsumption расходы(расчёт): установлен rva 12B354
[7140] GoodsConsumption график панели: установлен rva 30E859
[7140] GoodsConsumption текст панели: установлен rva 30F3A4
[7140] GoodsConsumption карточка товара: установлен rva 079C07
[7140] GoodsConsumption: установлен (дневной хук=1 расходы факт=1 расчёт=1 график=1 текст=1, строка бюджета=1, подсказка=1, карточка товара=1, спрос рынка=1)
[7140] CombatRoll: диапазон 0..4 (модуль=5)
[7140] OosWatch: FUN_00682EC0 rva 282EC0 chk= + Logs\v2dll_oos.log
[7140] IdleSkipNested: PATCH_SKIP_NESTED_IDLE=0 FIX_ARMY_WINDOW_LAG=1 PATCH_SKIP_CHK_WIN=0 PATCH_CAM_STILL=0
[7140] Install: done
[7140] DllMain: attach, Install = 1
[7140] D3D9: Present перехвачен, FPU_PRESERVE=1 noVsync=0 interval=80000000
[7140] D3D9: Present перехвачен, FPU_PRESERVE=1 noVsync=0 interval=00000001
[7140] GoodsConsumption: здание 'naval_base': 4 товаров в goods_consumption
[7140] GoodsConsumption:   cement = 0.750
[7140] GoodsConsumption:   steel = 1.000
[7140] GoodsConsumption:   glass = 1.000
[7140] GoodsConsumption:   timber = 2.000
[7140] Setup[CTechnologyView]: 'FE_ACADEMIES_BDSM' подписана
[7140] Setup[CTechnologyView]: 'FE_RPROJECTS_BDSM' подписана
[7140] Player: кнопка 'button_fe_player_next' подписана (button=857DD9C0)
[7140] Player: кнопка 'button_fe_player_pause' подписана (button=857D8998)
[7140] Player: topbar=2EAE4F28 подписано кнопок: 2
[7140] PlayerVolume: ползунок 'fe_player_volume_slider' подписан (slider=36D68EC0, громкость 0.0)
[7140] Setup[CBudgetView]: 'FE_BUDGET_DIPLO_BDSM' подписана
[15940] CrashWatch: Logs\v2dll_crash.log + v2dll_crash_hint.txt (memory dump выключен: ENABLE_CRASH_DUMP=0)
[15940] LoadSettingsFrom: читаю 'v2dll_settings.ini'
[15940] ---- Install ---- версия 4.98 pid=15940 tid=32592
[15940] base = 00710000
[15940] logs = Logs\ (v2dll.log, v2dll_oos.log, v2dll_crash.log)
[15940] localModConfig=0 fixSfxMixerLag=1 patchFixArmyWindowLag=1 enableCrashDump=0
[15940] CivilizeNullCheck: включён принудительно
[15940] ChkWinSkip: принудительно выкл (2859C0 = дневной тик, не GUI)
[15940] CamStill: принудительно выкл (3.59: idle-шторм, FPS хуже)
[15940] Timer: timeBeginPeriod(1) = 0
[15940] Timer: NtSetTimerResolution(1ms) status=00000000 cur=9989
[15940] Select: ws2_32.select перехвачен (микшер 68B47D >2мс -> 1мс, timeval копия)
[15940] CPU: priority ABOVE_NORMAL
[15940] CPU: power throttling off
[15940] Heap: LFH включён на 2 из 2 куч (LAA exe=1)
[15940] FPU: CreateThread exe перехвачен
[15940] FPU: GetTickCount - отложенный патч TBB/D3D
[15940] FPU: пин на главном цикле rva 5DF550
[15940] MainLoopSleep0: Sleep(100) -> Sleep(1) rva 5DF2D5
[15940] MainLoopSleep0: Sleep(100) -> Sleep(1) rva 5DF684
[15940] D3D9: Direct3DCreate9 перехвачен
[15940] TBB: _beginthreadex перехвачен
[15940] TBB: кап снят (ENGINE_WORKER_THREADS=0), initialize не трогаем
[15940] Engine: FPU=1 D3D=1 LFH=1 threadPin=1 tbbCap=0 sleep0=1 noVsync=0 prio=1
[15940] PopQuantize: FUN_00485E40, keep_bits=12
[15940] MpClientSleep: pump Sleep(40) -> Sleep(1) rva 71DD2C
[15940] WFSO: WaitForSingleObject exe перехвачен (16-50мс -> 1, INFINITE не трогаем)
[15940] patch CTechnologyView: слот 11 = 1
[15940] patch CBudgetView: слот 10 = 1
[15940] patch CProductionView: слот 10 = 1
[15940] patch CPoliticsView: слот 10 = 1
[15940] patch CDecision: слот 6 = 1
[15940] Patch 'always_add_wargoals': применён на rva 138AFF
[15940] Patch 'land_reinforce': применён на rva 1C8C9B
[15940] Patch 'naval_reinforce': применён на rva 1C8B1C
[15940] Patch 'max_relative_price': применён на rva A45C28
[15940] Patch 'consciousness_plurality_growth': применён на rva 10C5DE
[15940] Patch 'allied_reinforce_150': применён на rva 1D74BE
[15940] Patch 'combat_loss_popup_all': применён на rva 19CC5D
[15940] Patch 'build_factory_ignore_colonial_1': применён на rva 0D0C57
[15940] Patch 'build_factory_ignore_colonial_2': применён на rva 12FA4E
[15940] Patch 'build_factory_button_enable_ignore_colonial': применён на rva 12E977
[15940] Patch 'local_supply_factory_ignore_colonial': применён на rva 0D0E9D
[15940] Patch 'build_factory_ignore_uncivilized_button': применён на rva 12E96E
[15940] Patch 'build_factory_checklist_uncivilized_own': применён на rva 12EA67
[15940] Patch 'build_factory_checklist_uncivilized_other': применён на rva 12F0D4
[15940] Patch 'build_factory_ignore_uncivilized_can_build': применён на rva 12CA3E
[15940] OccupiedReinforceSplit: occupied=100.0%, пещера 021F0000
[15940] AllyOwnerCheck: owned-by-ally=150%, occupied-by-ally=100.0%, пещера 02200000, ok=1
[15940] AllyEmbark: установлен (владелец rva 1D77A0, клик rva 1CD058, вместимость rva 1D5E97)
[15940] SaveEmbark: установлен (rva 721F00)
[15940] LoadEmbark: установлен (rva 721F40)
[15940] LoadRepair: установлен (rva 1D7CC4)
[15940] FleetPassengerTooltip: установлен (vtable rva A16BD0 слот 12) = 1
[15940] FleetCapture: установлен (rva 38F559)
[15940] CivilizeNullCheck: установлен на rva 14248B, пещера 02210000
[15940] SupplySourceNullCheck: установлен на rva 0D15EB, пещера 02220000
[15940] TechCompareNullCheck: установлен на rva 3A918A, пещера 02230000
[15940] TechFolderIconNullCheck: установлен на rva 3ADE98, пещера 02240000
[15940] ProdListVisibilityHook: установлен
[15940] HideRawGoodsFilter: установлен rva 2F1C30
[15940] GoodsFilterPos2(наблюдение): установлен rva 2F1EC0
[15940] FilterShowAll(вкладка 0): call предиката подменён rva 2F41F7
[15940] FilterShowAll(вкладка 1): call предиката подменён rva 2F7471
[15940] PlayerNext: call в конструкторе topbar подменён rva 30D090
[15940] PlayerNext: vftable[0] topbar подменён rva A113D0
[15940] PlayerVolume: vftable[1] topbar (деструктор) подменён
[15940] PlayerVolume: call покадровой функции подменён rva 285727
[15940] SettingsApply: хук установлен rva 35BB50
[15940] SettingsApply: call применения настроек подменён rva 35C67E
[15940] MusicFairRandom: установлен rva 05534D
[15940] LoadProductionTypeLimits: читаю 'I:\Vic2_Dev\V2BDSM\mod\2\common\production_types.txt' (21822 байт)
[15940] ParseProductionTypes: разобрано 65 типов производства (шаблонов пропущено: 62)
[15940] ProdTypeGateHook: установлен
[15940] LoadProvinceGoods: ванильная history\provinces не найдена (I:\Vic2_Dev\V2BDSM\history\provinces)
[15940] LoadProvinceGoods: готово, 2708 провинций с trade_goods
[15940] HideNoSupplyFactoriesHook: установлен
[15940] PriceDelta: 25 сотых процента, множитель 163
[15940] VersionLabel: 'V2 v3.04 + V2DLL v4.98' (len=22), пещера 02270000
[15940] Minting: 'monetary_system_level' - переменная страны (0, если не задана)
[15940] Minting: формула ' industry_score + industry_score * monetary_system_level * 0.5' из 'mod/2\common\minting.txt' (7 узлов); пример без переменных страны: industry_score=1000, total_population=4000000 -> 1000.00
[15940] CountryDaily: call подменён rva 109F74
[15940] Minting income(факт): установлен rva 12B510
[15940] Minting income(расчёт): установлен rva 12B769
[15940] Minting подсказка(запомнить): установлен rva 12A135
[15940] Minting подсказка(строка): установлен rva 12B0A3
[15940] Окно бюджета: подсказка над textbox'ами: установлен rva 20A0B8
[15940] Minting: установлен (income факт=1 расчёт=1, подсказка=1, minting_inc=1, подсказка minting_inc=1)
[15940] GoodsConsumption: чтение goods_consumption установлено (слот 4 двух vftable CBuilding)
[15940] GoodsConsumption расходы(факт): установлен rva 12B5E1
[15940] GoodsConsumption расходы(расчёт): установлен rva 12B354
[15940] GoodsConsumption график панели: установлен rva 30E859
[15940] GoodsConsumption текст панели: установлен rva 30F3A4
[15940] GoodsConsumption карточка товара: установлен rva 079C07
[15940] GoodsConsumption: установлен (дневной хук=1 расходы факт=1 расчёт=1 график=1 текст=1, строка бюджета=1, подсказка=1, карточка товара=1, спрос рынка=1)
[15940] CombatRoll: диапазон 0..4 (модуль=5)
[15940] OosWatch: FUN_00682EC0 rva 282EC0 chk= + Logs\v2dll_oos.log
[15940] IdleSkipNested: PATCH_SKIP_NESTED_IDLE=0 FIX_ARMY_WINDOW_LAG=1 PATCH_SKIP_CHK_WIN=0 PATCH_CAM_STILL=0
[15940] Install: done
[15940] DllMain: attach, Install = 1
[15940] D3D9: Present перехвачен, FPU_PRESERVE=1 noVsync=0 interval=80000000
[15940] D3D9: Present перехвачен, FPU_PRESERVE=1 noVsync=0 interval=00000001
[15940] GoodsConsumption: здание 'naval_base': 4 товаров в goods_consumption
[15940] GoodsConsumption:   cement = 0.750
[15940] GoodsConsumption:   steel = 1.000
[15940] GoodsConsumption:   glass = 1.000
[15940] GoodsConsumption:   timber = 2.000
[15940] NullStatusDiag[SupplySource]: typePtr=2F4D02A0 name=nobuilding
2026-10-06 18:58:33.757 dll=4.98 via=uef pid=15940 tid=32592 code=C0000005 eip=007E1999 addr=007E1999 npar=2 p0=00000000 p1=0000011C eax=2F4D02A0 ebx=00000000 ecx=3F33A798 edx=00000038 esi=2F86D288 edi=3F33A760 ebp=01B3D584 esp=01B3D408
[8308] CrashWatch: Logs\v2dll_crash.log + v2dll_crash_hint.txt (memory dump выключен: ENABLE_CRASH_DUMP=0)
[8308] LoadSettingsFrom: читаю 'v2dll_settings.ini'
[8308] ---- Install ---- версия 4.98 pid=8308 tid=3648
[8308] base = 00710000
[8308] logs = Logs\ (v2dll.log, v2dll_oos.log, v2dll_crash.log)
[8308] localModConfig=0 fixSfxMixerLag=1 patchFixArmyWindowLag=1 enableCrashDump=0
[8308] CivilizeNullCheck: включён принудительно
[8308] ChkWinSkip: принудительно выкл (2859C0 = дневной тик, не GUI)
[8308] CamStill: принудительно выкл (3.59: idle-шторм, FPS хуже)
[8308] Timer: timeBeginPeriod(1) = 0
[8308] Timer: NtSetTimerResolution(1ms) status=00000000 cur=9989
[8308] Select: ws2_32.select перехвачен (микшер 68B47D >2мс -> 1мс, timeval копия)
[8308] CPU: priority ABOVE_NORMAL
[8308] CPU: power throttling off
[8308] Heap: LFH включён на 2 из 2 куч (LAA exe=1)
[8308] FPU: CreateThread exe перехвачен
[8308] FPU: GetTickCount - отложенный патч TBB/D3D
[8308] FPU: пин на главном цикле rva 5DF550
[8308] MainLoopSleep0: Sleep(100) -> Sleep(1) rva 5DF2D5
[8308] MainLoopSleep0: Sleep(100) -> Sleep(1) rva 5DF684
[8308] D3D9: Direct3DCreate9 перехвачен
[8308] TBB: _beginthreadex перехвачен
[8308] TBB: кап снят (ENGINE_WORKER_THREADS=0), initialize не трогаем
[8308] Engine: FPU=1 D3D=1 LFH=1 threadPin=1 tbbCap=0 sleep0=1 noVsync=0 prio=1
[8308] PopQuantize: FUN_00485E40, keep_bits=12
[8308] MpClientSleep: pump Sleep(40) -> Sleep(1) rva 71DD2C
[8308] WFSO: WaitForSingleObject exe перехвачен (16-50мс -> 1, INFINITE не трогаем)
[8308] patch CTechnologyView: слот 11 = 1
[8308] patch CBudgetView: слот 10 = 1
[8308] patch CProductionView: слот 10 = 1
[8308] patch CPoliticsView: слот 10 = 1
[8308] patch CDecision: слот 6 = 1
[8308] Patch 'always_add_wargoals': применён на rva 138AFF
[8308] Patch 'land_reinforce': применён на rva 1C8C9B
[8308] Patch 'naval_reinforce': применён на rva 1C8B1C
[8308] Patch 'max_relative_price': применён на rva A45C28
[8308] Patch 'consciousness_plurality_growth': применён на rva 10C5DE
[8308] Patch 'allied_reinforce_150': применён на rva 1D74BE
[8308] Patch 'combat_loss_popup_all': применён на rva 19CC5D
[8308] Patch 'build_factory_ignore_colonial_1': применён на rva 0D0C57
[8308] Patch 'build_factory_ignore_colonial_2': применён на rva 12FA4E
[8308] Patch 'build_factory_button_enable_ignore_colonial': применён на rva 12E977
[8308] Patch 'local_supply_factory_ignore_colonial': применён на rva 0D0E9D
[8308] Patch 'build_factory_ignore_uncivilized_button': применён на rva 12E96E
[8308] Patch 'build_factory_checklist_uncivilized_own': применён на rva 12EA67
[8308] Patch 'build_factory_checklist_uncivilized_other': применён на rva 12F0D4
[8308] Patch 'build_factory_ignore_uncivilized_can_build': применён на rva 12CA3E
[8308] OccupiedReinforceSplit: occupied=100.0%, пещера 021F0000
[8308] AllyOwnerCheck: owned-by-ally=150%, occupied-by-ally=100.0%, пещера 02200000, ok=1
[8308] AllyEmbark: установлен (владелец rva 1D77A0, клик rva 1CD058, вместимость rva 1D5E97)
[8308] SaveEmbark: установлен (rva 721F00)
[8308] LoadEmbark: установлен (rva 721F40)
[8308] LoadRepair: установлен (rva 1D7CC4)
[8308] FleetPassengerTooltip: установлен (vtable rva A16BD0 слот 12) = 1
[8308] FleetCapture: установлен (rva 38F559)
[8308] CivilizeNullCheck: установлен на rva 14248B, пещера 02210000
[8308] SupplySourceNullCheck: установлен на rva 0D15EB, пещера 02220000
[8308] TechCompareNullCheck: установлен на rva 3A918A, пещера 02230000
[8308] TechFolderIconNullCheck: установлен на rva 3ADE98, пещера 02240000
[8308] ProdListVisibilityHook: установлен
[8308] HideRawGoodsFilter: установлен rva 2F1C30
[8308] GoodsFilterPos2(наблюдение): установлен rva 2F1EC0
[8308] FilterShowAll(вкладка 0): call предиката подменён rva 2F41F7
[8308] FilterShowAll(вкладка 1): call предиката подменён rva 2F7471
[8308] PlayerNext: call в конструкторе topbar подменён rva 30D090
[8308] PlayerNext: vftable[0] topbar подменён rva A113D0
[8308] PlayerVolume: vftable[1] topbar (деструктор) подменён
[8308] PlayerVolume: call покадровой функции подменён rva 285727
[8308] SettingsApply: хук установлен rva 35BB50
[8308] SettingsApply: call применения настроек подменён rva 35C67E
[8308] MusicFairRandom: установлен rva 05534D
[8308] LoadProductionTypeLimits: читаю 'I:\Vic2_Dev\V2BDSM\mod\2\common\production_types.txt' (21822 байт)
[8308] ParseProductionTypes: разобрано 65 типов производства (шаблонов пропущено: 62)
[8308] ProdTypeGateHook: установлен
[8308] LoadProvinceGoods: ванильная history\provinces не найдена (I:\Vic2_Dev\V2BDSM\history\provinces)
[8308] LoadProvinceGoods: готово, 2708 провинций с trade_goods
[8308] HideNoSupplyFactoriesHook: установлен
[8308] PriceDelta: 25 сотых процента, множитель 163
[8308] VersionLabel: 'V2 v3.04 + V2DLL v4.98' (len=22), пещера 02270000
[8308] Minting: 'monetary_system_level' - переменная страны (0, если не задана)
[8308] Minting: формула ' industry_score + industry_score * monetary_system_level * 0.5' из 'mod/2\common\minting.txt' (7 узлов); пример без переменных страны: industry_score=1000, total_population=4000000 -> 1000.00
[8308] CountryDaily: call подменён rva 109F74
[8308] Minting income(факт): установлен rva 12B510
[8308] Minting income(расчёт): установлен rva 12B769
[8308] Minting подсказка(запомнить): установлен rva 12A135
[8308] Minting подсказка(строка): установлен rva 12B0A3
[8308] Окно бюджета: подсказка над textbox'ами: установлен rva 20A0B8
[8308] Minting: установлен (income факт=1 расчёт=1, подсказка=1, minting_inc=1, подсказка minting_inc=1)
[8308] GoodsConsumption: чтение goods_consumption установлено (слот 4 двух vftable CBuilding)
[8308] GoodsConsumption расходы(факт): установлен rva 12B5E1
[8308] GoodsConsumption расходы(расчёт): установлен rva 12B354
[8308] GoodsConsumption график панели: установлен rva 30E859
[8308] GoodsConsumption текст панели: установлен rva 30F3A4
[8308] GoodsConsumption карточка товара: установлен rva 079C07
[8308] GoodsConsumption: установлен (дневной хук=1 расходы факт=1 расчёт=1 график=1 текст=1, строка бюджета=1, подсказка=1, карточка товара=1, спрос рынка=1)
[8308] CombatRoll: диапазон 0..4 (модуль=5)
[8308] OosWatch: FUN_00682EC0 rva 282EC0 chk= + Logs\v2dll_oos.log
[8308] IdleSkipNested: PATCH_SKIP_NESTED_IDLE=0 FIX_ARMY_WINDOW_LAG=1 PATCH_SKIP_CHK_WIN=0 PATCH_CAM_STILL=0
[8308] Install: done
[8308] DllMain: attach, Install = 1
[8308] D3D9: Present перехвачен, FPU_PRESERVE=1 noVsync=0 interval=80000000
[8308] D3D9: Present перехвачен, FPU_PRESERVE=1 noVsync=0 interval=00000001
[8308] GoodsConsumption: здание 'naval_base': 4 товаров в goods_consumption
[8308] GoodsConsumption:   cement = 0.750
[8308] GoodsConsumption:   steel = 1.000
[8308] GoodsConsumption:   glass = 1.000
[8308] GoodsConsumption:   timber = 2.000
[8308] Setup[CTechnologyView]: 'FE_ACADEMIES_BDSM' подписана
[8308] Setup[CTechnologyView]: 'FE_RPROJECTS_BDSM' подписана
[8308] Player: кнопка 'button_fe_player_next' подписана (button=877A77F8)
[8308] Player: кнопка 'button_fe_player_pause' подписана (button=877A9850)
[8308] Player: topbar=2EF2C640 подписано кнопок: 2
[8308] PlayerVolume: ползунок 'fe_player_volume_slider' подписан (slider=371EF858, громкость 0.0)
[8540] CrashWatch: Logs\v2dll_crash.log + v2dll_crash_hint.txt (memory dump выключен: ENABLE_CRASH_DUMP=0)
[8540] LoadSettingsFrom: читаю 'v2dll_settings.ini'
[8540] ---- Install ---- версия 4.98 pid=8540 tid=33680
[8540] base = 00710000
[8540] logs = Logs\ (v2dll.log, v2dll_oos.log, v2dll_crash.log)
[8540] localModConfig=0 fixSfxMixerLag=1 patchFixArmyWindowLag=1 enableCrashDump=0
[8540] CivilizeNullCheck: включён принудительно
[8540] ChkWinSkip: принудительно выкл (2859C0 = дневной тик, не GUI)
[8540] CamStill: принудительно выкл (3.59: idle-шторм, FPS хуже)
[8540] Timer: timeBeginPeriod(1) = 0
[8540] Timer: NtSetTimerResolution(1ms) status=00000000 cur=9989
[8540] Select: ws2_32.select перехвачен (микшер 68B47D >2мс -> 1мс, timeval копия)
[8540] CPU: priority ABOVE_NORMAL
[8540] CPU: power throttling off
[8540] Heap: LFH включён на 2 из 2 куч (LAA exe=1)
[8540] FPU: CreateThread exe перехвачен
[8540] FPU: GetTickCount - отложенный патч TBB/D3D
[8540] FPU: пин на главном цикле rva 5DF550
[8540] MainLoopSleep0: Sleep(100) -> Sleep(1) rva 5DF2D5
[8540] MainLoopSleep0: Sleep(100) -> Sleep(1) rva 5DF684
[8540] D3D9: Direct3DCreate9 перехвачен
[8540] TBB: _beginthreadex перехвачен
[8540] TBB: кап снят (ENGINE_WORKER_THREADS=0), initialize не трогаем
[8540] Engine: FPU=1 D3D=1 LFH=1 threadPin=1 tbbCap=0 sleep0=1 noVsync=0 prio=1
[8540] PopQuantize: FUN_00485E40, keep_bits=12
[8540] MpClientSleep: pump Sleep(40) -> Sleep(1) rva 71DD2C
[8540] WFSO: WaitForSingleObject exe перехвачен (16-50мс -> 1, INFINITE не трогаем)
[8540] patch CTechnologyView: слот 11 = 1
[8540] patch CBudgetView: слот 10 = 1
[8540] patch CProductionView: слот 10 = 1
[8540] patch CPoliticsView: слот 10 = 1
[8540] patch CDecision: слот 6 = 1
[8540] Patch 'always_add_wargoals': применён на rva 138AFF
[8540] Patch 'land_reinforce': применён на rva 1C8C9B
[8540] Patch 'naval_reinforce': применён на rva 1C8B1C
[8540] Patch 'max_relative_price': применён на rva A45C28
[8540] Patch 'consciousness_plurality_growth': применён на rva 10C5DE
[8540] Patch 'allied_reinforce_150': применён на rva 1D74BE
[8540] Patch 'combat_loss_popup_all': применён на rva 19CC5D
[8540] Patch 'build_factory_ignore_colonial_1': применён на rva 0D0C57
[8540] Patch 'build_factory_ignore_colonial_2': применён на rva 12FA4E
[8540] Patch 'build_factory_button_enable_ignore_colonial': применён на rva 12E977
[8540] Patch 'local_supply_factory_ignore_colonial': применён на rva 0D0E9D
[8540] Patch 'build_factory_ignore_uncivilized_button': применён на rva 12E96E
[8540] Patch 'build_factory_checklist_uncivilized_own': применён на rva 12EA67
[8540] Patch 'build_factory_checklist_uncivilized_other': применён на rva 12F0D4
[8540] Patch 'build_factory_ignore_uncivilized_can_build': применён на rva 12CA3E
[8540] OccupiedReinforceSplit: occupied=100.0%, пещера 02380000
[8540] AllyOwnerCheck: owned-by-ally=150%, occupied-by-ally=100.0%, пещера 02390000, ok=1
[8540] AllyEmbark: установлен (владелец rva 1D77A0, клик rva 1CD058, вместимость rva 1D5E97)
[8540] SaveEmbark: установлен (rva 721F00)
[8540] LoadEmbark: установлен (rva 721F40)
[8540] LoadRepair: установлен (rva 1D7CC4)
[8540] FleetPassengerTooltip: установлен (vtable rva A16BD0 слот 12) = 1
[8540] FleetCapture: установлен (rva 38F559)
[8540] CivilizeNullCheck: установлен на rva 14248B, пещера 023A0000
[8540] SupplySourceNullCheck: установлен на rva 0D15EB, пещера 023B0000
[8540] TechCompareNullCheck: установлен на rva 3A918A, пещера 039E0000
[8540] TechFolderIconNullCheck: установлен на rva 3ADE98, пещера 039F0000
[8540] ProdListVisibilityHook: установлен
[8540] HideRawGoodsFilter: установлен rva 2F1C30
[8540] GoodsFilterPos2(наблюдение): установлен rva 2F1EC0
[8540] FilterShowAll(вкладка 0): call предиката подменён rva 2F41F7
[8540] FilterShowAll(вкладка 1): call предиката подменён rva 2F7471
[8540] PlayerNext: call в конструкторе topbar подменён rva 30D090
[8540] PlayerNext: vftable[0] topbar подменён rva A113D0
[8540] PlayerVolume: vftable[1] topbar (деструктор) подменён
[8540] PlayerVolume: call покадровой функции подменён rva 285727
[8540] SettingsApply: хук установлен rva 35BB50
[8540] SettingsApply: call применения настроек подменён rva 35C67E
[8540] MusicFairRandom: установлен rva 05534D
[8540] LoadProductionTypeLimits: читаю 'I:\Vic2_Dev\V2BDSM\mod\2\common\production_types.txt' (21442 байт)
[8540] ParseProductionTypes: разобрано 64 типов производства (шаблонов пропущено: 61)
[8540] ProdTypeGateHook: установлен
[8540] LoadProvinceGoods: ванильная history\provinces не найдена (I:\Vic2_Dev\V2BDSM\history\provinces)
[8540] LoadProvinceGoods: готово, 2708 провинций с trade_goods
[8540] HideNoSupplyFactoriesHook: установлен
[8540] PriceDelta: 25 сотых процента, множитель 163
[8540] VersionLabel: 'V2 v3.04 + V2DLL v4.98' (len=22), пещера 03A20000
[8540] Minting: 'monetary_system_level' - переменная страны (0, если не задана)
[8540] Minting: формула ' industry_score + industry_score * monetary_system_level * 0.5' из 'mod/2\common\minting.txt' (7 узлов); пример без переменных страны: industry_score=1000, total_population=4000000 -> 1000.00
[8540] CountryDaily: call подменён rva 109F74
[8540] Minting income(факт): установлен rva 12B510
[8540] Minting income(расчёт): установлен rva 12B769
[8540] Minting подсказка(запомнить): установлен rva 12A135
[8540] Minting подсказка(строка): установлен rva 12B0A3
[8540] Окно бюджета: подсказка над textbox'ами: установлен rva 20A0B8
[8540] Minting: установлен (income факт=1 расчёт=1, подсказка=1, minting_inc=1, подсказка minting_inc=1)
[8540] GoodsConsumption: чтение goods_consumption установлено (слот 4 двух vftable CBuilding)
[8540] GoodsConsumption расходы(факт): установлен rva 12B5E1
[8540] GoodsConsumption расходы(расчёт): установлен rva 12B354
[8540] GoodsConsumption график панели: установлен rva 30E859
[8540] GoodsConsumption текст панели: установлен rva 30F3A4
[8540] GoodsConsumption карточка товара: установлен rva 079C07
[8540] GoodsConsumption: установлен (дневной хук=1 расходы факт=1 расчёт=1 график=1 текст=1, строка бюджета=1, подсказка=1, карточка товара=1, спрос рынка=1)
[8540] CombatRoll: диапазон 0..4 (модуль=5)
[8540] OosWatch: FUN_00682EC0 rva 282EC0 chk= + Logs\v2dll_oos.log
[8540] IdleSkipNested: PATCH_SKIP_NESTED_IDLE=0 FIX_ARMY_WINDOW_LAG=1 PATCH_SKIP_CHK_WIN=0 PATCH_CAM_STILL=0
[8540] Install: done
[8540] DllMain: attach, Install = 1
[8540] D3D9: Present перехвачен, FPU_PRESERVE=1 noVsync=0 interval=80000000
[8540] D3D9: Present перехвачен, FPU_PRESERVE=1 noVsync=0 interval=00000001
[8540] GoodsConsumption: здание 'naval_base': 4 товаров в goods_consumption
[8540] GoodsConsumption:   cement = 0.750
[8540] GoodsConsumption:   steel = 1.000
[8540] GoodsConsumption:   glass = 1.000
[8540] GoodsConsumption:   timber = 2.000
[8540] Setup[CTechnologyView]: 'FE_ACADEMIES_BDSM' подписана
[8540] Setup[CTechnologyView]: 'FE_RPROJECTS_BDSM' подписана
[8540] Player: кнопка 'button_fe_player_next' подписана (button=877727A8)
[8540] Player: кнопка 'button_fe_player_pause' подписана (button=87774530)
[8540] Player: topbar=2EF16200 подписано кнопок: 2
[8540] PlayerVolume: ползунок 'fe_player_volume_slider' подписан (slider=3714E308, громкость 0.0)
[32316] CrashWatch: Logs\v2dll_crash.log + v2dll_crash_hint.txt (memory dump выключен: ENABLE_CRASH_DUMP=0)
[32316] LoadSettingsFrom: читаю 'v2dll_settings.ini'
[32316] ---- Install ---- версия 4.98 pid=32316 tid=19560
[32316] base = 00710000
[32316] logs = Logs\ (v2dll.log, v2dll_oos.log, v2dll_crash.log)
[32316] localModConfig=0 fixSfxMixerLag=1 patchFixArmyWindowLag=1 enableCrashDump=0
[32316] CivilizeNullCheck: включён принудительно
[32316] ChkWinSkip: принудительно выкл (2859C0 = дневной тик, не GUI)
[32316] CamStill: принудительно выкл (3.59: idle-шторм, FPS хуже)
[32316] Timer: timeBeginPeriod(1) = 0
[32316] Timer: NtSetTimerResolution(1ms) status=00000000 cur=9989
[32316] Select: ws2_32.select перехвачен (микшер 68B47D >2мс -> 1мс, timeval копия)
[32316] CPU: priority ABOVE_NORMAL
[32316] CPU: power throttling off
[32316] Heap: LFH включён на 2 из 2 куч (LAA exe=1)
[32316] FPU: CreateThread exe перехвачен
[32316] FPU: GetTickCount - отложенный патч TBB/D3D
[32316] FPU: пин на главном цикле rva 5DF550
[32316] MainLoopSleep0: Sleep(100) -> Sleep(1) rva 5DF2D5
[32316] MainLoopSleep0: Sleep(100) -> Sleep(1) rva 5DF684
[32316] D3D9: Direct3DCreate9 перехвачен
[32316] TBB: _beginthreadex перехвачен
[32316] TBB: кап снят (ENGINE_WORKER_THREADS=0), initialize не трогаем
[32316] Engine: FPU=1 D3D=1 LFH=1 threadPin=1 tbbCap=0 sleep0=1 noVsync=0 prio=1
[32316] PopQuantize: FUN_00485E40, keep_bits=12
[32316] MpClientSleep: pump Sleep(40) -> Sleep(1) rva 71DD2C
[32316] WFSO: WaitForSingleObject exe перехвачен (16-50мс -> 1, INFINITE не трогаем)
[32316] patch CTechnologyView: слот 11 = 1
[32316] patch CBudgetView: слот 10 = 1
[32316] patch CProductionView: слот 10 = 1
[32316] patch CPoliticsView: слот 10 = 1
[32316] patch CDecision: слот 6 = 1
[32316] Patch 'always_add_wargoals': применён на rva 138AFF
[32316] Patch 'land_reinforce': применён на rva 1C8C9B
[32316] Patch 'naval_reinforce': применён на rva 1C8B1C
[32316] Patch 'max_relative_price': применён на rva A45C28
[32316] Patch 'consciousness_plurality_growth': применён на rva 10C5DE
[32316] Patch 'allied_reinforce_150': применён на rva 1D74BE
[32316] Patch 'combat_loss_popup_all': применён на rva 19CC5D
[32316] Patch 'build_factory_ignore_colonial_1': применён на rva 0D0C57
[32316] Patch 'build_factory_ignore_colonial_2': применён на rva 12FA4E
[32316] Patch 'build_factory_button_enable_ignore_colonial': применён на rva 12E977
[32316] Patch 'local_supply_factory_ignore_colonial': применён на rva 0D0E9D
[32316] Patch 'build_factory_ignore_uncivilized_button': применён на rva 12E96E
[32316] Patch 'build_factory_checklist_uncivilized_own': применён на rva 12EA67
[32316] Patch 'build_factory_checklist_uncivilized_other': применён на rva 12F0D4
[32316] Patch 'build_factory_ignore_uncivilized_can_build': применён на rva 12CA3E
[32316] OccupiedReinforceSplit: occupied=100.0%, пещера 021C0000
[32316] AllyOwnerCheck: owned-by-ally=150%, occupied-by-ally=100.0%, пещера 021D0000, ok=1
[32316] AllyEmbark: установлен (владелец rva 1D77A0, клик rva 1CD058, вместимость rva 1D5E97)
[32316] SaveEmbark: установлен (rva 721F00)
[32316] LoadEmbark: установлен (rva 721F40)
[32316] LoadRepair: установлен (rva 1D7CC4)
[32316] FleetPassengerTooltip: установлен (vtable rva A16BD0 слот 12) = 1
[32316] FleetCapture: установлен (rva 38F559)
[32316] CivilizeNullCheck: установлен на rva 14248B, пещера 021E0000
[32316] SupplySourceNullCheck: установлен на rva 0D15EB, пещера 021F0000
[32316] TechCompareNullCheck: установлен на rva 3A918A, пещера 02200000
[32316] TechFolderIconNullCheck: установлен на rva 3ADE98, пещера 02210000
[32316] ProdListVisibilityHook: установлен
[32316] HideRawGoodsFilter: установлен rva 2F1C30
[32316] GoodsFilterPos2(наблюдение): установлен rva 2F1EC0
[32316] FilterShowAll(вкладка 0): call предиката подменён rva 2F41F7
[32316] FilterShowAll(вкладка 1): call предиката подменён rva 2F7471
[32316] PlayerNext: call в конструкторе topbar подменён rva 30D090
[32316] PlayerNext: vftable[0] topbar подменён rva A113D0
[32316] PlayerVolume: vftable[1] topbar (деструктор) подменён
[32316] PlayerVolume: call покадровой функции подменён rva 285727
[32316] SettingsApply: хук установлен rva 35BB50
[32316] SettingsApply: call применения настроек подменён rva 35C67E
[32316] MusicFairRandom: установлен rva 05534D
[32316] LoadProductionTypeLimits: читаю 'I:\Vic2_Dev\V2BDSM\mod\2\common\production_types.txt' (21442 байт)
[32316] ParseProductionTypes: разобрано 64 типов производства (шаблонов пропущено: 61)
[32316] ProdTypeGateHook: установлен
[32316] LoadProvinceGoods: ванильная history\provinces не найдена (I:\Vic2_Dev\V2BDSM\history\provinces)
[32316] LoadProvinceGoods: готово, 2708 провинций с trade_goods
[32316] HideNoSupplyFactoriesHook: установлен
[32316] PriceDelta: 25 сотых процента, множитель 163
[32316] VersionLabel: 'V2 v3.04 + V2DLL v4.98' (len=22), пещера 02240000
[32316] Minting: 'monetary_system_level' - переменная страны (0, если не задана)
[32316] Minting: формула ' industry_score + industry_score * monetary_system_level * 0.5' из 'mod/2\common\minting.txt' (7 узлов); пример без переменных страны: industry_score=1000, total_population=4000000 -> 1000.00
[32316] CountryDaily: call подменён rva 109F74
[32316] Minting income(факт): установлен rva 12B510
[32316] Minting income(расчёт): установлен rva 12B769
[32316] Minting подсказка(запомнить): установлен rva 12A135
[32316] Minting подсказка(строка): установлен rva 12B0A3
[32316] Окно бюджета: подсказка над textbox'ами: установлен rva 20A0B8
[32316] Minting: установлен (income факт=1 расчёт=1, подсказка=1, minting_inc=1, подсказка minting_inc=1)
[32316] GoodsConsumption: чтение goods_consumption установлено (слот 4 двух vftable CBuilding)
[32316] GoodsConsumption расходы(факт): установлен rva 12B5E1
[32316] GoodsConsumption расходы(расчёт): установлен rva 12B354
[32316] GoodsConsumption график панели: установлен rva 30E859
[32316] GoodsConsumption текст панели: установлен rva 30F3A4
[32316] GoodsConsumption карточка товара: установлен rva 079C07
[32316] GoodsConsumption: установлен (дневной хук=1 расходы факт=1 расчёт=1 график=1 текст=1, строка бюджета=1, подсказка=1, карточка товара=1, спрос рынка=1)
[32316] CombatRoll: диапазон 0..4 (модуль=5)
[32316] OosWatch: FUN_00682EC0 rva 282EC0 chk= + Logs\v2dll_oos.log
[32316] IdleSkipNested: PATCH_SKIP_NESTED_IDLE=0 FIX_ARMY_WINDOW_LAG=1 PATCH_SKIP_CHK_WIN=0 PATCH_CAM_STILL=0
[32316] Install: done
[32316] DllMain: attach, Install = 1
[32316] D3D9: Present перехвачен, FPU_PRESERVE=1 noVsync=0 interval=80000000
[32316] D3D9: Present перехвачен, FPU_PRESERVE=1 noVsync=0 interval=00000001
[32316] GoodsConsumption: здание 'naval_base': 4 товаров в goods_consumption
[32316] GoodsConsumption:   cement = 0.750
[32316] GoodsConsumption:   steel = 1.000
[32316] GoodsConsumption:   glass = 1.000
[32316] GoodsConsumption:   timber = 2.000
[32316] Setup[CTechnologyView]: 'FE_ACADEMIES_BDSM' подписана
[32316] Setup[CTechnologyView]: 'FE_RPROJECTS_BDSM' подписана
[32316] Player: кнопка 'button_fe_player_next' подписана (button=877B5AF8)
[32316] Player: кнопка 'button_fe_player_pause' подписана (button=877B4A18)
[32316] Player: topbar=2EF0CD50 подписано кнопок: 2
[32316] PlayerVolume: ползунок 'fe_player_volume_slider' подписан (slider=3716C2D8, громкость 0.0)
[32316] SetupHideColonialButton: подписана
[32316] Setup[CBudgetView]: 'FE_BUDGET_DIPLO_BDSM' подписана
[33088] CrashWatch: Logs\v2dll_crash.log + v2dll_crash_hint.txt (memory dump выключен: ENABLE_CRASH_DUMP=0)
[33088] LoadSettingsFrom: читаю 'v2dll_settings.ini'
[33088] ---- Install ---- версия 4.98 pid=33088 tid=17116
[33088] base = 00710000
[33088] logs = Logs\ (v2dll.log, v2dll_oos.log, v2dll_crash.log)
[33088] localModConfig=0 fixSfxMixerLag=1 patchFixArmyWindowLag=1 enableCrashDump=0
[33088] CivilizeNullCheck: включён принудительно
[33088] ChkWinSkip: принудительно выкл (2859C0 = дневной тик, не GUI)
[33088] CamStill: принудительно выкл (3.59: idle-шторм, FPS хуже)
[33088] Timer: timeBeginPeriod(1) = 0
[33088] Timer: NtSetTimerResolution(1ms) status=00000000 cur=9989
[33088] Select: ws2_32.select перехвачен (микшер 68B47D >2мс -> 1мс, timeval копия)
[33088] CPU: priority ABOVE_NORMAL
[33088] CPU: power throttling off
[33088] Heap: LFH включён на 2 из 2 куч (LAA exe=1)
[33088] FPU: CreateThread exe перехвачен
[33088] FPU: GetTickCount - отложенный патч TBB/D3D
[33088] FPU: пин на главном цикле rva 5DF550
[33088] MainLoopSleep0: Sleep(100) -> Sleep(1) rva 5DF2D5
[33088] MainLoopSleep0: Sleep(100) -> Sleep(1) rva 5DF684
[33088] D3D9: Direct3DCreate9 перехвачен
[33088] TBB: _beginthreadex перехвачен
[33088] TBB: кап снят (ENGINE_WORKER_THREADS=0), initialize не трогаем
[33088] Engine: FPU=1 D3D=1 LFH=1 threadPin=1 tbbCap=0 sleep0=1 noVsync=0 prio=1
[33088] PopQuantize: FUN_00485E40, keep_bits=12
[33088] MpClientSleep: pump Sleep(40) -> Sleep(1) rva 71DD2C
[33088] WFSO: WaitForSingleObject exe перехвачен (16-50мс -> 1, INFINITE не трогаем)
[33088] patch CTechnologyView: слот 11 = 1
[33088] patch CBudgetView: слот 10 = 1
[33088] patch CProductionView: слот 10 = 1
[33088] patch CPoliticsView: слот 10 = 1
[33088] patch CDecision: слот 6 = 1
[33088] Patch 'always_add_wargoals': применён на rva 138AFF
[33088] Patch 'land_reinforce': применён на rva 1C8C9B
[33088] Patch 'naval_reinforce': применён на rva 1C8B1C
[33088] Patch 'max_relative_price': применён на rva A45C28
[33088] Patch 'consciousness_plurality_growth': применён на rva 10C5DE
[33088] Patch 'allied_reinforce_150': применён на rva 1D74BE
[33088] Patch 'combat_loss_popup_all': применён на rva 19CC5D
[33088] Patch 'build_factory_ignore_colonial_1': применён на rva 0D0C57
[33088] Patch 'build_factory_ignore_colonial_2': применён на rva 12FA4E
[33088] Patch 'build_factory_button_enable_ignore_colonial': применён на rva 12E977
[33088] Patch 'local_supply_factory_ignore_colonial': применён на rva 0D0E9D
[33088] Patch 'build_factory_ignore_uncivilized_button': применён на rva 12E96E
[33088] Patch 'build_factory_checklist_uncivilized_own': применён на rva 12EA67
[33088] Patch 'build_factory_checklist_uncivilized_other': применён на rva 12F0D4
[33088] Patch 'build_factory_ignore_uncivilized_can_build': применён на rva 12CA3E
[33088] OccupiedReinforceSplit: occupied=100.0%, пещера 01DB0000
[33088] AllyOwnerCheck: owned-by-ally=150%, occupied-by-ally=100.0%, пещера 01DC0000, ok=1
[33088] AllyEmbark: установлен (владелец rva 1D77A0, клик rva 1CD058, вместимость rva 1D5E97)
[33088] SaveEmbark: установлен (rva 721F00)
[33088] LoadEmbark: установлен (rva 721F40)
[33088] LoadRepair: установлен (rva 1D7CC4)
[33088] FleetPassengerTooltip: установлен (vtable rva A16BD0 слот 12) = 1
[33088] FleetCapture: установлен (rva 38F559)
[33088] CivilizeNullCheck: установлен на rva 14248B, пещера 01DD0000
[33088] SupplySourceNullCheck: установлен на rva 0D15EB, пещера 01DE0000
[33088] TechCompareNullCheck: установлен на rva 3A918A, пещера 01DF0000
[33088] TechFolderIconNullCheck: установлен на rva 3ADE98, пещера 01E00000
[33088] ProdListVisibilityHook: установлен
[33088] HideRawGoodsFilter: установлен rva 2F1C30
[33088] GoodsFilterPos2(наблюдение): установлен rva 2F1EC0
[33088] FilterShowAll(вкладка 0): call предиката подменён rva 2F41F7
[33088] FilterShowAll(вкладка 1): call предиката подменён rva 2F7471
[33088] PlayerNext: call в конструкторе topbar подменён rva 30D090
[33088] PlayerNext: vftable[0] topbar подменён rva A113D0
[33088] PlayerVolume: vftable[1] topbar (деструктор) подменён
[33088] PlayerVolume: call покадровой функции подменён rva 285727
[33088] SettingsApply: хук установлен rva 35BB50
[33088] SettingsApply: call применения настроек подменён rva 35C67E
[33088] MusicFairRandom: установлен rva 05534D
[33088] LoadProductionTypeLimits: читаю 'I:\Vic2_Dev\V2BDSM\mod\2\common\production_types.txt' (21442 байт)
[33088] ParseProductionTypes: разобрано 64 типов производства (шаблонов пропущено: 61)
[33088] ProdTypeGateHook: установлен
[33088] LoadProvinceGoods: ванильная history\provinces не найдена (I:\Vic2_Dev\V2BDSM\history\provinces)
[33088] LoadProvinceGoods: готово, 2708 провинций с trade_goods
[33088] HideNoSupplyFactoriesHook: установлен
[33088] PriceDelta: 25 сотых процента, множитель 163
[33088] VersionLabel: 'V2 v3.04 + V2DLL v4.98' (len=22), пещера 02130000
[33088] Minting: 'monetary_system_level' - переменная страны (0, если не задана)
[33088] Minting: формула ' industry_score + industry_score * monetary_system_level * 0.5' из 'mod/2\common\minting.txt' (7 узлов); пример без переменных страны: industry_score=1000, total_population=4000000 -> 1000.00
[33088] CountryDaily: call подменён rva 109F74
[33088] Minting income(факт): установлен rva 12B510
[33088] Minting income(расчёт): установлен rva 12B769
[33088] Minting подсказка(запомнить): установлен rva 12A135
[33088] Minting подсказка(строка): установлен rva 12B0A3
[33088] Окно бюджета: подсказка над textbox'ами: установлен rva 20A0B8
[33088] Minting: установлен (income факт=1 расчёт=1, подсказка=1, minting_inc=1, подсказка minting_inc=1)
[33088] GoodsConsumption: чтение goods_consumption установлено (слот 4 двух vftable CBuilding)
[33088] GoodsConsumption расходы(факт): установлен rva 12B5E1
[33088] GoodsConsumption расходы(расчёт): установлен rva 12B354
[33088] GoodsConsumption график панели: установлен rva 30E859
[33088] GoodsConsumption текст панели: установлен rva 30F3A4
[33088] GoodsConsumption карточка товара: установлен rva 079C07
[33088] GoodsConsumption: установлен (дневной хук=1 расходы факт=1 расчёт=1 график=1 текст=1, строка бюджета=1, подсказка=1, карточка товара=1, спрос рынка=1)
[33088] CombatRoll: диапазон 0..4 (модуль=5)
[33088] OosWatch: FUN_00682EC0 rva 282EC0 chk= + Logs\v2dll_oos.log
[33088] IdleSkipNested: PATCH_SKIP_NESTED_IDLE=0 FIX_ARMY_WINDOW_LAG=1 PATCH_SKIP_CHK_WIN=0 PATCH_CAM_STILL=0
[33088] Install: done
[33088] DllMain: attach, Install = 1
[33088] D3D9: Present перехвачен, FPU_PRESERVE=1 noVsync=0 interval=80000000
[33088] D3D9: Present перехвачен, FPU_PRESERVE=1 noVsync=0 interval=00000001
[33088] GoodsConsumption: здание 'naval_base': 4 товаров в goods_consumption
[33088] GoodsConsumption:   cement = 0.750
[33088] GoodsConsumption:   steel = 1.000
[33088] GoodsConsumption:   glass = 1.000
[33088] GoodsConsumption:   timber = 2.000
[33088] Setup[CTechnologyView]: 'FE_ACADEMIES_BDSM' подписана
[33088] Setup[CTechnologyView]: 'FE_RPROJECTS_BDSM' подписана
[33088] Player: кнопка 'button_fe_player_next' подписана (button=86867858)
[33088] Player: кнопка 'button_fe_player_pause' подписана (button=86864E28)
[33088] Player: topbar=2EE6A6B8 подписано кнопок: 2
[33088] PlayerVolume: ползунок 'fe_player_volume_slider' подписан (slider=36DFC220, громкость 0.0)
[33088] Setup[CBudgetView]: 'FE_BUDGET_DIPLO_BDSM' подписана
[33088] SetupHideColonialButton: подписана
[33544] CrashWatch: Logs\v2dll_crash.log + v2dll_crash_hint.txt (memory dump выключен: ENABLE_CRASH_DUMP=0)
[33544] LoadSettingsFrom: читаю 'v2dll_settings.ini'
[33544] ---- Install ---- версия 4.98 pid=33544 tid=1668
[33544] base = 00710000
[33544] logs = Logs\ (v2dll.log, v2dll_oos.log, v2dll_crash.log)
[33544] localModConfig=0 fixSfxMixerLag=1 patchFixArmyWindowLag=1 enableCrashDump=0
[33544] CivilizeNullCheck: включён принудительно
[33544] ChkWinSkip: принудительно выкл (2859C0 = дневной тик, не GUI)
[33544] CamStill: принудительно выкл (3.59: idle-шторм, FPS хуже)
[33544] Timer: timeBeginPeriod(1) = 0
[33544] Timer: NtSetTimerResolution(1ms) status=00000000 cur=9989
[33544] Select: ws2_32.select перехвачен (микшер 68B47D >2мс -> 1мс, timeval копия)
[33544] CPU: priority ABOVE_NORMAL
[33544] CPU: power throttling off
[33544] Heap: LFH включён на 2 из 2 куч (LAA exe=1)
[33544] FPU: CreateThread exe перехвачен
[33544] FPU: GetTickCount - отложенный патч TBB/D3D
[33544] FPU: пин на главном цикле rva 5DF550
[33544] MainLoopSleep0: Sleep(100) -> Sleep(1) rva 5DF2D5
[33544] MainLoopSleep0: Sleep(100) -> Sleep(1) rva 5DF684
[33544] D3D9: Direct3DCreate9 перехвачен
[33544] TBB: _beginthreadex перехвачен
[33544] TBB: кап снят (ENGINE_WORKER_THREADS=0), initialize не трогаем
[33544] Engine: FPU=1 D3D=1 LFH=1 threadPin=1 tbbCap=0 sleep0=1 noVsync=0 prio=1
[33544] PopQuantize: FUN_00485E40, keep_bits=12
[33544] MpClientSleep: pump Sleep(40) -> Sleep(1) rva 71DD2C
[33544] WFSO: WaitForSingleObject exe перехвачен (16-50мс -> 1, INFINITE не трогаем)
[33544] patch CTechnologyView: слот 11 = 1
[33544] patch CBudgetView: слот 10 = 1
[33544] patch CProductionView: слот 10 = 1
[33544] patch CPoliticsView: слот 10 = 1
[33544] patch CDecision: слот 6 = 1
[33544] Patch 'always_add_wargoals': применён на rva 138AFF
[33544] Patch 'land_reinforce': применён на rva 1C8C9B
[33544] Patch 'naval_reinforce': применён на rva 1C8B1C
[33544] Patch 'max_relative_price': применён на rva A45C28
[33544] Patch 'consciousness_plurality_growth': применён на rva 10C5DE
[33544] Patch 'allied_reinforce_150': применён на rva 1D74BE
[33544] Patch 'combat_loss_popup_all': применён на rva 19CC5D
[33544] Patch 'build_factory_ignore_colonial_1': применён на rva 0D0C57
[33544] Patch 'build_factory_ignore_colonial_2': применён на rva 12FA4E
[33544] Patch 'build_factory_button_enable_ignore_colonial': применён на rva 12E977
[33544] Patch 'local_supply_factory_ignore_colonial': применён на rva 0D0E9D
[33544] Patch 'build_factory_ignore_uncivilized_button': применён на rva 12E96E
[33544] Patch 'build_factory_checklist_uncivilized_own': применён на rva 12EA67
[33544] Patch 'build_factory_checklist_uncivilized_other': применён на rva 12F0D4
[33544] Patch 'build_factory_ignore_uncivilized_can_build': применён на rva 12CA3E
[33544] OccupiedReinforceSplit: occupied=100.0%, пещера 021F0000
[33544] AllyOwnerCheck: owned-by-ally=150%, occupied-by-ally=100.0%, пещера 02200000, ok=1
[33544] AllyEmbark: установлен (владелец rva 1D77A0, клик rva 1CD058, вместимость rva 1D5E97)
[33544] SaveEmbark: установлен (rva 721F00)
[33544] LoadEmbark: установлен (rva 721F40)
[33544] LoadRepair: установлен (rva 1D7CC4)
[33544] FleetPassengerTooltip: установлен (vtable rva A16BD0 слот 12) = 1
[33544] FleetCapture: установлен (rva 38F559)
[33544] CivilizeNullCheck: установлен на rva 14248B, пещера 039C0000
[33544] SupplySourceNullCheck: установлен на rva 0D15EB, пещера 039D0000
[33544] TechCompareNullCheck: установлен на rva 3A918A, пещера 039E0000
[33544] TechFolderIconNullCheck: установлен на rva 3ADE98, пещера 039F0000
[33544] ProdListVisibilityHook: установлен
[33544] HideRawGoodsFilter: установлен rva 2F1C30
[33544] GoodsFilterPos2(наблюдение): установлен rva 2F1EC0
[33544] FilterShowAll(вкладка 0): call предиката подменён rva 2F41F7
[33544] FilterShowAll(вкладка 1): call предиката подменён rva 2F7471
[33544] PlayerNext: call в конструкторе topbar подменён rva 30D090
[33544] PlayerNext: vftable[0] topbar подменён rva A113D0
[33544] PlayerVolume: vftable[1] topbar (деструктор) подменён
[33544] PlayerVolume: call покадровой функции подменён rva 285727
[33544] SettingsApply: хук установлен rva 35BB50
[33544] SettingsApply: call применения настроек подменён rva 35C67E
[33544] MusicFairRandom: установлен rva 05534D
[33544] LoadProductionTypeLimits: читаю 'I:\Vic2_Dev\V2BDSM\mod\2\common\production_types.txt' (22061 байт)
[33544] ParseProductionTypes: разобрано 65 типов производства (шаблонов пропущено: 62)
[33544] ProdTypeGateHook: установлен
[33544] LoadProvinceGoods: ванильная history\provinces не найдена (I:\Vic2_Dev\V2BDSM\history\provinces)
[33544] LoadProvinceGoods: готово, 2708 провинций с trade_goods
[33544] HideNoSupplyFactoriesHook: установлен
[33544] PriceDelta: 25 сотых процента, множитель 163
[33544] VersionLabel: 'V2 v3.04 + V2DLL v4.98' (len=22), пещера 03A20000
[33544] Minting: 'monetary_system_level' - переменная страны (0, если не задана)
[33544] Minting: формула ' industry_score + industry_score * monetary_system_level * 0.5' из 'mod/2\common\minting.txt' (7 узлов); пример без переменных страны: industry_score=1000, total_population=4000000 -> 1000.00
[33544] CountryDaily: call подменён rva 109F74
[33544] Minting income(факт): установлен rva 12B510
[33544] Minting income(расчёт): установлен rva 12B769
[33544] Minting подсказка(запомнить): установлен rva 12A135
[33544] Minting подсказка(строка): установлен rva 12B0A3
[33544] Окно бюджета: подсказка над textbox'ами: установлен rva 20A0B8
[33544] Minting: установлен (income факт=1 расчёт=1, подсказка=1, minting_inc=1, подсказка minting_inc=1)
[33544] GoodsConsumption: чтение goods_consumption установлено (слот 4 двух vftable CBuilding)
[33544] GoodsConsumption расходы(факт): установлен rva 12B5E1
[33544] GoodsConsumption расходы(расчёт): установлен rva 12B354
[33544] GoodsConsumption график панели: установлен rva 30E859
[33544] GoodsConsumption текст панели: установлен rva 30F3A4
[33544] GoodsConsumption карточка товара: установлен rva 079C07
[33544] GoodsConsumption: установлен (дневной хук=1 расходы факт=1 расчёт=1 график=1 текст=1, строка бюджета=1, подсказка=1, карточка товара=1, спрос рынка=1)
[33544] CombatRoll: диапазон 0..4 (модуль=5)
[33544] OosWatch: FUN_00682EC0 rva 282EC0 chk= + Logs\v2dll_oos.log
[33544] IdleSkipNested: PATCH_SKIP_NESTED_IDLE=0 FIX_ARMY_WINDOW_LAG=1 PATCH_SKIP_CHK_WIN=0 PATCH_CAM_STILL=0
[33544] Install: done
[33544] DllMain: attach, Install = 1
[33544] D3D9: Present перехвачен, FPU_PRESERVE=1 noVsync=0 interval=80000000
[33544] D3D9: Present перехвачен, FPU_PRESERVE=1 noVsync=0 interval=00000001
[33544] GoodsConsumption: здание 'naval_base': 4 товаров в goods_consumption
[33544] GoodsConsumption:   cement = 0.750
[33544] GoodsConsumption:   steel = 1.000
[33544] GoodsConsumption:   glass = 1.000
[33544] GoodsConsumption:   timber = 2.000
[33544] Setup[CTechnologyView]: 'FE_ACADEMIES_BDSM' подписана
[33544] Setup[CTechnologyView]: 'FE_RPROJECTS_BDSM' подписана
[33544] Player: кнопка 'button_fe_player_next' подписана (button=87865338)
[33544] Player: кнопка 'button_fe_player_pause' подписана (button=87865770)
[33544] Player: topbar=2D37EF78 подписано кнопок: 2
[33544] PlayerVolume: ползунок 'fe_player_volume_slider' подписан (slider=3719BB68, громкость 0.0)
[33544] SetupHideColonialButton: подписана
[34428] CrashWatch: Logs\v2dll_crash.log + v2dll_crash_hint.txt (memory dump выключен: ENABLE_CRASH_DUMP=0)
[34428] LoadSettingsFrom: читаю 'v2dll_settings.ini'
[34428] ---- Install ---- версия 4.98 pid=34428 tid=33528
[34428] base = 00710000
[34428] logs = Logs\ (v2dll.log, v2dll_oos.log, v2dll_crash.log)
[34428] localModConfig=0 fixSfxMixerLag=1 patchFixArmyWindowLag=1 enableCrashDump=0
[34428] CivilizeNullCheck: включён принудительно
[34428] ChkWinSkip: принудительно выкл (2859C0 = дневной тик, не GUI)
[34428] CamStill: принудительно выкл (3.59: idle-шторм, FPS хуже)
[34428] Timer: timeBeginPeriod(1) = 0
[34428] Timer: NtSetTimerResolution(1ms) status=00000000 cur=9989
[34428] Select: ws2_32.select перехвачен (микшер 68B47D >2мс -> 1мс, timeval копия)
[34428] CPU: priority ABOVE_NORMAL
[34428] CPU: power throttling off
[34428] Heap: LFH включён на 2 из 2 куч (LAA exe=1)
[34428] FPU: CreateThread exe перехвачен
[34428] FPU: GetTickCount - отложенный патч TBB/D3D
[34428] FPU: пин на главном цикле rva 5DF550
[34428] MainLoopSleep0: Sleep(100) -> Sleep(1) rva 5DF2D5
[34428] MainLoopSleep0: Sleep(100) -> Sleep(1) rva 5DF684
[34428] D3D9: Direct3DCreate9 перехвачен
[34428] TBB: _beginthreadex перехвачен
[34428] TBB: кап снят (ENGINE_WORKER_THREADS=0), initialize не трогаем
[34428] Engine: FPU=1 D3D=1 LFH=1 threadPin=1 tbbCap=0 sleep0=1 noVsync=0 prio=1
[34428] PopQuantize: FUN_00485E40, keep_bits=12
[34428] MpClientSleep: pump Sleep(40) -> Sleep(1) rva 71DD2C
[34428] WFSO: WaitForSingleObject exe перехвачен (16-50мс -> 1, INFINITE не трогаем)
[34428] patch CTechnologyView: слот 11 = 1
[34428] patch CBudgetView: слот 10 = 1
[34428] patch CProductionView: слот 10 = 1
[34428] patch CPoliticsView: слот 10 = 1
[34428] patch CDecision: слот 6 = 1
[34428] Patch 'always_add_wargoals': применён на rva 138AFF
[34428] Patch 'land_reinforce': применён на rva 1C8C9B
[34428] Patch 'naval_reinforce': применён на rva 1C8B1C
[34428] Patch 'max_relative_price': применён на rva A45C28
[34428] Patch 'consciousness_plurality_growth': применён на rva 10C5DE
[34428] Patch 'allied_reinforce_150': применён на rva 1D74BE
[34428] Patch 'combat_loss_popup_all': применён на rva 19CC5D
[34428] Patch 'build_factory_ignore_colonial_1': применён на rva 0D0C57
[34428] Patch 'build_factory_ignore_colonial_2': применён на rva 12FA4E
[34428] Patch 'build_factory_button_enable_ignore_colonial': применён на rva 12E977
[34428] Patch 'local_supply_factory_ignore_colonial': применён на rva 0D0E9D
[34428] Patch 'build_factory_ignore_uncivilized_button': применён на rva 12E96E
[34428] Patch 'build_factory_checklist_uncivilized_own': применён на rva 12EA67
[34428] Patch 'build_factory_checklist_uncivilized_other': применён на rva 12F0D4
[34428] Patch 'build_factory_ignore_uncivilized_can_build': применён на rva 12CA3E
[34428] OccupiedReinforceSplit: occupied=100.0%, пещера 021F0000
[34428] AllyOwnerCheck: owned-by-ally=150%, occupied-by-ally=100.0%, пещера 02200000, ok=1
[34428] AllyEmbark: установлен (владелец rva 1D77A0, клик rva 1CD058, вместимость rva 1D5E97)
[34428] SaveEmbark: установлен (rva 721F00)
[34428] LoadEmbark: установлен (rva 721F40)
[34428] LoadRepair: установлен (rva 1D7CC4)
[34428] FleetPassengerTooltip: установлен (vtable rva A16BD0 слот 12) = 1
[34428] FleetCapture: установлен (rva 38F559)
[34428] CivilizeNullCheck: установлен на rva 14248B, пещера 039C0000
[34428] SupplySourceNullCheck: установлен на rva 0D15EB, пещера 039D0000
[34428] TechCompareNullCheck: установлен на rva 3A918A, пещера 039E0000
[34428] TechFolderIconNullCheck: установлен на rva 3ADE98, пещера 039F0000
[34428] ProdListVisibilityHook: установлен
[34428] HideRawGoodsFilter: установлен rva 2F1C30
[34428] GoodsFilterPos2(наблюдение): установлен rva 2F1EC0
[34428] FilterShowAll(вкладка 0): call предиката подменён rva 2F41F7
[34428] FilterShowAll(вкладка 1): call предиката подменён rva 2F7471
[34428] PlayerNext: call в конструкторе topbar подменён rva 30D090
[34428] PlayerNext: vftable[0] topbar подменён rva A113D0
[34428] PlayerVolume: vftable[1] topbar (деструктор) подменён
[34428] PlayerVolume: call покадровой функции подменён rva 285727
[34428] SettingsApply: хук установлен rva 35BB50
[34428] SettingsApply: call применения настроек подменён rva 35C67E
[34428] MusicFairRandom: установлен rva 05534D
[34428] LoadProductionTypeLimits: читаю 'I:\Vic2_Dev\V2BDSM\mod\2\common\production_types.txt' (22075 байт)
[34428] ParseProductionTypes: разобрано 65 типов производства (шаблонов пропущено: 62)
[34428] ProdTypeGateHook: установлен
[34428] LoadProvinceGoods: ванильная history\provinces не найдена (I:\Vic2_Dev\V2BDSM\history\provinces)
[34428] LoadProvinceGoods: готово, 2708 провинций с trade_goods
[34428] HideNoSupplyFactoriesHook: установлен
[34428] PriceDelta: 25 сотых процента, множитель 163
[34428] VersionLabel: 'V2 v3.04 + V2DLL v4.98' (len=22), пещера 03A20000
[34428] Minting: 'monetary_system_level' - переменная страны (0, если не задана)
[34428] Minting: формула ' industry_score + industry_score * monetary_system_level * 0.5' из 'mod/2\common\minting.txt' (7 узлов); пример без переменных страны: industry_score=1000, total_population=4000000 -> 1000.00
[34428] CountryDaily: call подменён rva 109F74
[34428] Minting income(факт): установлен rva 12B510
[34428] Minting income(расчёт): установлен rva 12B769
[34428] Minting подсказка(запомнить): установлен rva 12A135
[34428] Minting подсказка(строка): установлен rva 12B0A3
[34428] Окно бюджета: подсказка над textbox'ами: установлен rva 20A0B8
[34428] Minting: установлен (income факт=1 расчёт=1, подсказка=1, minting_inc=1, подсказка minting_inc=1)
[34428] GoodsConsumption: чтение goods_consumption установлено (слот 4 двух vftable CBuilding)
[34428] GoodsConsumption расходы(факт): установлен rva 12B5E1
[34428] GoodsConsumption расходы(расчёт): установлен rva 12B354
[34428] GoodsConsumption график панели: установлен rva 30E859
[34428] GoodsConsumption текст панели: установлен rva 30F3A4
[34428] GoodsConsumption карточка товара: установлен rva 079C07
[34428] GoodsConsumption: установлен (дневной хук=1 расходы факт=1 расчёт=1 график=1 текст=1, строка бюджета=1, подсказка=1, карточка товара=1, спрос рынка=1)
[34428] CombatRoll: диапазон 0..4 (модуль=5)
[34428] OosWatch: FUN_00682EC0 rva 282EC0 chk= + Logs\v2dll_oos.log
[34428] IdleSkipNested: PATCH_SKIP_NESTED_IDLE=0 FIX_ARMY_WINDOW_LAG=1 PATCH_SKIP_CHK_WIN=0 PATCH_CAM_STILL=0
[34428] Install: done
[34428] DllMain: attach, Install = 1
[34428] D3D9: Present перехвачен, FPU_PRESERVE=1 noVsync=0 interval=80000000
[34428] D3D9: Present перехвачен, FPU_PRESERVE=1 noVsync=0 interval=00000001
[34428] GoodsConsumption: здание 'naval_base': 1 товаров в goods_consumption
[34428] GoodsConsumption:   construction_goods = 4.000
[34420] CrashWatch: Logs\v2dll_crash.log + v2dll_crash_hint.txt (memory dump выключен: ENABLE_CRASH_DUMP=0)
[34420] LoadSettingsFrom: читаю 'v2dll_settings.ini'
[34420] ---- Install ---- версия 4.98 pid=34420 tid=20016
[34420] base = 00710000
[34420] logs = Logs\ (v2dll.log, v2dll_oos.log, v2dll_crash.log)
[34420] localModConfig=0 fixSfxMixerLag=1 patchFixArmyWindowLag=1 enableCrashDump=0
[34420] CivilizeNullCheck: включён принудительно
[34420] ChkWinSkip: принудительно выкл (2859C0 = дневной тик, не GUI)
[34420] CamStill: принудительно выкл (3.59: idle-шторм, FPS хуже)
[34420] Timer: timeBeginPeriod(1) = 0
[34420] Timer: NtSetTimerResolution(1ms) status=00000000 cur=9989
[34420] Select: ws2_32.select перехвачен (микшер 68B47D >2мс -> 1мс, timeval копия)
[34420] CPU: priority ABOVE_NORMAL
[34420] CPU: power throttling off
[34420] Heap: LFH включён на 2 из 2 куч (LAA exe=1)
[34420] FPU: CreateThread exe перехвачен
[34420] FPU: GetTickCount - отложенный патч TBB/D3D
[34420] FPU: пин на главном цикле rva 5DF550
[34420] MainLoopSleep0: Sleep(100) -> Sleep(1) rva 5DF2D5
[34420] MainLoopSleep0: Sleep(100) -> Sleep(1) rva 5DF684
[34420] D3D9: Direct3DCreate9 перехвачен
[34420] TBB: _beginthreadex перехвачен
[34420] TBB: кап снят (ENGINE_WORKER_THREADS=0), initialize не трогаем
[34420] Engine: FPU=1 D3D=1 LFH=1 threadPin=1 tbbCap=0 sleep0=1 noVsync=0 prio=1
[34420] PopQuantize: FUN_00485E40, keep_bits=12
[34420] MpClientSleep: pump Sleep(40) -> Sleep(1) rva 71DD2C
[34420] WFSO: WaitForSingleObject exe перехвачен (16-50мс -> 1, INFINITE не трогаем)
[34420] patch CTechnologyView: слот 11 = 1
[34420] patch CBudgetView: слот 10 = 1
[34420] patch CProductionView: слот 10 = 1
[34420] patch CPoliticsView: слот 10 = 1
[34420] patch CDecision: слот 6 = 1
[34420] Patch 'always_add_wargoals': применён на rva 138AFF
[34420] Patch 'land_reinforce': применён на rva 1C8C9B
[34420] Patch 'naval_reinforce': применён на rva 1C8B1C
[34420] Patch 'max_relative_price': применён на rva A45C28
[34420] Patch 'consciousness_plurality_growth': применён на rva 10C5DE
[34420] Patch 'allied_reinforce_150': применён на rva 1D74BE
[34420] Patch 'combat_loss_popup_all': применён на rva 19CC5D
[34420] Patch 'build_factory_ignore_colonial_1': применён на rva 0D0C57
[34420] Patch 'build_factory_ignore_colonial_2': применён на rva 12FA4E
[34420] Patch 'build_factory_button_enable_ignore_colonial': применён на rva 12E977
[34420] Patch 'local_supply_factory_ignore_colonial': применён на rva 0D0E9D
[34420] Patch 'build_factory_ignore_uncivilized_button': применён на rva 12E96E
[34420] Patch 'build_factory_checklist_uncivilized_own': применён на rva 12EA67
[34420] Patch 'build_factory_checklist_uncivilized_other': применён на rva 12F0D4
[34420] Patch 'build_factory_ignore_uncivilized_can_build': применён на rva 12CA3E
[34420] OccupiedReinforceSplit: occupied=100.0%, пещера 018E0000
[34420] AllyOwnerCheck: owned-by-ally=150%, occupied-by-ally=100.0%, пещера 018F0000, ok=1
[34420] AllyEmbark: установлен (владелец rva 1D77A0, клик rva 1CD058, вместимость rva 1D5E97)
[34420] SaveEmbark: установлен (rva 721F00)
[34420] LoadEmbark: установлен (rva 721F40)
[34420] LoadRepair: установлен (rva 1D7CC4)
[34420] FleetPassengerTooltip: установлен (vtable rva A16BD0 слот 12) = 1
[34420] FleetCapture: установлен (rva 38F559)
[34420] CivilizeNullCheck: установлен на rva 14248B, пещера 01900000
[34420] SupplySourceNullCheck: установлен на rva 0D15EB, пещера 01910000
[34420] TechCompareNullCheck: установлен на rva 3A918A, пещера 01930000
[34420] TechFolderIconNullCheck: установлен на rva 3ADE98, пещера 01940000
[34420] ProdListVisibilityHook: установлен
[34420] HideRawGoodsFilter: установлен rva 2F1C30
[34420] GoodsFilterPos2(наблюдение): установлен rva 2F1EC0
[34420] FilterShowAll(вкладка 0): call предиката подменён rva 2F41F7
[34420] FilterShowAll(вкладка 1): call предиката подменён rva 2F7471
[34420] PlayerNext: call в конструкторе topbar подменён rva 30D090
[34420] PlayerNext: vftable[0] topbar подменён rva A113D0
[34420] PlayerVolume: vftable[1] topbar (деструктор) подменён
[34420] PlayerVolume: call покадровой функции подменён rva 285727
[34420] SettingsApply: хук установлен rva 35BB50
[34420] SettingsApply: call применения настроек подменён rva 35C67E
[34420] MusicFairRandom: установлен rva 05534D
[34420] LoadProductionTypeLimits: читаю 'I:\Vic2_Dev\V2BDSM\mod\2\common\production_types.txt' (22075 байт)
[34420] ParseProductionTypes: разобрано 65 типов производства (шаблонов пропущено: 62)
[34420] ProdTypeGateHook: установлен
[34420] LoadProvinceGoods: ванильная history\provinces не найдена (I:\Vic2_Dev\V2BDSM\history\provinces)
[34420] LoadProvinceGoods: готово, 2708 провинций с trade_goods
[34420] HideNoSupplyFactoriesHook: установлен
[34420] PriceDelta: 25 сотых процента, множитель 163
[34420] VersionLabel: 'V2 v3.04 + V2DLL v4.98' (len=22), пещера 01970000
[34420] Minting: 'monetary_system_level' - переменная страны (0, если не задана)
[34420] Minting: формула ' industry_score + industry_score * monetary_system_level * 0.5' из 'mod/2\common\minting.txt' (7 узлов); пример без переменных страны: industry_score=1000, total_population=4000000 -> 1000.00
[34420] CountryDaily: call подменён rva 109F74
[34420] Minting income(факт): установлен rva 12B510
[34420] Minting income(расчёт): установлен rva 12B769
[34420] Minting подсказка(запомнить): установлен rva 12A135
[34420] Minting подсказка(строка): установлен rva 12B0A3
[34420] Окно бюджета: подсказка над textbox'ами: установлен rva 20A0B8
[34420] Minting: установлен (income факт=1 расчёт=1, подсказка=1, minting_inc=1, подсказка minting_inc=1)
[34420] GoodsConsumption: чтение goods_consumption установлено (слот 4 двух vftable CBuilding)
[34420] GoodsConsumption расходы(факт): установлен rva 12B5E1
[34420] GoodsConsumption расходы(расчёт): установлен rva 12B354
[34420] GoodsConsumption график панели: установлен rva 30E859
[34420] GoodsConsumption текст панели: установлен rva 30F3A4
[34420] GoodsConsumption карточка товара: установлен rva 079C07
[34420] GoodsConsumption: установлен (дневной хук=1 расходы факт=1 расчёт=1 график=1 текст=1, строка бюджета=1, подсказка=1, карточка товара=1, спрос рынка=1)
[34420] CombatRoll: диапазон 0..4 (модуль=5)
[34420] OosWatch: FUN_00682EC0 rva 282EC0 chk= + Logs\v2dll_oos.log
[34420] IdleSkipNested: PATCH_SKIP_NESTED_IDLE=0 FIX_ARMY_WINDOW_LAG=1 PATCH_SKIP_CHK_WIN=0 PATCH_CAM_STILL=0
[34420] Install: done
[34420] DllMain: attach, Install = 1
[34420] D3D9: Present перехвачен, FPU_PRESERVE=1 noVsync=0 interval=80000000
[34420] D3D9: Present перехвачен, FPU_PRESERVE=1 noVsync=0 interval=00000001
[34420] GoodsConsumption: здание 'naval_base': 1 товаров в goods_consumption
[34420] GoodsConsumption:   construction_goods = 4.000
[34420] Setup[CTechnologyView]: 'FE_ACADEMIES_BDSM' подписана
[34420] Setup[CTechnologyView]: 'FE_RPROJECTS_BDSM' подписана
[34420] Player: кнопка 'button_fe_player_next' подписана (button=857CBA10)
[34420] Player: кнопка 'button_fe_player_pause' подписана (button=857C84A0)
[34420] Player: topbar=2E914710 подписано кнопок: 2
[34420] PlayerVolume: ползунок 'fe_player_volume_slider' подписан (slider=36B2A2C0, громкость 0.0)
[34420] SetupHideColonialButton: подписана
[34652] CrashWatch: Logs\v2dll_crash.log + v2dll_crash_hint.txt (memory dump выключен: ENABLE_CRASH_DUMP=0)
[34652] LoadSettingsFrom: читаю 'v2dll_settings.ini'
[34652] ---- Install ---- версия 4.98 pid=34652 tid=29492
[34652] base = 00710000
[34652] logs = Logs\ (v2dll.log, v2dll_oos.log, v2dll_crash.log)
[34652] localModConfig=0 fixSfxMixerLag=1 patchFixArmyWindowLag=1 enableCrashDump=0
[34652] CivilizeNullCheck: включён принудительно
[34652] ChkWinSkip: принудительно выкл (2859C0 = дневной тик, не GUI)
[34652] CamStill: принудительно выкл (3.59: idle-шторм, FPS хуже)
[34652] Timer: timeBeginPeriod(1) = 0
[34652] Timer: NtSetTimerResolution(1ms) status=00000000 cur=9989
[34652] Select: ws2_32.select перехвачен (микшер 68B47D >2мс -> 1мс, timeval копия)
[34652] CPU: priority ABOVE_NORMAL
[34652] CPU: power throttling off
[34652] Heap: LFH включён на 2 из 2 куч (LAA exe=1)
[34652] FPU: CreateThread exe перехвачен
[34652] FPU: GetTickCount - отложенный патч TBB/D3D
[34652] FPU: пин на главном цикле rva 5DF550
[34652] MainLoopSleep0: Sleep(100) -> Sleep(1) rva 5DF2D5
[34652] MainLoopSleep0: Sleep(100) -> Sleep(1) rva 5DF684
[34652] D3D9: Direct3DCreate9 перехвачен
[34652] TBB: _beginthreadex перехвачен
[34652] TBB: кап снят (ENGINE_WORKER_THREADS=0), initialize не трогаем
[34652] Engine: FPU=1 D3D=1 LFH=1 threadPin=1 tbbCap=0 sleep0=1 noVsync=0 prio=1
[34652] PopQuantize: FUN_00485E40, keep_bits=12
[34652] MpClientSleep: pump Sleep(40) -> Sleep(1) rva 71DD2C
[34652] WFSO: WaitForSingleObject exe перехвачен (16-50мс -> 1, INFINITE не трогаем)
[34652] patch CTechnologyView: слот 11 = 1
[34652] patch CBudgetView: слот 10 = 1
[34652] patch CProductionView: слот 10 = 1
[34652] patch CPoliticsView: слот 10 = 1
[34652] patch CDecision: слот 6 = 1
[34652] Patch 'always_add_wargoals': применён на rva 138AFF
[34652] Patch 'land_reinforce': применён на rva 1C8C9B
[34652] Patch 'naval_reinforce': применён на rva 1C8B1C
[34652] Patch 'max_relative_price': применён на rva A45C28
[34652] Patch 'consciousness_plurality_growth': применён на rva 10C5DE
[34652] Patch 'allied_reinforce_150': применён на rva 1D74BE
[34652] Patch 'combat_loss_popup_all': применён на rva 19CC5D
[34652] Patch 'build_factory_ignore_colonial_1': применён на rva 0D0C57
[34652] Patch 'build_factory_ignore_colonial_2': применён на rva 12FA4E
[34652] Patch 'build_factory_button_enable_ignore_colonial': применён на rva 12E977
[34652] Patch 'local_supply_factory_ignore_colonial': применён на rva 0D0E9D
[34652] Patch 'build_factory_ignore_uncivilized_button': применён на rva 12E96E
[34652] Patch 'build_factory_checklist_uncivilized_own': применён на rva 12EA67
[34652] Patch 'build_factory_checklist_uncivilized_other': применён на rva 12F0D4
[34652] Patch 'build_factory_ignore_uncivilized_can_build': применён на rva 12CA3E
[34652] OccupiedReinforceSplit: occupied=100.0%, пещера 021F0000
[34652] AllyOwnerCheck: owned-by-ally=150%, occupied-by-ally=100.0%, пещера 02200000, ok=1
[34652] AllyEmbark: установлен (владелец rva 1D77A0, клик rva 1CD058, вместимость rva 1D5E97)
[34652] SaveEmbark: установлен (rva 721F00)
[34652] LoadEmbark: установлен (rva 721F40)
[34652] LoadRepair: установлен (rva 1D7CC4)
[34652] FleetPassengerTooltip: установлен (vtable rva A16BD0 слот 12) = 1
[34652] FleetCapture: установлен (rva 38F559)
[34652] CivilizeNullCheck: установлен на rva 14248B, пещера 02210000
[34652] SupplySourceNullCheck: установлен на rva 0D15EB, пещера 02220000
[34652] TechCompareNullCheck: установлен на rva 3A918A, пещера 02230000
[34652] TechFolderIconNullCheck: установлен на rva 3ADE98, пещера 02240000
[34652] ProdListVisibilityHook: установлен
[34652] HideRawGoodsFilter: установлен rva 2F1C30
[34652] GoodsFilterPos2(наблюдение): установлен rva 2F1EC0
[34652] FilterShowAll(вкладка 0): call предиката подменён rva 2F41F7
[34652] FilterShowAll(вкладка 1): call предиката подменён rva 2F7471
[34652] PlayerNext: call в конструкторе topbar подменён rva 30D090
[34652] PlayerNext: vftable[0] topbar подменён rva A113D0
[34652] PlayerVolume: vftable[1] topbar (деструктор) подменён
[34652] PlayerVolume: call покадровой функции подменён rva 285727
[34652] SettingsApply: хук установлен rva 35BB50
[34652] SettingsApply: call применения настроек подменён rva 35C67E
[34652] MusicFairRandom: установлен rva 05534D
[34652] LoadProductionTypeLimits: читаю 'I:\Vic2_Dev\V2BDSM\mod\2\common\production_types.txt' (22075 байт)
[34652] ParseProductionTypes: разобрано 65 типов производства (шаблонов пропущено: 62)
[34652] ProdTypeGateHook: установлен
[34652] LoadProvinceGoods: ванильная history\provinces не найдена (I:\Vic2_Dev\V2BDSM\history\provinces)
[34652] LoadProvinceGoods: готово, 2708 провинций с trade_goods
[34652] HideNoSupplyFactoriesHook: установлен
[34652] PriceDelta: 25 сотых процента, множитель 163
[34652] VersionLabel: 'V2 v3.04 + V2DLL v4.98' (len=22), пещера 02270000
[34652] Minting: 'monetary_system_level' - переменная страны (0, если не задана)
[34652] Minting: формула ' industry_score + industry_score * monetary_system_level * 0.5' из 'mod/2\common\minting.txt' (7 узлов); пример без переменных страны: industry_score=1000, total_population=4000000 -> 1000.00
[34652] CountryDaily: call подменён rva 109F74
[34652] Minting income(факт): установлен rva 12B510
[34652] Minting income(расчёт): установлен rva 12B769
[34652] Minting подсказка(запомнить): установлен rva 12A135
[34652] Minting подсказка(строка): установлен rva 12B0A3
[34652] Окно бюджета: подсказка над textbox'ами: установлен rva 20A0B8
[34652] Minting: установлен (income факт=1 расчёт=1, подсказка=1, minting_inc=1, подсказка minting_inc=1)
[34652] GoodsConsumption: чтение goods_consumption установлено (слот 4 двух vftable CBuilding)
[34652] GoodsConsumption расходы(факт): установлен rva 12B5E1
[34652] GoodsConsumption расходы(расчёт): установлен rva 12B354
[34652] GoodsConsumption график панели: установлен rva 30E859
[34652] GoodsConsumption текст панели: установлен rva 30F3A4
[34652] GoodsConsumption карточка товара: установлен rva 079C07
[34652] GoodsConsumption: установлен (дневной хук=1 расходы факт=1 расчёт=1 график=1 текст=1, строка бюджета=1, подсказка=1, карточка товара=1, спрос рынка=1)
[34652] CombatRoll: диапазон 0..4 (модуль=5)
[34652] OosWatch: FUN_00682EC0 rva 282EC0 chk= + Logs\v2dll_oos.log
[34652] IdleSkipNested: PATCH_SKIP_NESTED_IDLE=0 FIX_ARMY_WINDOW_LAG=1 PATCH_SKIP_CHK_WIN=0 PATCH_CAM_STILL=0
[34652] Install: done
[34652] DllMain: attach, Install = 1
[34652] D3D9: Present перехвачен, FPU_PRESERVE=1 noVsync=0 interval=80000000
[34652] D3D9: Present перехвачен, FPU_PRESERVE=1 noVsync=0 interval=00000001
[34652] GoodsConsumption: здание 'naval_base': 1 товаров в goods_consumption
[34652] GoodsConsumption:   construction_goods = 4.000
[34652] Setup[CTechnologyView]: 'FE_ACADEMIES_BDSM' подписана
[34652] Setup[CTechnologyView]: 'FE_RPROJECTS_BDSM' подписана
[34652] Player: кнопка 'button_fe_player_next' подписана (button=87818580)
[34652] Player: кнопка 'button_fe_player_pause' подписана (button=87816690)
[34652] Player: topbar=2EF0F190 подписано кнопок: 2
[34652] PlayerVolume: ползунок 'fe_player_volume_slider' подписан (slider=36F704E0, громкость 0.0)
[34652] SetupHideColonialButton: подписана
[34652] Setup[CBudgetView]: 'FE_BUDGET_DIPLO_BDSM' подписана
[11084] CrashWatch: Logs\v2dll_crash.log + v2dll_crash_hint.txt (memory dump выключен: ENABLE_CRASH_DUMP=0)
[11084] LoadSettingsFrom: читаю 'v2dll_settings.ini'
[11084] ---- Install ---- версия 4.98 pid=11084 tid=21676
[11084] base = 00710000
[11084] logs = Logs\ (v2dll.log, v2dll_oos.log, v2dll_crash.log)
[11084] localModConfig=0 fixSfxMixerLag=1 patchFixArmyWindowLag=1 enableCrashDump=0
[11084] CivilizeNullCheck: включён принудительно
[11084] ChkWinSkip: принудительно выкл (2859C0 = дневной тик, не GUI)
[11084] CamStill: принудительно выкл (3.59: idle-шторм, FPS хуже)
[11084] Timer: timeBeginPeriod(1) = 0
[11084] Timer: NtSetTimerResolution(1ms) status=00000000 cur=9989
[11084] Select: ws2_32.select перехвачен (микшер 68B47D >2мс -> 1мс, timeval копия)
[11084] CPU: priority ABOVE_NORMAL
[11084] CPU: power throttling off
[11084] Heap: LFH включён на 2 из 2 куч (LAA exe=1)
[11084] FPU: CreateThread exe перехвачен
[11084] FPU: GetTickCount - отложенный патч TBB/D3D
[11084] FPU: пин на главном цикле rva 5DF550
[11084] MainLoopSleep0: Sleep(100) -> Sleep(1) rva 5DF2D5
[11084] MainLoopSleep0: Sleep(100) -> Sleep(1) rva 5DF684
[11084] D3D9: Direct3DCreate9 перехвачен
[11084] TBB: _beginthreadex перехвачен
[11084] TBB: кап снят (ENGINE_WORKER_THREADS=0), initialize не трогаем
[11084] Engine: FPU=1 D3D=1 LFH=1 threadPin=1 tbbCap=0 sleep0=1 noVsync=0 prio=1
[11084] PopQuantize: FUN_00485E40, keep_bits=12
[11084] MpClientSleep: pump Sleep(40) -> Sleep(1) rva 71DD2C
[11084] WFSO: WaitForSingleObject exe перехвачен (16-50мс -> 1, INFINITE не трогаем)
[11084] patch CTechnologyView: слот 11 = 1
[11084] patch CBudgetView: слот 10 = 1
[11084] patch CProductionView: слот 10 = 1
[11084] patch CPoliticsView: слот 10 = 1
[11084] patch CDecision: слот 6 = 1
[11084] Patch 'always_add_wargoals': применён на rva 138AFF
[11084] Patch 'land_reinforce': применён на rva 1C8C9B
[11084] Patch 'naval_reinforce': применён на rva 1C8B1C
[11084] Patch 'max_relative_price': применён на rva A45C28
[11084] Patch 'consciousness_plurality_growth': применён на rva 10C5DE
[11084] Patch 'allied_reinforce_150': применён на rva 1D74BE
[11084] Patch 'combat_loss_popup_all': применён на rva 19CC5D
[11084] Patch 'build_factory_ignore_colonial_1': применён на rva 0D0C57
[11084] Patch 'build_factory_ignore_colonial_2': применён на rva 12FA4E
[11084] Patch 'build_factory_button_enable_ignore_colonial': применён на rva 12E977
[11084] Patch 'local_supply_factory_ignore_colonial': применён на rva 0D0E9D
[11084] Patch 'build_factory_ignore_uncivilized_button': применён на rva 12E96E
[11084] Patch 'build_factory_checklist_uncivilized_own': применён на rva 12EA67
[11084] Patch 'build_factory_checklist_uncivilized_other': применён на rva 12F0D4
[11084] Patch 'build_factory_ignore_uncivilized_can_build': применён на rva 12CA3E
[11084] OccupiedReinforceSplit: occupied=100.0%, пещера 01C00000
[11084] AllyOwnerCheck: owned-by-ally=150%, occupied-by-ally=100.0%, пещера 01C10000, ok=1
[11084] AllyEmbark: установлен (владелец rva 1D77A0, клик rva 1CD058, вместимость rva 1D5E97)
[11084] SaveEmbark: установлен (rva 721F00)
[11084] LoadEmbark: установлен (rva 721F40)
[11084] LoadRepair: установлен (rva 1D7CC4)
[11084] FleetPassengerTooltip: установлен (vtable rva A16BD0 слот 12) = 1
[11084] FleetCapture: установлен (rva 38F559)
[11084] CivilizeNullCheck: установлен на rva 14248B, пещера 01C20000
[11084] SupplySourceNullCheck: установлен на rva 0D15EB, пещера 01C30000
[11084] TechCompareNullCheck: установлен на rva 3A918A, пещера 01C40000
[11084] TechFolderIconNullCheck: установлен на rva 3ADE98, пещера 01C50000
[11084] ProdListVisibilityHook: установлен
[11084] HideRawGoodsFilter: установлен rva 2F1C30
[11084] GoodsFilterPos2(наблюдение): установлен rva 2F1EC0
[11084] FilterShowAll(вкладка 0): call предиката подменён rva 2F41F7
[11084] FilterShowAll(вкладка 1): call предиката подменён rva 2F7471
[11084] PlayerNext: call в конструкторе topbar подменён rva 30D090
[11084] PlayerNext: vftable[0] topbar подменён rva A113D0
[11084] PlayerVolume: vftable[1] topbar (деструктор) подменён
[11084] PlayerVolume: call покадровой функции подменён rva 285727
[11084] SettingsApply: хук установлен rva 35BB50
[11084] SettingsApply: call применения настроек подменён rva 35C67E
[11084] MusicFairRandom: установлен rva 05534D
[11084] LoadProductionTypeLimits: читаю 'I:\Vic2_Dev\V2BDSM\mod\2\common\production_types.txt' (22075 байт)
[11084] ParseProductionTypes: разобрано 65 типов производства (шаблонов пропущено: 62)
[11084] ProdTypeGateHook: установлен
[11084] LoadProvinceGoods: ванильная history\provinces не найдена (I:\Vic2_Dev\V2BDSM\history\provinces)
[11084] LoadProvinceGoods: готово, 2708 провинций с trade_goods
[11084] HideNoSupplyFactoriesHook: установлен
[11084] PriceDelta: 25 сотых процента, множитель 163
[11084] VersionLabel: 'V2 v3.04 + V2DLL v4.98' (len=22), пещера 01C80000
[11084] Minting: 'monetary_system_level' - переменная страны (0, если не задана)
[11084] Minting: формула ' industry_score + industry_score * monetary_system_level * 0.5' из 'mod/2\common\minting.txt' (7 узлов); пример без переменных страны: industry_score=1000, total_population=4000000 -> 1000.00
[11084] CountryDaily: call подменён rva 109F74
[11084] Minting income(факт): установлен rva 12B510
[11084] Minting income(расчёт): установлен rva 12B769
[11084] Minting подсказка(запомнить): установлен rva 12A135
[11084] Minting подсказка(строка): установлен rva 12B0A3
[11084] Окно бюджета: подсказка над textbox'ами: установлен rva 20A0B8
[11084] Minting: установлен (income факт=1 расчёт=1, подсказка=1, minting_inc=1, подсказка minting_inc=1)
[11084] GoodsConsumption: чтение goods_consumption установлено (слот 4 двух vftable CBuilding)
[11084] GoodsConsumption расходы(факт): установлен rva 12B5E1
[11084] GoodsConsumption расходы(расчёт): установлен rva 12B354
[11084] GoodsConsumption график панели: установлен rva 30E859
[11084] GoodsConsumption текст панели: установлен rva 30F3A4
[11084] GoodsConsumption карточка товара: установлен rva 079C07
[11084] GoodsConsumption: установлен (дневной хук=1 расходы факт=1 расчёт=1 график=1 текст=1, строка бюджета=1, подсказка=1, карточка товара=1, спрос рынка=1)
[11084] CombatRoll: диапазон 0..4 (модуль=5)
[11084] OosWatch: FUN_00682EC0 rva 282EC0 chk= + Logs\v2dll_oos.log
[11084] IdleSkipNested: PATCH_SKIP_NESTED_IDLE=0 FIX_ARMY_WINDOW_LAG=1 PATCH_SKIP_CHK_WIN=0 PATCH_CAM_STILL=0
[11084] Install: done
[11084] DllMain: attach, Install = 1
[11084] D3D9: Present перехвачен, FPU_PRESERVE=1 noVsync=0 interval=80000000
[11084] D3D9: Present перехвачен, FPU_PRESERVE=1 noVsync=0 interval=00000001
[11084] GoodsConsumption: здание 'naval_base': 1 товаров в goods_consumption
[11084] GoodsConsumption:   construction_goods = 4.000
[11084] Setup[CTechnologyView]: 'FE_ACADEMIES_BDSM' подписана
[11084] Setup[CTechnologyView]: 'FE_RPROJECTS_BDSM' подписана
[11084] Player: кнопка 'button_fe_player_next' подписана (button=8584DCE0)
[11084] Player: кнопка 'button_fe_player_pause' подписана (button=8584C7C8)
[11084] Player: topbar=2E954400 подписано кнопок: 2
[11084] PlayerVolume: ползунок 'fe_player_volume_slider' подписан (slider=36B79160, громкость 0.0)
[11084] SetupHideColonialButton: подписана
[11084] Setup[CBudgetView]: 'FE_BUDGET_DIPLO_BDSM' подписана
[11084] SaveEmbark: сохранено 0 запис(ей) о посаженных союзных армиях в 'Logs\allyembark\autosave.v2.allyembark' (меток expeditionary_owner: 0)
[15772] CrashWatch: Logs\v2dll_crash.log + v2dll_crash_hint.txt (memory dump выключен: ENABLE_CRASH_DUMP=0)
[15772] LoadSettingsFrom: читаю 'v2dll_settings.ini'
[15772] ---- Install ---- версия 4.98 pid=15772 tid=33444
[15772] base = 00710000
[15772] logs = Logs\ (v2dll.log, v2dll_oos.log, v2dll_crash.log)
[15772] localModConfig=0 fixSfxMixerLag=1 patchFixArmyWindowLag=1 enableCrashDump=0
[15772] CivilizeNullCheck: включён принудительно
[15772] ChkWinSkip: принудительно выкл (2859C0 = дневной тик, не GUI)
[15772] CamStill: принудительно выкл (3.59: idle-шторм, FPS хуже)
[15772] Timer: timeBeginPeriod(1) = 0
[15772] Timer: NtSetTimerResolution(1ms) status=00000000 cur=9989
[15772] Select: ws2_32.select перехвачен (микшер 68B47D >2мс -> 1мс, timeval копия)
[15772] CPU: priority ABOVE_NORMAL
[15772] CPU: power throttling off
[15772] Heap: LFH включён на 2 из 2 куч (LAA exe=1)
[15772] FPU: CreateThread exe перехвачен
[15772] FPU: GetTickCount - отложенный патч TBB/D3D
[15772] FPU: пин на главном цикле rva 5DF550
[15772] MainLoopSleep0: Sleep(100) -> Sleep(1) rva 5DF2D5
[15772] MainLoopSleep0: Sleep(100) -> Sleep(1) rva 5DF684
[15772] D3D9: Direct3DCreate9 перехвачен
[15772] TBB: _beginthreadex перехвачен
[15772] TBB: кап снят (ENGINE_WORKER_THREADS=0), initialize не трогаем
[15772] Engine: FPU=1 D3D=1 LFH=1 threadPin=1 tbbCap=0 sleep0=1 noVsync=0 prio=1
[15772] PopQuantize: FUN_00485E40, keep_bits=12
[15772] MpClientSleep: pump Sleep(40) -> Sleep(1) rva 71DD2C
[15772] WFSO: WaitForSingleObject exe перехвачен (16-50мс -> 1, INFINITE не трогаем)
[15772] patch CTechnologyView: слот 11 = 1
[15772] patch CBudgetView: слот 10 = 1
[15772] patch CProductionView: слот 10 = 1
[15772] patch CPoliticsView: слот 10 = 1
[15772] patch CDecision: слот 6 = 1
[15772] Patch 'always_add_wargoals': применён на rva 138AFF
[15772] Patch 'land_reinforce': применён на rva 1C8C9B
[15772] Patch 'naval_reinforce': применён на rva 1C8B1C
[15772] Patch 'max_relative_price': применён на rva A45C28
[15772] Patch 'consciousness_plurality_growth': применён на rva 10C5DE
[15772] Patch 'allied_reinforce_150': применён на rva 1D74BE
[15772] Patch 'combat_loss_popup_all': применён на rva 19CC5D
[15772] Patch 'build_factory_ignore_colonial_1': применён на rva 0D0C57
[15772] Patch 'build_factory_ignore_colonial_2': применён на rva 12FA4E
[15772] Patch 'build_factory_button_enable_ignore_colonial': применён на rva 12E977
[15772] Patch 'local_supply_factory_ignore_colonial': применён на rva 0D0E9D
[15772] Patch 'build_factory_ignore_uncivilized_button': применён на rva 12E96E
[15772] Patch 'build_factory_checklist_uncivilized_own': применён на rva 12EA67
[15772] Patch 'build_factory_checklist_uncivilized_other': применён на rva 12F0D4
[15772] Patch 'build_factory_ignore_uncivilized_can_build': применён на rva 12CA3E
[15772] OccupiedReinforceSplit: occupied=100.0%, пещера 01F50000
[15772] AllyOwnerCheck: owned-by-ally=150%, occupied-by-ally=100.0%, пещера 01F60000, ok=1
[15772] AllyEmbark: установлен (владелец rva 1D77A0, клик rva 1CD058, вместимость rva 1D5E97)
[15772] SaveEmbark: установлен (rva 721F00)
[15772] LoadEmbark: установлен (rva 721F40)
[15772] LoadRepair: установлен (rva 1D7CC4)
[15772] FleetPassengerTooltip: установлен (vtable rva A16BD0 слот 12) = 1
[15772] FleetCapture: установлен (rva 38F559)
[15772] CivilizeNullCheck: установлен на rva 14248B, пещера 01F70000
[15772] SupplySourceNullCheck: установлен на rva 0D15EB, пещера 01F80000
[15772] TechCompareNullCheck: установлен на rva 3A918A, пещера 01F90000
[15772] TechFolderIconNullCheck: установлен на rva 3ADE98, пещера 01FA0000
[15772] ProdListVisibilityHook: установлен
[15772] HideRawGoodsFilter: установлен rva 2F1C30
[15772] GoodsFilterPos2(наблюдение): установлен rva 2F1EC0
[15772] FilterShowAll(вкладка 0): call предиката подменён rva 2F41F7
[15772] FilterShowAll(вкладка 1): call предиката подменён rva 2F7471
[15772] PlayerNext: call в конструкторе topbar подменён rva 30D090
[15772] PlayerNext: vftable[0] topbar подменён rva A113D0
[15772] PlayerVolume: vftable[1] topbar (деструктор) подменён
[15772] PlayerVolume: call покадровой функции подменён rva 285727
[15772] SettingsApply: хук установлен rva 35BB50
[15772] SettingsApply: call применения настроек подменён rva 35C67E
[15772] MusicFairRandom: установлен rva 05534D
[15772] LoadProductionTypeLimits: читаю 'I:\Vic2_Dev\V2BDSM\mod\2\common\production_types.txt' (22333 байт)
[15772] ParseProductionTypes: разобрано 23 типов производства (шаблонов пропущено: 62)
[15772] ProdTypeGateHook: установлен
[15772] LoadProvinceGoods: ванильная history\provinces не найдена (I:\Vic2_Dev\V2BDSM\history\provinces)
[15772] LoadProvinceGoods: готово, 2708 провинций с trade_goods
[15772] HideNoSupplyFactoriesHook: установлен
[15772] PriceDelta: 25 сотых процента, множитель 163
[15772] VersionLabel: 'V2 v3.04 + V2DLL v4.98' (len=22), пещера 01FD0000
[15772] Minting: 'monetary_system_level' - переменная страны (0, если не задана)
[15772] Minting: формула ' industry_score + industry_score * monetary_system_level * 0.5' из 'mod/2\common\minting.txt' (7 узлов); пример без переменных страны: industry_score=1000, total_population=4000000 -> 1000.00
[15772] CountryDaily: call подменён rva 109F74
[15772] Minting income(факт): установлен rva 12B510
[15772] Minting income(расчёт): установлен rva 12B769
[15772] Minting подсказка(запомнить): установлен rva 12A135
[15772] Minting подсказка(строка): установлен rva 12B0A3
[15772] Окно бюджета: подсказка над textbox'ами: установлен rva 20A0B8
[15772] Minting: установлен (income факт=1 расчёт=1, подсказка=1, minting_inc=1, подсказка minting_inc=1)
[15772] GoodsConsumption: чтение goods_consumption установлено (слот 4 двух vftable CBuilding)
[15772] GoodsConsumption расходы(факт): установлен rva 12B5E1
[15772] GoodsConsumption расходы(расчёт): установлен rva 12B354
[15772] GoodsConsumption график панели: установлен rva 30E859
[15772] GoodsConsumption текст панели: установлен rva 30F3A4
[15772] GoodsConsumption карточка товара: установлен rva 079C07
[15772] GoodsConsumption: установлен (дневной хук=1 расходы факт=1 расчёт=1 график=1 текст=1, строка бюджета=1, подсказка=1, карточка товара=1, спрос рынка=1)
[15772] CombatRoll: диапазон 0..4 (модуль=5)
[15772] OosWatch: FUN_00682EC0 rva 282EC0 chk= + Logs\v2dll_oos.log
[15772] IdleSkipNested: PATCH_SKIP_NESTED_IDLE=0 FIX_ARMY_WINDOW_LAG=1 PATCH_SKIP_CHK_WIN=0 PATCH_CAM_STILL=0
[15772] Install: done
[15772] DllMain: attach, Install = 1
[15772] D3D9: Present перехвачен, FPU_PRESERVE=1 noVsync=0 interval=80000000
[15772] D3D9: Present перехвачен, FPU_PRESERVE=1 noVsync=0 interval=00000001
[15772] GoodsConsumption: здание 'naval_base': 1 товаров в goods_consumption
[15772] GoodsConsumption:   construction_goods = 4.000
2026-10-06 20:02:59.078 dll=4.98 via=uef pid=15772 tid=33444 code=C0000005 eip=0087A82B addr=0087A82B npar=2 p0=00000000 p1=00000008 eax=00000000 ebx=3D8E2360 ecx=00000000 edx=30529F80 esi=301946E8 edi=2EBD598C ebp=005F9B68 esp=005F9558
[29376] CrashWatch: Logs\v2dll_crash.log + v2dll_crash_hint.txt (memory dump выключен: ENABLE_CRASH_DUMP=0)
[29376] LoadSettingsFrom: читаю 'v2dll_settings.ini'
[29376] ---- Install ---- версия 4.98 pid=29376 tid=26680
[29376] base = 00710000
[29376] logs = Logs\ (v2dll.log, v2dll_oos.log, v2dll_crash.log)
[29376] localModConfig=0 fixSfxMixerLag=1 patchFixArmyWindowLag=1 enableCrashDump=0
[29376] CivilizeNullCheck: включён принудительно
[29376] ChkWinSkip: принудительно выкл (2859C0 = дневной тик, не GUI)
[29376] CamStill: принудительно выкл (3.59: idle-шторм, FPS хуже)
[29376] Timer: timeBeginPeriod(1) = 0
[29376] Timer: NtSetTimerResolution(1ms) status=00000000 cur=9989
[29376] Select: ws2_32.select перехвачен (микшер 68B47D >2мс -> 1мс, timeval копия)
[29376] CPU: priority ABOVE_NORMAL
[29376] CPU: power throttling off
[29376] Heap: LFH включён на 2 из 2 куч (LAA exe=1)
[29376] FPU: CreateThread exe перехвачен
[29376] FPU: GetTickCount - отложенный патч TBB/D3D
[29376] FPU: пин на главном цикле rva 5DF550
[29376] MainLoopSleep0: Sleep(100) -> Sleep(1) rva 5DF2D5
[29376] MainLoopSleep0: Sleep(100) -> Sleep(1) rva 5DF684
[29376] D3D9: Direct3DCreate9 перехвачен
[29376] TBB: _beginthreadex перехвачен
[29376] TBB: кап снят (ENGINE_WORKER_THREADS=0), initialize не трогаем
[29376] Engine: FPU=1 D3D=1 LFH=1 threadPin=1 tbbCap=0 sleep0=1 noVsync=0 prio=1
[29376] PopQuantize: FUN_00485E40, keep_bits=12
[29376] MpClientSleep: pump Sleep(40) -> Sleep(1) rva 71DD2C
[29376] WFSO: WaitForSingleObject exe перехвачен (16-50мс -> 1, INFINITE не трогаем)
[29376] patch CTechnologyView: слот 11 = 1
[29376] patch CBudgetView: слот 10 = 1
[29376] patch CProductionView: слот 10 = 1
[29376] patch CPoliticsView: слот 10 = 1
[29376] patch CDecision: слот 6 = 1
[29376] Patch 'always_add_wargoals': применён на rva 138AFF
[29376] Patch 'land_reinforce': применён на rva 1C8C9B
[29376] Patch 'naval_reinforce': применён на rva 1C8B1C
[29376] Patch 'max_relative_price': применён на rva A45C28
[29376] Patch 'consciousness_plurality_growth': применён на rva 10C5DE
[29376] Patch 'allied_reinforce_150': применён на rva 1D74BE
[29376] Patch 'combat_loss_popup_all': применён на rva 19CC5D
[29376] Patch 'build_factory_ignore_colonial_1': применён на rva 0D0C57
[29376] Patch 'build_factory_ignore_colonial_2': применён на rva 12FA4E
[29376] Patch 'build_factory_button_enable_ignore_colonial': применён на rva 12E977
[29376] Patch 'local_supply_factory_ignore_colonial': применён на rva 0D0E9D
[29376] Patch 'build_factory_ignore_uncivilized_button': применён на rva 12E96E
[29376] Patch 'build_factory_checklist_uncivilized_own': применён на rva 12EA67
[29376] Patch 'build_factory_checklist_uncivilized_other': применён на rva 12F0D4
[29376] Patch 'build_factory_ignore_uncivilized_can_build': применён на rva 12CA3E
[29376] OccupiedReinforceSplit: occupied=100.0%, пещера 021F0000
[29376] AllyOwnerCheck: owned-by-ally=150%, occupied-by-ally=100.0%, пещера 02200000, ok=1
[29376] AllyEmbark: установлен (владелец rva 1D77A0, клик rva 1CD058, вместимость rva 1D5E97)
[29376] SaveEmbark: установлен (rva 721F00)
[29376] LoadEmbark: установлен (rva 721F40)
[29376] LoadRepair: установлен (rva 1D7CC4)
[29376] FleetPassengerTooltip: установлен (vtable rva A16BD0 слот 12) = 1
[29376] FleetCapture: установлен (rva 38F559)
[29376] CivilizeNullCheck: установлен на rva 14248B, пещера 02210000
[29376] SupplySourceNullCheck: установлен на rva 0D15EB, пещера 02220000
[29376] TechCompareNullCheck: установлен на rva 3A918A, пещера 02230000
[29376] TechFolderIconNullCheck: установлен на rva 3ADE98, пещера 02240000
[29376] ProdListVisibilityHook: установлен
[29376] HideRawGoodsFilter: установлен rva 2F1C30
[29376] GoodsFilterPos2(наблюдение): установлен rva 2F1EC0
[29376] FilterShowAll(вкладка 0): call предиката подменён rva 2F41F7
[29376] FilterShowAll(вкладка 1): call предиката подменён rva 2F7471
[29376] PlayerNext: call в конструкторе topbar подменён rva 30D090
[29376] PlayerNext: vftable[0] topbar подменён rva A113D0
[29376] PlayerVolume: vftable[1] topbar (деструктор) подменён
[29376] PlayerVolume: call покадровой функции подменён rva 285727
[29376] SettingsApply: хук установлен rva 35BB50
[29376] SettingsApply: call применения настроек подменён rva 35C67E
[29376] MusicFairRandom: установлен rva 05534D
[29376] LoadProductionTypeLimits: читаю 'I:\Vic2_Dev\V2BDSM\mod\2\common\production_types.txt' (22359 байт)
[29376] ParseProductionTypes: разобрано 65 типов производства (шаблонов пропущено: 62)
[29376] ProdTypeGateHook: установлен
[29376] LoadProvinceGoods: ванильная history\provinces не найдена (I:\Vic2_Dev\V2BDSM\history\provinces)
[29376] LoadProvinceGoods: готово, 2708 провинций с trade_goods
[29376] HideNoSupplyFactoriesHook: установлен
[29376] PriceDelta: 25 сотых процента, множитель 163
[29376] VersionLabel: 'V2 v3.04 + V2DLL v4.98' (len=22), пещера 02270000
[29376] Minting: 'monetary_system_level' - переменная страны (0, если не задана)
[29376] Minting: формула ' industry_score + industry_score * monetary_system_level * 0.5' из 'mod/2\common\minting.txt' (7 узлов); пример без переменных страны: industry_score=1000, total_population=4000000 -> 1000.00
[29376] CountryDaily: call подменён rva 109F74
[29376] Minting income(факт): установлен rva 12B510
[29376] Minting income(расчёт): установлен rva 12B769
[29376] Minting подсказка(запомнить): установлен rva 12A135
[29376] Minting подсказка(строка): установлен rva 12B0A3
[29376] Окно бюджета: подсказка над textbox'ами: установлен rva 20A0B8
[29376] Minting: установлен (income факт=1 расчёт=1, подсказка=1, minting_inc=1, подсказка minting_inc=1)
[29376] GoodsConsumption: чтение goods_consumption установлено (слот 4 двух vftable CBuilding)
[29376] GoodsConsumption расходы(факт): установлен rva 12B5E1
[29376] GoodsConsumption расходы(расчёт): установлен rva 12B354
[29376] GoodsConsumption график панели: установлен rva 30E859
[29376] GoodsConsumption текст панели: установлен rva 30F3A4
[29376] GoodsConsumption карточка товара: установлен rva 079C07
[29376] GoodsConsumption: установлен (дневной хук=1 расходы факт=1 расчёт=1 график=1 текст=1, строка бюджета=1, подсказка=1, карточка товара=1, спрос рынка=1)
[29376] CombatRoll: диапазон 0..4 (модуль=5)
[29376] OosWatch: FUN_00682EC0 rva 282EC0 chk= + Logs\v2dll_oos.log
[29376] IdleSkipNested: PATCH_SKIP_NESTED_IDLE=0 FIX_ARMY_WINDOW_LAG=1 PATCH_SKIP_CHK_WIN=0 PATCH_CAM_STILL=0
[29376] Install: done
[29376] DllMain: attach, Install = 1
[29376] D3D9: Present перехвачен, FPU_PRESERVE=1 noVsync=0 interval=80000000
[29376] D3D9: Present перехвачен, FPU_PRESERVE=1 noVsync=0 interval=00000001
[29376] GoodsConsumption: здание 'naval_base': 1 товаров в goods_consumption
[29376] GoodsConsumption:   construction_goods = 4.000
[29376] Setup[CTechnologyView]: 'FE_ACADEMIES_BDSM' подписана
[29376] Setup[CTechnologyView]: 'FE_RPROJECTS_BDSM' подписана
[29376] Player: кнопка 'button_fe_player_next' подписана (button=87852AD0)
[29376] Player: кнопка 'button_fe_player_pause' подписана (button=87851B58)
[29376] Player: topbar=2EFAC1A0 подписано кнопок: 2
[29376] PlayerVolume: ползунок 'fe_player_volume_slider' подписан (slider=371C17F0, громкость 0.0)
[29376] SetupHideColonialButton: подписана
[29376] Setup[CTechnologyView]: 'FE_ACADEMIES_BDSM' подписана
[29376] Setup[CTechnologyView]: 'FE_RPROJECTS_BDSM' подписана
[29376] Player: кнопка 'button_fe_player_next' подписана (button=871F8398)
[29376] Player: кнопка 'button_fe_player_pause' подписана (button=871FA288)
[29376] Player: topbar=2EFAD528 подписано кнопок: 2
[29376] PlayerVolume: ползунок 'fe_player_volume_slider' подписан (slider=371D38C8, громкость 0.0)
[29376] Minting: время мира 59883360 -> 59886528, кэш ставок сброшен (загрузка/новая игра)
[29376] Setup[CBudgetView]: 'FE_BUDGET_DIPLO_BDSM' подписана
[29376] SetupHideColonialButton: подписана
[29376] SaveEmbark: сохранено 0 запис(ей) о посаженных союзных армиях в 'Logs\allyembark\autosave.v2.allyembark' (меток expeditionary_owner: 0)
[29376] SaveEmbark: сохранено 0 запис(ей) о посаженных союзных армиях в 'Logs\allyembark\autosave.v2.allyembark' (меток expeditionary_owner: 0)
[29376] SaveEmbark: сохранено 0 запис(ей) о посаженных союзных армиях в 'Logs\allyembark\autosave.v2.allyembark' (меток expeditionary_owner: 0)
[16140] CrashWatch: Logs\v2dll_crash.log + v2dll_crash_hint.txt (memory dump выключен: ENABLE_CRASH_DUMP=0)
[16140] LoadSettingsFrom: читаю 'v2dll_settings.ini'
[16140] ---- Install ---- версия 4.98 pid=16140 tid=24888
[16140] base = 00710000
[16140] logs = Logs\ (v2dll.log, v2dll_oos.log, v2dll_crash.log)
[16140] localModConfig=0 fixSfxMixerLag=1 patchFixArmyWindowLag=1 enableCrashDump=0
[16140] CivilizeNullCheck: включён принудительно
[16140] ChkWinSkip: принудительно выкл (2859C0 = дневной тик, не GUI)
[16140] CamStill: принудительно выкл (3.59: idle-шторм, FPS хуже)
[16140] Timer: timeBeginPeriod(1) = 0
[16140] Timer: NtSetTimerResolution(1ms) status=00000000 cur=9989
[16140] Select: ws2_32.select перехвачен (микшер 68B47D >2мс -> 1мс, timeval копия)
[16140] CPU: priority ABOVE_NORMAL
[16140] CPU: power throttling off
[16140] Heap: LFH включён на 2 из 2 куч (LAA exe=1)
[16140] FPU: CreateThread exe перехвачен
[16140] FPU: GetTickCount - отложенный патч TBB/D3D
[16140] FPU: пин на главном цикле rva 5DF550
[16140] MainLoopSleep0: Sleep(100) -> Sleep(1) rva 5DF2D5
[16140] MainLoopSleep0: Sleep(100) -> Sleep(1) rva 5DF684
[16140] D3D9: Direct3DCreate9 перехвачен
[16140] TBB: _beginthreadex перехвачен
[16140] TBB: кап снят (ENGINE_WORKER_THREADS=0), initialize не трогаем
[16140] Engine: FPU=1 D3D=1 LFH=1 threadPin=1 tbbCap=0 sleep0=1 noVsync=0 prio=1
[16140] PopQuantize: FUN_00485E40, keep_bits=12
[16140] MpClientSleep: pump Sleep(40) -> Sleep(1) rva 71DD2C
[16140] WFSO: WaitForSingleObject exe перехвачен (16-50мс -> 1, INFINITE не трогаем)
[16140] patch CTechnologyView: слот 11 = 1
[16140] patch CBudgetView: слот 10 = 1
[16140] patch CProductionView: слот 10 = 1
[16140] patch CPoliticsView: слот 10 = 1
[16140] patch CDecision: слот 6 = 1
[16140] Patch 'always_add_wargoals': применён на rva 138AFF
[16140] Patch 'land_reinforce': применён на rva 1C8C9B
[16140] Patch 'naval_reinforce': применён на rva 1C8B1C
[16140] Patch 'max_relative_price': применён на rva A45C28
[16140] Patch 'consciousness_plurality_growth': применён на rva 10C5DE
[16140] Patch 'allied_reinforce_150': применён на rva 1D74BE
[16140] Patch 'combat_loss_popup_all': применён на rva 19CC5D
[16140] Patch 'build_factory_ignore_colonial_1': применён на rva 0D0C57
[16140] Patch 'build_factory_ignore_colonial_2': применён на rva 12FA4E
[16140] Patch 'build_factory_button_enable_ignore_colonial': применён на rva 12E977
[16140] Patch 'local_supply_factory_ignore_colonial': применён на rva 0D0E9D
[16140] Patch 'build_factory_ignore_uncivilized_button': применён на rva 12E96E
[16140] Patch 'build_factory_checklist_uncivilized_own': применён на rva 12EA67
[16140] Patch 'build_factory_checklist_uncivilized_other': применён на rva 12F0D4
[16140] Patch 'build_factory_ignore_uncivilized_can_build': применён на rva 12CA3E
[16140] OccupiedReinforceSplit: occupied=100.0%, пещера 01F90000
[16140] AllyOwnerCheck: owned-by-ally=150%, occupied-by-ally=100.0%, пещера 01FA0000, ok=1
[16140] AllyEmbark: установлен (владелец rva 1D77A0, клик rva 1CD058, вместимость rva 1D5E97)
[16140] SaveEmbark: установлен (rva 721F00)
[16140] LoadEmbark: установлен (rva 721F40)
[16140] LoadRepair: установлен (rva 1D7CC4)
[16140] FleetPassengerTooltip: установлен (vtable rva A16BD0 слот 12) = 1
[16140] FleetCapture: установлен (rva 38F559)
[16140] CivilizeNullCheck: установлен на rva 14248B, пещера 01FB0000
[16140] SupplySourceNullCheck: установлен на rva 0D15EB, пещера 01FC0000
[16140] TechCompareNullCheck: установлен на rva 3A918A, пещера 01FD0000
[16140] TechFolderIconNullCheck: установлен на rva 3ADE98, пещера 01FE0000
[16140] ProdListVisibilityHook: установлен
[16140] HideRawGoodsFilter: установлен rva 2F1C30
[16140] GoodsFilterPos2(наблюдение): установлен rva 2F1EC0
[16140] FilterShowAll(вкладка 0): call предиката подменён rva 2F41F7
[16140] FilterShowAll(вкладка 1): call предиката подменён rva 2F7471
[16140] PlayerNext: call в конструкторе topbar подменён rva 30D090
[16140] PlayerNext: vftable[0] topbar подменён rva A113D0
[16140] PlayerVolume: vftable[1] topbar (деструктор) подменён
[16140] PlayerVolume: call покадровой функции подменён rva 285727
[16140] SettingsApply: хук установлен rva 35BB50
[16140] SettingsApply: call применения настроек подменён rva 35C67E
[16140] MusicFairRandom: установлен rva 05534D
[16140] LoadProductionTypeLimits: читаю 'I:\Vic2_Dev\V2BDSM\mod\2\common\production_types.txt' (22359 байт)
[16140] ParseProductionTypes: разобрано 65 типов производства (шаблонов пропущено: 62)
[16140] ProdTypeGateHook: установлен
[16140] LoadProvinceGoods: ванильная history\provinces не найдена (I:\Vic2_Dev\V2BDSM\history\provinces)
[16140] LoadProvinceGoods: готово, 2708 провинций с trade_goods
[16140] HideNoSupplyFactoriesHook: установлен
[16140] PriceDelta: 25 сотых процента, множитель 163
[16140] VersionLabel: 'V2 v3.04 + V2DLL v4.98' (len=22), пещера 02010000
[16140] Minting: 'monetary_system_level' - переменная страны (0, если не задана)
[16140] Minting: формула ' industry_score + industry_score * monetary_system_level * 0.5' из 'mod/2\common\minting.txt' (7 узлов); пример без переменных страны: industry_score=1000, total_population=4000000 -> 1000.00
[16140] CountryDaily: call подменён rva 109F74
[16140] Minting income(факт): установлен rva 12B510
[16140] Minting income(расчёт): установлен rva 12B769
[16140] Minting подсказка(запомнить): установлен rva 12A135
[16140] Minting подсказка(строка): установлен rva 12B0A3
[16140] Окно бюджета: подсказка над textbox'ами: установлен rva 20A0B8
[16140] Minting: установлен (income факт=1 расчёт=1, подсказка=1, minting_inc=1, подсказка minting_inc=1)
[16140] GoodsConsumption: чтение goods_consumption установлено (слот 4 двух vftable CBuilding)
[16140] GoodsConsumption расходы(факт): установлен rva 12B5E1
[16140] GoodsConsumption расходы(расчёт): установлен rva 12B354
[16140] GoodsConsumption график панели: установлен rva 30E859
[16140] GoodsConsumption текст панели: установлен rva 30F3A4
[16140] GoodsConsumption карточка товара: установлен rva 079C07
[16140] GoodsConsumption: установлен (дневной хук=1 расходы факт=1 расчёт=1 график=1 текст=1, строка бюджета=1, подсказка=1, карточка товара=1, спрос рынка=1)
[16140] CombatRoll: диапазон 0..4 (модуль=5)
[16140] OosWatch: FUN_00682EC0 rva 282EC0 chk= + Logs\v2dll_oos.log
[16140] IdleSkipNested: PATCH_SKIP_NESTED_IDLE=0 FIX_ARMY_WINDOW_LAG=1 PATCH_SKIP_CHK_WIN=0 PATCH_CAM_STILL=0
[16140] Install: done
[16140] DllMain: attach, Install = 1
[16140] D3D9: Present перехвачен, FPU_PRESERVE=1 noVsync=0 interval=80000000
[16140] D3D9: Present перехвачен, FPU_PRESERVE=1 noVsync=0 interval=00000001
[16140] GoodsConsumption: здание 'naval_base': 1 товаров в goods_consumption
[16140] GoodsConsumption:   construction_goods = 4.000
[16140] Setup[CTechnologyView]: 'FE_ACADEMIES_BDSM' подписана
[16140] Setup[CTechnologyView]: 'FE_RPROJECTS_BDSM' подписана
[16140] Player: кнопка 'button_fe_player_next' подписана (button=4FC90FE8)
[16140] Player: кнопка 'button_fe_player_pause' подписана (button=4FC90D18)
[16140] Player: topbar=2ED18298 подписано кнопок: 2
[16140] PlayerVolume: ползунок 'fe_player_volume_slider' подписан (slider=36F3AB60, громкость 0.0)
[16140] Setup[CBudgetView]: 'FE_BUDGET_DIPLO_BDSM' подписана
[16140] SetupHideColonialButton: подписана
[16140] SaveEmbark: сохранено 0 запис(ей) о посаженных союзных армиях в 'Logs\allyembark\autosave.v2.allyembark' (меток expeditionary_owner: 0)
[16140] SaveEmbark: сохранено 0 запис(ей) о посаженных союзных армиях в 'Logs\allyembark\autosave.v2.allyembark' (меток expeditionary_owner: 0)
[20396] CrashWatch: Logs\v2dll_crash.log + v2dll_crash_hint.txt (memory dump выключен: ENABLE_CRASH_DUMP=0)
[20396] LoadSettingsFrom: читаю 'v2dll_settings.ini'
[20396] ---- Install ---- версия 4.98 pid=20396 tid=25596
[20396] base = 00710000
[20396] logs = Logs\ (v2dll.log, v2dll_oos.log, v2dll_crash.log)
[20396] localModConfig=0 fixSfxMixerLag=1 patchFixArmyWindowLag=1 enableCrashDump=0
[20396] CivilizeNullCheck: включён принудительно
[20396] ChkWinSkip: принудительно выкл (2859C0 = дневной тик, не GUI)
[20396] CamStill: принудительно выкл (3.59: idle-шторм, FPS хуже)
[20396] Timer: timeBeginPeriod(1) = 0
[20396] Timer: NtSetTimerResolution(1ms) status=00000000 cur=9989
[20396] Select: ws2_32.select перехвачен (микшер 68B47D >2мс -> 1мс, timeval копия)
[20396] CPU: priority ABOVE_NORMAL
[20396] CPU: power throttling off
[20396] Heap: LFH включён на 2 из 2 куч (LAA exe=1)
[20396] FPU: CreateThread exe перехвачен
[20396] FPU: GetTickCount - отложенный патч TBB/D3D
[20396] FPU: пин на главном цикле rva 5DF550
[20396] MainLoopSleep0: Sleep(100) -> Sleep(1) rva 5DF2D5
[20396] MainLoopSleep0: Sleep(100) -> Sleep(1) rva 5DF684
[20396] D3D9: Direct3DCreate9 перехвачен
[20396] TBB: _beginthreadex перехвачен
[20396] TBB: кап снят (ENGINE_WORKER_THREADS=0), initialize не трогаем
[20396] Engine: FPU=1 D3D=1 LFH=1 threadPin=1 tbbCap=0 sleep0=1 noVsync=0 prio=1
[20396] PopQuantize: FUN_00485E40, keep_bits=12
[20396] MpClientSleep: pump Sleep(40) -> Sleep(1) rva 71DD2C
[20396] WFSO: WaitForSingleObject exe перехвачен (16-50мс -> 1, INFINITE не трогаем)
[20396] patch CTechnologyView: слот 11 = 1
[20396] patch CBudgetView: слот 10 = 1
[20396] patch CProductionView: слот 10 = 1
[20396] patch CPoliticsView: слот 10 = 1
[20396] patch CDecision: слот 6 = 1
[20396] Patch 'always_add_wargoals': применён на rva 138AFF
[20396] Patch 'land_reinforce': применён на rva 1C8C9B
[20396] Patch 'naval_reinforce': применён на rva 1C8B1C
[20396] Patch 'max_relative_price': применён на rva A45C28
[20396] Patch 'consciousness_plurality_growth': применён на rva 10C5DE
[20396] Patch 'allied_reinforce_150': применён на rva 1D74BE
[20396] Patch 'combat_loss_popup_all': применён на rva 19CC5D
[20396] Patch 'build_factory_ignore_colonial_1': применён на rva 0D0C57
[20396] Patch 'build_factory_ignore_colonial_2': применён на rva 12FA4E
[20396] Patch 'build_factory_button_enable_ignore_colonial': применён на rva 12E977
[20396] Patch 'local_supply_factory_ignore_colonial': применён на rva 0D0E9D
[20396] Patch 'build_factory_ignore_uncivilized_button': применён на rva 12E96E
[20396] Patch 'build_factory_checklist_uncivilized_own': применён на rva 12EA67
[20396] Patch 'build_factory_checklist_uncivilized_other': применён на rva 12F0D4
[20396] Patch 'build_factory_ignore_uncivilized_can_build': применён на rva 12CA3E
[20396] OccupiedReinforceSplit: occupied=100.0%, пещера 01A80000
[20396] AllyOwnerCheck: owned-by-ally=150%, occupied-by-ally=100.0%, пещера 01A90000, ok=1
[20396] AllyEmbark: установлен (владелец rva 1D77A0, клик rva 1CD058, вместимость rva 1D5E97)
[20396] SaveEmbark: установлен (rva 721F00)
[20396] LoadEmbark: установлен (rva 721F40)
[20396] LoadRepair: установлен (rva 1D7CC4)
[20396] FleetPassengerTooltip: установлен (vtable rva A16BD0 слот 12) = 1
[20396] FleetCapture: установлен (rva 38F559)
[20396] CivilizeNullCheck: установлен на rva 14248B, пещера 01AA0000
[20396] SupplySourceNullCheck: установлен на rva 0D15EB, пещера 01AB0000
[20396] TechCompareNullCheck: установлен на rva 3A918A, пещера 01CC0000
[20396] TechFolderIconNullCheck: установлен на rva 3ADE98, пещера 01CD0000
[20396] ProdListVisibilityHook: установлен
[20396] HideRawGoodsFilter: установлен rva 2F1C30
[20396] GoodsFilterPos2(наблюдение): установлен rva 2F1EC0
[20396] FilterShowAll(вкладка 0): call предиката подменён rva 2F41F7
[20396] FilterShowAll(вкладка 1): call предиката подменён rva 2F7471
[20396] PlayerNext: call в конструкторе topbar подменён rva 30D090
[20396] PlayerNext: vftable[0] topbar подменён rva A113D0
[20396] PlayerVolume: vftable[1] topbar (деструктор) подменён
[20396] PlayerVolume: call покадровой функции подменён rva 285727
[20396] SettingsApply: хук установлен rva 35BB50
[20396] SettingsApply: call применения настроек подменён rva 35C67E
[20396] MusicFairRandom: установлен rva 05534D
[20396] LoadProductionTypeLimits: читаю 'I:\Vic2_Dev\V2BDSM\mod\2\common\production_types.txt' (22359 байт)
[20396] ParseProductionTypes: разобрано 65 типов производства (шаблонов пропущено: 62)
[20396] ProdTypeGateHook: установлен
[20396] LoadProvinceGoods: ванильная history\provinces не найдена (I:\Vic2_Dev\V2BDSM\history\provinces)
[20396] LoadProvinceGoods: готово, 2708 провинций с trade_goods
[20396] HideNoSupplyFactoriesHook: установлен
[20396] PriceDelta: 25 сотых процента, множитель 163
[20396] VersionLabel: 'V2 v3.04 + V2DLL v4.98' (len=22), пещера 01D00000
[20396] Minting: 'monetary_system_level' - переменная страны (0, если не задана)
[20396] Minting: формула ' industry_score + industry_score * monetary_system_level * 0.5' из 'mod/2\common\minting.txt' (7 узлов); пример без переменных страны: industry_score=1000, total_population=4000000 -> 1000.00
[20396] CountryDaily: call подменён rva 109F74
[20396] Minting income(факт): установлен rva 12B510
[20396] Minting income(расчёт): установлен rva 12B769
[20396] Minting подсказка(запомнить): установлен rva 12A135
[20396] Minting подсказка(строка): установлен rva 12B0A3
[20396] Окно бюджета: подсказка над textbox'ами: установлен rva 20A0B8
[20396] Minting: установлен (income факт=1 расчёт=1, подсказка=1, minting_inc=1, подсказка minting_inc=1)
[20396] GoodsConsumption: чтение goods_consumption установлено (слот 4 двух vftable CBuilding)
[20396] GoodsConsumption расходы(факт): установлен rva 12B5E1
[20396] GoodsConsumption расходы(расчёт): установлен rva 12B354
[20396] GoodsConsumption график панели: установлен rva 30E859
[20396] GoodsConsumption текст панели: установлен rva 30F3A4
[20396] GoodsConsumption карточка товара: установлен rva 079C07
[20396] GoodsConsumption: установлен (дневной хук=1 расходы факт=1 расчёт=1 график=1 текст=1, строка бюджета=1, подсказка=1, карточка товара=1, спрос рынка=1)
[20396] CombatRoll: диапазон 0..4 (модуль=5)
[20396] OosWatch: FUN_00682EC0 rva 282EC0 chk= + Logs\v2dll_oos.log
[20396] IdleSkipNested: PATCH_SKIP_NESTED_IDLE=0 FIX_ARMY_WINDOW_LAG=1 PATCH_SKIP_CHK_WIN=0 PATCH_CAM_STILL=0
[20396] Install: done
[20396] DllMain: attach, Install = 1
[20396] D3D9: Present перехвачен, FPU_PRESERVE=1 noVsync=0 interval=80000000
[20396] D3D9: Present перехвачен, FPU_PRESERVE=1 noVsync=0 interval=00000001
[20396] GoodsConsumption: здание 'naval_base': 4 товаров в goods_consumption
[20396] GoodsConsumption:   cement = 0.750
[20396] GoodsConsumption:   steel = 1.000
[20396] GoodsConsumption:   glass = 1.000
[20396] GoodsConsumption:   timber = 2.000
[20396] Setup[CTechnologyView]: 'FE_ACADEMIES_BDSM' подписана
[20396] Setup[CTechnologyView]: 'FE_RPROJECTS_BDSM' подписана
[20396] Player: кнопка 'button_fe_player_next' подписана (button=4D9FC880)
[20396] Player: кнопка 'button_fe_player_pause' подписана (button=4D9FCB50)
[20396] Player: topbar=2E9C1D80 подписано кнопок: 2
[20396] PlayerVolume: ползунок 'fe_player_volume_slider' подписан (slider=36C1F058, громкость 0.0)
[20396] SetupHideColonialButton: подписана
[20396] SaveEmbark: сохранено 0 запис(ей) о посаженных союзных армиях в 'Logs\allyembark\autosave.v2.allyembark' (меток expeditionary_owner: 0)
[20396] Setup[CBudgetView]: 'FE_BUDGET_DIPLO_BDSM' подписана
[20396] SaveEmbark: сохранено 0 запис(ей) о посаженных союзных армиях в 'Logs\allyembark\autosave.v2.allyembark' (меток expeditionary_owner: 0)
[20396] SaveEmbark: сохранено 0 запис(ей) о посаженных союзных армиях в 'Logs\allyembark\autosave.v2.allyembark' (меток expeditionary_owner: 0)
[20396] SaveEmbark: сохранено 0 запис(ей) о посаженных союзных армиях в 'Logs\allyembark\autosave.v2.allyembark' (меток expeditionary_owner: 0)
[20396] SaveEmbark: сохранено 0 запис(ей) о посаженных союзных армиях в 'Logs\allyembark\autosave.v2.allyembark' (меток expeditionary_owner: 0)
[8456] CrashWatch: Logs\v2dll_crash.log + v2dll_crash_hint.txt (memory dump выключен: ENABLE_CRASH_DUMP=0)
[8456] LoadSettingsFrom: читаю 'v2dll_settings.ini'
[8456] ---- Install ---- версия 4.98 pid=8456 tid=4864
[8456] base = 00710000
[8456] logs = Logs\ (v2dll.log, v2dll_oos.log, v2dll_crash.log)
[8456] localModConfig=0 fixSfxMixerLag=1 patchFixArmyWindowLag=1 enableCrashDump=0
[8456] CivilizeNullCheck: включён принудительно
[8456] ChkWinSkip: принудительно выкл (2859C0 = дневной тик, не GUI)
[8456] CamStill: принудительно выкл (3.59: idle-шторм, FPS хуже)
[8456] Timer: timeBeginPeriod(1) = 0
[8456] Timer: NtSetTimerResolution(1ms) status=00000000 cur=9989
[8456] Select: ws2_32.select перехвачен (микшер 68B47D >2мс -> 1мс, timeval копия)
[8456] CPU: priority ABOVE_NORMAL
[8456] CPU: power throttling off
[8456] Heap: LFH включён на 2 из 2 куч (LAA exe=1)
[8456] FPU: CreateThread exe перехвачен
[8456] FPU: GetTickCount - отложенный патч TBB/D3D
[8456] FPU: пин на главном цикле rva 5DF550
[8456] MainLoopSleep0: Sleep(100) -> Sleep(1) rva 5DF2D5
[8456] MainLoopSleep0: Sleep(100) -> Sleep(1) rva 5DF684
[8456] D3D9: Direct3DCreate9 перехвачен
[8456] TBB: _beginthreadex перехвачен
[8456] TBB: кап снят (ENGINE_WORKER_THREADS=0), initialize не трогаем
[8456] Engine: FPU=1 D3D=1 LFH=1 threadPin=1 tbbCap=0 sleep0=1 noVsync=0 prio=1
[8456] PopQuantize: FUN_00485E40, keep_bits=12
[8456] MpClientSleep: pump Sleep(40) -> Sleep(1) rva 71DD2C
[8456] WFSO: WaitForSingleObject exe перехвачен (16-50мс -> 1, INFINITE не трогаем)
[8456] patch CTechnologyView: слот 11 = 1
[8456] patch CBudgetView: слот 10 = 1
[8456] patch CProductionView: слот 10 = 1
[8456] patch CPoliticsView: слот 10 = 1
[8456] patch CDecision: слот 6 = 1
[8456] Patch 'always_add_wargoals': применён на rva 138AFF
[8456] Patch 'land_reinforce': применён на rva 1C8C9B
[8456] Patch 'naval_reinforce': применён на rva 1C8B1C
[8456] Patch 'max_relative_price': применён на rva A45C28
[8456] Patch 'consciousness_plurality_growth': применён на rva 10C5DE
[8456] Patch 'allied_reinforce_150': применён на rva 1D74BE
[8456] Patch 'combat_loss_popup_all': применён на rva 19CC5D
[8456] Patch 'build_factory_ignore_colonial_1': применён на rva 0D0C57
[8456] Patch 'build_factory_ignore_colonial_2': применён на rva 12FA4E
[8456] Patch 'build_factory_button_enable_ignore_colonial': применён на rva 12E977
[8456] Patch 'local_supply_factory_ignore_colonial': применён на rva 0D0E9D
[8456] Patch 'build_factory_ignore_uncivilized_button': применён на rva 12E96E
[8456] Patch 'build_factory_checklist_uncivilized_own': применён на rva 12EA67
[8456] Patch 'build_factory_checklist_uncivilized_other': применён на rva 12F0D4
[8456] Patch 'build_factory_ignore_uncivilized_can_build': применён на rva 12CA3E
[8456] OccupiedReinforceSplit: occupied=100.0%, пещера 01E20000
[8456] AllyOwnerCheck: owned-by-ally=150%, occupied-by-ally=100.0%, пещера 01E30000, ok=1
[8456] AllyEmbark: установлен (владелец rva 1D77A0, клик rva 1CD058, вместимость rva 1D5E97)
[8456] SaveEmbark: установлен (rva 721F00)
[8456] LoadEmbark: установлен (rva 721F40)
[8456] LoadRepair: установлен (rva 1D7CC4)
[8456] FleetPassengerTooltip: установлен (vtable rva A16BD0 слот 12) = 1
[8456] FleetCapture: установлен (rva 38F559)
[8456] CivilizeNullCheck: установлен на rva 14248B, пещера 01E40000
[8456] SupplySourceNullCheck: установлен на rva 0D15EB, пещера 01E50000
[8456] TechCompareNullCheck: установлен на rva 3A918A, пещера 01E60000
[8456] TechFolderIconNullCheck: установлен на rva 3ADE98, пещера 01E70000
[8456] ProdListVisibilityHook: установлен
[8456] HideRawGoodsFilter: установлен rva 2F1C30
[8456] GoodsFilterPos2(наблюдение): установлен rva 2F1EC0
[8456] FilterShowAll(вкладка 0): call предиката подменён rva 2F41F7
[8456] FilterShowAll(вкладка 1): call предиката подменён rva 2F7471
[8456] PlayerNext: call в конструкторе topbar подменён rva 30D090
[8456] PlayerNext: vftable[0] topbar подменён rva A113D0
[8456] PlayerVolume: vftable[1] topbar (деструктор) подменён
[8456] PlayerVolume: call покадровой функции подменён rva 285727
[8456] SettingsApply: хук установлен rva 35BB50
[8456] SettingsApply: call применения настроек подменён rva 35C67E
[8456] MusicFairRandom: установлен rva 05534D
[8456] LoadProductionTypeLimits: читаю 'I:\Vic2_Dev\V2BDSM\mod\2\common\production_types.txt' (22359 байт)
[8456] ParseProductionTypes: разобрано 65 типов производства (шаблонов пропущено: 62)
[8456] ProdTypeGateHook: установлен
[8456] LoadProvinceGoods: ванильная history\provinces не найдена (I:\Vic2_Dev\V2BDSM\history\provinces)
[8456] LoadProvinceGoods: готово, 2708 провинций с trade_goods
[8456] HideNoSupplyFactoriesHook: установлен
[8456] PriceDelta: 25 сотых процента, множитель 163
[8456] VersionLabel: 'V2 v3.04 + V2DLL v4.98' (len=22), пещера 01EA0000
[8456] Minting: 'monetary_system_level' - переменная страны (0, если не задана)
[8456] Minting: формула ' industry_score + industry_score * monetary_system_level * 0.5' из 'mod/2\common\minting.txt' (7 узлов); пример без переменных страны: industry_score=1000, total_population=4000000 -> 1000.00
[8456] CountryDaily: call подменён rva 109F74
[8456] Minting income(факт): установлен rva 12B510
[8456] Minting income(расчёт): установлен rva 12B769
[8456] Minting подсказка(запомнить): установлен rva 12A135
[8456] Minting подсказка(строка): установлен rva 12B0A3
[8456] Окно бюджета: подсказка над textbox'ами: установлен rva 20A0B8
[8456] Minting: установлен (income факт=1 расчёт=1, подсказка=1, minting_inc=1, подсказка minting_inc=1)
[8456] GoodsConsumption: чтение goods_consumption установлено (слот 4 двух vftable CBuilding)
[8456] GoodsConsumption расходы(факт): установлен rva 12B5E1
[8456] GoodsConsumption расходы(расчёт): установлен rva 12B354
[8456] GoodsConsumption график панели: установлен rva 30E859
[8456] GoodsConsumption текст панели: установлен rva 30F3A4
[8456] GoodsConsumption карточка товара: установлен rva 079C07
[8456] GoodsConsumption: установлен (дневной хук=1 расходы факт=1 расчёт=1 график=1 текст=1, строка бюджета=1, подсказка=1, карточка товара=1, спрос рынка=1)
[8456] CombatRoll: диапазон 0..4 (модуль=5)
[8456] OosWatch: FUN_00682EC0 rva 282EC0 chk= + Logs\v2dll_oos.log
[8456] IdleSkipNested: PATCH_SKIP_NESTED_IDLE=0 FIX_ARMY_WINDOW_LAG=1 PATCH_SKIP_CHK_WIN=0 PATCH_CAM_STILL=0
[8456] Install: done
[8456] DllMain: attach, Install = 1
[8456] D3D9: Present перехвачен, FPU_PRESERVE=1 noVsync=0 interval=80000000
[8456] D3D9: Present перехвачен, FPU_PRESERVE=1 noVsync=0 interval=00000001
[8456] GoodsConsumption: здание 'naval_base': 4 товаров в goods_consumption
[8456] GoodsConsumption:   cement = 0.750
[8456] GoodsConsumption:   steel = 1.000
[8456] GoodsConsumption:   glass = 1.000
[8456] GoodsConsumption:   timber = 2.000
[8456] Setup[CTechnologyView]: 'FE_ACADEMIES_BDSM' подписана
[8456] Setup[CTechnologyView]: 'FE_RPROJECTS_BDSM' подписана
[8456] Player: кнопка 'button_fe_player_next' подписана (button=4F975DD8)
[8456] Player: кнопка 'button_fe_player_pause' подписана (button=4F978100)
[8456] Player: topbar=2EB8A1A8 подписано кнопок: 2
[8456] PlayerVolume: ползунок 'fe_player_volume_slider' подписан (slider=36F0B310, громкость 0.0)
[8456] SetupHideColonialButton: подписана
[8456] SaveEmbark: сохранено 0 запис(ей) о посаженных союзных армиях в 'Logs\allyembark\autosave.v2.allyembark' (меток expeditionary_owner: 0)
[8456] Setup[CBudgetView]: 'FE_BUDGET_DIPLO_BDSM' подписана
[8456] SaveEmbark: сохранено 0 запис(ей) о посаженных союзных армиях в 'Logs\allyembark\autosave.v2.allyembark' (меток expeditionary_owner: 0)
[8456] SaveEmbark: сохранено 0 запис(ей) о посаженных союзных армиях в 'Logs\allyembark\autosave.v2.allyembark' (меток expeditionary_owner: 0)
[8456] SaveEmbark: сохранено 0 запис(ей) о посаженных союзных армиях в 'Logs\allyembark\autosave.v2.allyembark' (меток expeditionary_owner: 0)
[8456] SaveEmbark: сохранено 0 запис(ей) о посаженных союзных армиях в 'Logs\allyembark\autosave.v2.allyembark' (меток expeditionary_owner: 0)
[11828] CrashWatch: Logs\v2dll_crash.log + v2dll_crash_hint.txt (memory dump выключен: ENABLE_CRASH_DUMP=0)
[11828] LoadSettingsFrom: читаю 'v2dll_settings.ini'
[11828] ---- Install ---- версия 4.98 pid=11828 tid=31612
[11828] base = 00710000
[11828] logs = Logs\ (v2dll.log, v2dll_oos.log, v2dll_crash.log)
[11828] localModConfig=0 fixSfxMixerLag=1 patchFixArmyWindowLag=1 enableCrashDump=0
[11828] CivilizeNullCheck: включён принудительно
[11828] ChkWinSkip: принудительно выкл (2859C0 = дневной тик, не GUI)
[11828] CamStill: принудительно выкл (3.59: idle-шторм, FPS хуже)
[11828] Timer: timeBeginPeriod(1) = 0
[11828] Timer: NtSetTimerResolution(1ms) status=00000000 cur=9989
[11828] Select: ws2_32.select перехвачен (микшер 68B47D >2мс -> 1мс, timeval копия)
[11828] CPU: priority ABOVE_NORMAL
[11828] CPU: power throttling off
[11828] Heap: LFH включён на 2 из 2 куч (LAA exe=1)
[11828] FPU: CreateThread exe перехвачен
[11828] FPU: GetTickCount - отложенный патч TBB/D3D
[11828] FPU: пин на главном цикле rva 5DF550
[11828] MainLoopSleep0: Sleep(100) -> Sleep(1) rva 5DF2D5
[11828] MainLoopSleep0: Sleep(100) -> Sleep(1) rva 5DF684
[11828] D3D9: Direct3DCreate9 перехвачен
[11828] TBB: _beginthreadex перехвачен
[11828] TBB: кап снят (ENGINE_WORKER_THREADS=0), initialize не трогаем
[11828] Engine: FPU=1 D3D=1 LFH=1 threadPin=1 tbbCap=0 sleep0=1 noVsync=0 prio=1
[11828] PopQuantize: FUN_00485E40, keep_bits=12
[11828] MpClientSleep: pump Sleep(40) -> Sleep(1) rva 71DD2C
[11828] WFSO: WaitForSingleObject exe перехвачен (16-50мс -> 1, INFINITE не трогаем)
[11828] patch CTechnologyView: слот 11 = 1
[11828] patch CBudgetView: слот 10 = 1
[11828] patch CProductionView: слот 10 = 1
[11828] patch CPoliticsView: слот 10 = 1
[11828] patch CDecision: слот 6 = 1
[11828] Patch 'always_add_wargoals': применён на rva 138AFF
[11828] Patch 'land_reinforce': применён на rva 1C8C9B
[11828] Patch 'naval_reinforce': применён на rva 1C8B1C
[11828] Patch 'max_relative_price': применён на rva A45C28
[11828] Patch 'consciousness_plurality_growth': применён на rva 10C5DE
[11828] Patch 'allied_reinforce_150': применён на rva 1D74BE
[11828] Patch 'combat_loss_popup_all': применён на rva 19CC5D
[11828] Patch 'build_factory_ignore_colonial_1': применён на rva 0D0C57
[11828] Patch 'build_factory_ignore_colonial_2': применён на rva 12FA4E
[11828] Patch 'build_factory_button_enable_ignore_colonial': применён на rva 12E977
[11828] Patch 'local_supply_factory_ignore_colonial': применён на rva 0D0E9D
[11828] Patch 'build_factory_ignore_uncivilized_button': применён на rva 12E96E
[11828] Patch 'build_factory_checklist_uncivilized_own': применён на rva 12EA67
[11828] Patch 'build_factory_checklist_uncivilized_other': применён на rva 12F0D4
[11828] Patch 'build_factory_ignore_uncivilized_can_build': применён на rva 12CA3E
[11828] OccupiedReinforceSplit: occupied=100.0%, пещера 01F10000
[11828] AllyOwnerCheck: owned-by-ally=150%, occupied-by-ally=100.0%, пещера 01F20000, ok=1
[11828] AllyEmbark: установлен (владелец rva 1D77A0, клик rva 1CD058, вместимость rva 1D5E97)
[11828] SaveEmbark: установлен (rva 721F00)
[11828] LoadEmbark: установлен (rva 721F40)
[11828] LoadRepair: установлен (rva 1D7CC4)
[11828] FleetPassengerTooltip: установлен (vtable rva A16BD0 слот 12) = 1
[11828] FleetCapture: установлен (rva 38F559)
[11828] CivilizeNullCheck: установлен на rva 14248B, пещера 01F30000
[11828] SupplySourceNullCheck: установлен на rva 0D15EB, пещера 01F40000
[11828] TechCompareNullCheck: установлен на rva 3A918A, пещера 01F50000
[11828] TechFolderIconNullCheck: установлен на rva 3ADE98, пещера 01F60000
[11828] ProdListVisibilityHook: установлен
[11828] HideRawGoodsFilter: установлен rva 2F1C30
[11828] GoodsFilterPos2(наблюдение): установлен rva 2F1EC0
[11828] FilterShowAll(вкладка 0): call предиката подменён rva 2F41F7
[11828] FilterShowAll(вкладка 1): call предиката подменён rva 2F7471
[11828] PlayerNext: call в конструкторе topbar подменён rva 30D090
[11828] PlayerNext: vftable[0] topbar подменён rva A113D0
[11828] PlayerVolume: vftable[1] topbar (деструктор) подменён
[11828] PlayerVolume: call покадровой функции подменён rva 285727
[11828] SettingsApply: хук установлен rva 35BB50
[11828] SettingsApply: call применения настроек подменён rva 35C67E
[11828] MusicFairRandom: установлен rva 05534D
[11828] LoadProductionTypeLimits: читаю 'I:\Vic2_Dev\V2BDSM\mod\2\common\production_types.txt' (22359 байт)
[11828] ParseProductionTypes: разобрано 65 типов производства (шаблонов пропущено: 62)
[11828] ProdTypeGateHook: установлен
[11828] LoadProvinceGoods: ванильная history\provinces не найдена (I:\Vic2_Dev\V2BDSM\history\provinces)
[11828] LoadProvinceGoods: готово, 2708 провинций с trade_goods
[11828] HideNoSupplyFactoriesHook: установлен
[11828] PriceDelta: 25 сотых процента, множитель 163
[11828] VersionLabel: 'V2 v3.04 + V2DLL v4.98' (len=22), пещера 03740000
[11828] Minting: 'monetary_system_level' - переменная страны (0, если не задана)
[11828] Minting: формула ' industry_score + industry_score * monetary_system_level * 0.5' из 'mod/2\common\minting.txt' (7 узлов); пример без переменных страны: industry_score=1000, total_population=4000000 -> 1000.00
[11828] CountryDaily: call подменён rva 109F74
[11828] Minting income(факт): установлен rva 12B510
[11828] Minting income(расчёт): установлен rva 12B769
[11828] Minting подсказка(запомнить): установлен rva 12A135
[11828] Minting подсказка(строка): установлен rva 12B0A3
[11828] Окно бюджета: подсказка над textbox'ами: установлен rva 20A0B8
[11828] Minting: установлен (income факт=1 расчёт=1, подсказка=1, minting_inc=1, подсказка minting_inc=1)
[11828] GoodsConsumption: чтение goods_consumption установлено (слот 4 двух vftable CBuilding)
[11828] GoodsConsumption расходы(факт): установлен rva 12B5E1
[11828] GoodsConsumption расходы(расчёт): установлен rva 12B354
[11828] GoodsConsumption график панели: установлен rva 30E859
[11828] GoodsConsumption текст панели: установлен rva 30F3A4
[11828] GoodsConsumption карточка товара: установлен rva 079C07
[11828] GoodsConsumption: установлен (дневной хук=1 расходы факт=1 расчёт=1 график=1 текст=1, строка бюджета=1, подсказка=1, карточка товара=1, спрос рынка=1)
[11828] CombatRoll: диапазон 0..4 (модуль=5)
[11828] OosWatch: FUN_00682EC0 rva 282EC0 chk= + Logs\v2dll_oos.log
[11828] IdleSkipNested: PATCH_SKIP_NESTED_IDLE=0 FIX_ARMY_WINDOW_LAG=1 PATCH_SKIP_CHK_WIN=0 PATCH_CAM_STILL=0
[11828] Install: done
[11828] DllMain: attach, Install = 1
[11828] D3D9: Present перехвачен, FPU_PRESERVE=1 noVsync=0 interval=80000000
[11828] D3D9: Present перехвачен, FPU_PRESERVE=1 noVsync=0 interval=00000001
[11828] GoodsConsumption: здание 'naval_base': 4 товаров в goods_consumption
[11828] GoodsConsumption:   cement = 0.750
[11828] GoodsConsumption:   steel = 1.000
[11828] GoodsConsumption:   glass = 1.000
[11828] GoodsConsumption:   timber = 2.000
[11828] Setup[CTechnologyView]: 'FE_ACADEMIES_BDSM' подписана
[11828] Setup[CTechnologyView]: 'FE_RPROJECTS_BDSM' подписана
[11828] Player: кнопка 'button_fe_player_next' подписана (button=51720F78)
[11828] Player: кнопка 'button_fe_player_pause' подписана (button=517209D8)
[11828] Player: topbar=2ECCB910 подписано кнопок: 2
[11828] PlayerVolume: ползунок 'fe_player_volume_slider' подписан (slider=36EDEC78, громкость 0.0)
[11828] SetupHideColonialButton: подписана
[11828] Setup[CBudgetView]: 'FE_BUDGET_DIPLO_BDSM' подписана
[11828] SaveEmbark: сохранено 0 запис(ей) о посаженных союзных армиях в 'Logs\allyembark\autosave.v2.allyembark' (меток expeditionary_owner: 0)
[22736] CrashWatch: Logs\v2dll_crash.log + v2dll_crash_hint.txt (memory dump выключен: ENABLE_CRASH_DUMP=0)
[22736] LoadSettingsFrom: читаю 'v2dll_settings.ini'
[22736] ---- Install ---- версия 4.98 pid=22736 tid=34104
[22736] base = 00710000
[22736] logs = Logs\ (v2dll.log, v2dll_oos.log, v2dll_crash.log)
[22736] localModConfig=0 fixSfxMixerLag=1 patchFixArmyWindowLag=1 enableCrashDump=0
[22736] CivilizeNullCheck: включён принудительно
[22736] ChkWinSkip: принудительно выкл (2859C0 = дневной тик, не GUI)
[22736] CamStill: принудительно выкл (3.59: idle-шторм, FPS хуже)
[22736] Timer: timeBeginPeriod(1) = 0
[22736] Timer: NtSetTimerResolution(1ms) status=00000000 cur=9989
[22736] Select: ws2_32.select перехвачен (микшер 68B47D >2мс -> 1мс, timeval копия)
[22736] CPU: priority ABOVE_NORMAL
[22736] CPU: power throttling off
[22736] Heap: LFH включён на 2 из 2 куч (LAA exe=1)
[22736] FPU: CreateThread exe перехвачен
[22736] FPU: GetTickCount - отложенный патч TBB/D3D
[22736] FPU: пин на главном цикле rva 5DF550
[22736] MainLoopSleep0: Sleep(100) -> Sleep(1) rva 5DF2D5
[22736] MainLoopSleep0: Sleep(100) -> Sleep(1) rva 5DF684
[22736] D3D9: Direct3DCreate9 перехвачен
[22736] TBB: _beginthreadex перехвачен
[22736] TBB: кап снят (ENGINE_WORKER_THREADS=0), initialize не трогаем
[22736] Engine: FPU=1 D3D=1 LFH=1 threadPin=1 tbbCap=0 sleep0=1 noVsync=0 prio=1
[22736] PopQuantize: FUN_00485E40, keep_bits=12
[22736] MpClientSleep: pump Sleep(40) -> Sleep(1) rva 71DD2C
[22736] WFSO: WaitForSingleObject exe перехвачен (16-50мс -> 1, INFINITE не трогаем)
[22736] patch CTechnologyView: слот 11 = 1
[22736] patch CBudgetView: слот 10 = 1
[22736] patch CProductionView: слот 10 = 1
[22736] patch CPoliticsView: слот 10 = 1
[22736] patch CDecision: слот 6 = 1
[22736] Patch 'always_add_wargoals': применён на rva 138AFF
[22736] Patch 'land_reinforce': применён на rva 1C8C9B
[22736] Patch 'naval_reinforce': применён на rva 1C8B1C
[22736] Patch 'max_relative_price': применён на rva A45C28
[22736] Patch 'consciousness_plurality_growth': применён на rva 10C5DE
[22736] Patch 'allied_reinforce_150': применён на rva 1D74BE
[22736] Patch 'combat_loss_popup_all': применён на rva 19CC5D
[22736] Patch 'build_factory_ignore_colonial_1': применён на rva 0D0C57
[22736] Patch 'build_factory_ignore_colonial_2': применён на rva 12FA4E
[22736] Patch 'build_factory_button_enable_ignore_colonial': применён на rva 12E977
[22736] Patch 'local_supply_factory_ignore_colonial': применён на rva 0D0E9D
[22736] Patch 'build_factory_ignore_uncivilized_button': применён на rva 12E96E
[22736] Patch 'build_factory_checklist_uncivilized_own': применён на rva 12EA67
[22736] Patch 'build_factory_checklist_uncivilized_other': применён на rva 12F0D4
[22736] Patch 'build_factory_ignore_uncivilized_can_build': применён на rva 12CA3E
[22736] OccupiedReinforceSplit: occupied=100.0%, пещера 021F0000
[22736] AllyOwnerCheck: owned-by-ally=150%, occupied-by-ally=100.0%, пещера 02200000, ok=1
[22736] AllyEmbark: установлен (владелец rva 1D77A0, клик rva 1CD058, вместимость rva 1D5E97)
[22736] SaveEmbark: установлен (rva 721F00)
[22736] LoadEmbark: установлен (rva 721F40)
[22736] LoadRepair: установлен (rva 1D7CC4)
[22736] FleetPassengerTooltip: установлен (vtable rva A16BD0 слот 12) = 1
[22736] FleetCapture: установлен (rva 38F559)
[22736] CivilizeNullCheck: установлен на rva 14248B, пещера 02210000
[22736] SupplySourceNullCheck: установлен на rva 0D15EB, пещера 02220000
[22736] TechCompareNullCheck: установлен на rva 3A918A, пещера 02230000
[22736] TechFolderIconNullCheck: установлен на rva 3ADE98, пещера 02240000
[22736] ProdListVisibilityHook: установлен
[22736] HideRawGoodsFilter: установлен rva 2F1C30
[22736] GoodsFilterPos2(наблюдение): установлен rva 2F1EC0
[22736] FilterShowAll(вкладка 0): call предиката подменён rva 2F41F7
[22736] FilterShowAll(вкладка 1): call предиката подменён rva 2F7471
[22736] PlayerNext: call в конструкторе topbar подменён rva 30D090
[22736] PlayerNext: vftable[0] topbar подменён rva A113D0
[22736] PlayerVolume: vftable[1] topbar (деструктор) подменён
[22736] PlayerVolume: call покадровой функции подменён rva 285727
[22736] SettingsApply: хук установлен rva 35BB50
[22736] SettingsApply: call применения настроек подменён rva 35C67E
[22736] MusicFairRandom: установлен rva 05534D
[22736] LoadProductionTypeLimits: читаю 'I:\Vic2_Dev\V2BDSM\mod\2\common\production_types.txt' (22339 байт)
[22736] ParseProductionTypes: разобрано 65 типов производства (шаблонов пропущено: 62)
[22736] ProdTypeGateHook: установлен
[22736] LoadProvinceGoods: ванильная history\provinces не найдена (I:\Vic2_Dev\V2BDSM\history\provinces)
[22736] LoadProvinceGoods: готово, 2708 провинций с trade_goods
[22736] HideNoSupplyFactoriesHook: установлен
[22736] PriceDelta: 25 сотых процента, множитель 163
[22736] VersionLabel: 'V2 v3.04 + V2DLL v4.98' (len=22), пещера 02270000
[22736] Minting: 'monetary_system_level' - переменная страны (0, если не задана)
[22736] Minting: формула ' industry_score + industry_score * monetary_system_level * 0.5' из 'mod/2\common\minting.txt' (7 узлов); пример без переменных страны: industry_score=1000, total_population=4000000 -> 1000.00
[22736] CountryDaily: call подменён rva 109F74
[22736] Minting income(факт): установлен rva 12B510
[22736] Minting income(расчёт): установлен rva 12B769
[22736] Minting подсказка(запомнить): установлен rva 12A135
[22736] Minting подсказка(строка): установлен rva 12B0A3
[22736] Окно бюджета: подсказка над textbox'ами: установлен rva 20A0B8
[22736] Minting: установлен (income факт=1 расчёт=1, подсказка=1, minting_inc=1, подсказка minting_inc=1)
[22736] GoodsConsumption: чтение goods_consumption установлено (слот 4 двух vftable CBuilding)
[22736] GoodsConsumption расходы(факт): установлен rva 12B5E1
[22736] GoodsConsumption расходы(расчёт): установлен rva 12B354
[22736] GoodsConsumption график панели: установлен rva 30E859
[22736] GoodsConsumption текст панели: установлен rva 30F3A4
[22736] GoodsConsumption карточка товара: установлен rva 079C07
[22736] GoodsConsumption: установлен (дневной хук=1 расходы факт=1 расчёт=1 график=1 текст=1, строка бюджета=1, подсказка=1, карточка товара=1, спрос рынка=1)
[22736] CombatRoll: диапазон 0..4 (модуль=5)
[22736] OosWatch: FUN_00682EC0 rva 282EC0 chk= + Logs\v2dll_oos.log
[22736] IdleSkipNested: PATCH_SKIP_NESTED_IDLE=0 FIX_ARMY_WINDOW_LAG=1 PATCH_SKIP_CHK_WIN=0 PATCH_CAM_STILL=0
[22736] Install: done
[22736] DllMain: attach, Install = 1
[22736] D3D9: Present перехвачен, FPU_PRESERVE=1 noVsync=0 interval=80000000
[22736] D3D9: Present перехвачен, FPU_PRESERVE=1 noVsync=0 interval=00000001
[22736] GoodsConsumption: здание 'naval_base': 4 товаров в goods_consumption
[22736] GoodsConsumption:   cement = 0.750
[22736] GoodsConsumption:   steel = 1.000
[22736] GoodsConsumption:   glass = 1.000
[22736] GoodsConsumption:   timber = 2.000
[22736] Setup[CTechnologyView]: 'FE_ACADEMIES_BDSM' подписана
[22736] Setup[CTechnologyView]: 'FE_RPROJECTS_BDSM' подписана
[22736] Player: кнопка 'button_fe_player_next' подписана (button=50D263A8)
[22736] Player: кнопка 'button_fe_player_pause' подписана (button=50D26AB0)
[22736] Player: topbar=2EFCAC30 подписано кнопок: 2
[22736] PlayerVolume: ползунок 'fe_player_volume_slider' подписан (slider=37273620, громкость 0.0)
[22736] SetupHideColonialButton: подписана
[22736] SaveEmbark: сохранено 0 запис(ей) о посаженных союзных армиях в 'Logs\allyembark\autosave.v2.allyembark' (меток expeditionary_owner: 0)
[22736] Setup[CBudgetView]: 'FE_BUDGET_DIPLO_BDSM' подписана
[22736] SaveEmbark: сохранено 0 запис(ей) о посаженных союзных армиях в 'Logs\allyembark\autosave.v2.allyembark' (меток expeditionary_owner: 0)
[22736] SaveEmbark: сохранено 0 запис(ей) о посаженных союзных армиях в 'Logs\allyembark\autosave.v2.allyembark' (меток expeditionary_owner: 0)
[22736] SaveEmbark: сохранено 0 запис(ей) о посаженных союзных армиях в 'Logs\allyembark\autosave.v2.allyembark' (меток expeditionary_owner: 0)
[22736] SaveEmbark: сохранено 0 запис(ей) о посаженных союзных армиях в 'Logs\allyembark\autosave.v2.allyembark' (меток expeditionary_owner: 0)
[22736] SaveEmbark: сохранено 0 запис(ей) о посаженных союзных армиях в 'Logs\allyembark\autosave.v2.allyembark' (меток expeditionary_owner: 0)
[28996] CrashWatch: Logs\v2dll_crash.log + v2dll_crash_hint.txt (memory dump выключен: ENABLE_CRASH_DUMP=0)
[28996] LoadSettingsFrom: читаю 'v2dll_settings.ini'
[28996] ---- Install ---- версия 4.98 pid=28996 tid=19472
[28996] base = 00710000
[28996] logs = Logs\ (v2dll.log, v2dll_oos.log, v2dll_crash.log)
[28996] localModConfig=0 fixSfxMixerLag=1 patchFixArmyWindowLag=1 enableCrashDump=0
[28996] CivilizeNullCheck: включён принудительно
[28996] ChkWinSkip: принудительно выкл (2859C0 = дневной тик, не GUI)
[28996] CamStill: принудительно выкл (3.59: idle-шторм, FPS хуже)
[28996] Timer: timeBeginPeriod(1) = 0
[28996] Timer: NtSetTimerResolution(1ms) status=00000000 cur=9989
[28996] Select: ws2_32.select перехвачен (микшер 68B47D >2мс -> 1мс, timeval копия)
[28996] CPU: priority ABOVE_NORMAL
[28996] CPU: power throttling off
[28996] Heap: LFH включён на 2 из 2 куч (LAA exe=1)
[28996] FPU: CreateThread exe перехвачен
[28996] FPU: GetTickCount - отложенный патч TBB/D3D
[28996] FPU: пин на главном цикле rva 5DF550
[28996] MainLoopSleep0: Sleep(100) -> Sleep(1) rva 5DF2D5
[28996] MainLoopSleep0: Sleep(100) -> Sleep(1) rva 5DF684
[28996] D3D9: Direct3DCreate9 перехвачен
[28996] TBB: _beginthreadex перехвачен
[28996] TBB: кап снят (ENGINE_WORKER_THREADS=0), initialize не трогаем
[28996] Engine: FPU=1 D3D=1 LFH=1 threadPin=1 tbbCap=0 sleep0=1 noVsync=0 prio=1
[28996] PopQuantize: FUN_00485E40, keep_bits=12
[28996] MpClientSleep: pump Sleep(40) -> Sleep(1) rva 71DD2C
[28996] WFSO: WaitForSingleObject exe перехвачен (16-50мс -> 1, INFINITE не трогаем)
[28996] patch CTechnologyView: слот 11 = 1
[28996] patch CBudgetView: слот 10 = 1
[28996] patch CProductionView: слот 10 = 1
[28996] patch CPoliticsView: слот 10 = 1
[28996] patch CDecision: слот 6 = 1
[28996] Patch 'always_add_wargoals': применён на rva 138AFF
[28996] Patch 'land_reinforce': применён на rva 1C8C9B
[28996] Patch 'naval_reinforce': применён на rva 1C8B1C
[28996] Patch 'max_relative_price': применён на rva A45C28
[28996] Patch 'consciousness_plurality_growth': применён на rva 10C5DE
[28996] Patch 'allied_reinforce_150': применён на rva 1D74BE
[28996] Patch 'combat_loss_popup_all': применён на rva 19CC5D
[28996] Patch 'build_factory_ignore_colonial_1': применён на rva 0D0C57
[28996] Patch 'build_factory_ignore_colonial_2': применён на rva 12FA4E
[28996] Patch 'build_factory_button_enable_ignore_colonial': применён на rva 12E977
[28996] Patch 'local_supply_factory_ignore_colonial': применён на rva 0D0E9D
[28996] Patch 'build_factory_ignore_uncivilized_button': применён на rva 12E96E
[28996] Patch 'build_factory_checklist_uncivilized_own': применён на rva 12EA67
[28996] Patch 'build_factory_checklist_uncivilized_other': применён на rva 12F0D4
[28996] Patch 'build_factory_ignore_uncivilized_can_build': применён на rva 12CA3E
[28996] OccupiedReinforceSplit: occupied=100.0%, пещера 01C10000
[28996] AllyOwnerCheck: owned-by-ally=150%, occupied-by-ally=100.0%, пещера 01C20000, ok=1
[28996] AllyEmbark: установлен (владелец rva 1D77A0, клик rva 1CD058, вместимость rva 1D5E97)
[28996] SaveEmbark: установлен (rva 721F00)
[28996] LoadEmbark: установлен (rva 721F40)
[28996] LoadRepair: установлен (rva 1D7CC4)
[28996] FleetPassengerTooltip: установлен (vtable rva A16BD0 слот 12) = 1
[28996] FleetCapture: установлен (rva 38F559)
[28996] CivilizeNullCheck: установлен на rva 14248B, пещера 01C30000
[28996] SupplySourceNullCheck: установлен на rva 0D15EB, пещера 01C40000
[28996] TechCompareNullCheck: установлен на rva 3A918A, пещера 01C50000
[28996] TechFolderIconNullCheck: установлен на rva 3ADE98, пещера 03410000
[28996] ProdListVisibilityHook: установлен
[28996] HideRawGoodsFilter: установлен rva 2F1C30
[28996] GoodsFilterPos2(наблюдение): установлен rva 2F1EC0
[28996] FilterShowAll(вкладка 0): call предиката подменён rva 2F41F7
[28996] FilterShowAll(вкладка 1): call предиката подменён rva 2F7471
[28996] PlayerNext: call в конструкторе topbar подменён rva 30D090
[28996] PlayerNext: vftable[0] topbar подменён rva A113D0
[28996] PlayerVolume: vftable[1] topbar (деструктор) подменён
[28996] PlayerVolume: call покадровой функции подменён rva 285727
[28996] SettingsApply: хук установлен rva 35BB50
[28996] SettingsApply: call применения настроек подменён rva 35C67E
[28996] MusicFairRandom: установлен rva 05534D
[28996] LoadProductionTypeLimits: читаю 'I:\Vic2_Dev\V2BDSM\mod\2\common\production_types.txt' (22339 байт)
[28996] ParseProductionTypes: разобрано 65 типов производства (шаблонов пропущено: 62)
[28996] ProdTypeGateHook: установлен
[28996] LoadProvinceGoods: ванильная history\provinces не найдена (I:\Vic2_Dev\V2BDSM\history\provinces)
[28996] LoadProvinceGoods: готово, 2708 провинций с trade_goods
[28996] HideNoSupplyFactoriesHook: установлен
[28996] PriceDelta: 25 сотых процента, множитель 163
[28996] VersionLabel: 'V2 v3.04 + V2DLL v4.98' (len=22), пещера 03440000
[28996] Minting: 'monetary_system_level' - переменная страны (0, если не задана)
[28996] Minting: формула ' industry_score + industry_score * monetary_system_level * 0.5' из 'mod/2\common\minting.txt' (7 узлов); пример без переменных страны: industry_score=1000, total_population=4000000 -> 1000.00
[28996] CountryDaily: call подменён rva 109F74
[28996] Minting income(факт): установлен rva 12B510
[28996] Minting income(расчёт): установлен rva 12B769
[28996] Minting подсказка(запомнить): установлен rva 12A135
[28996] Minting подсказка(строка): установлен rva 12B0A3
[28996] Окно бюджета: подсказка над textbox'ами: установлен rva 20A0B8
[28996] Minting: установлен (income факт=1 расчёт=1, подсказка=1, minting_inc=1, подсказка minting_inc=1)
[28996] GoodsConsumption: чтение goods_consumption установлено (слот 4 двух vftable CBuilding)
[28996] GoodsConsumption расходы(факт): установлен rva 12B5E1
[28996] GoodsConsumption расходы(расчёт): установлен rva 12B354
[28996] GoodsConsumption график панели: установлен rva 30E859
[28996] GoodsConsumption текст панели: установлен rva 30F3A4
[28996] GoodsConsumption карточка товара: установлен rva 079C07
[28996] GoodsConsumption: установлен (дневной хук=1 расходы факт=1 расчёт=1 график=1 текст=1, строка бюджета=1, подсказка=1, карточка товара=1, спрос рынка=1)
[28996] CombatRoll: диапазон 0..4 (модуль=5)
[28996] OosWatch: FUN_00682EC0 rva 282EC0 chk= + Logs\v2dll_oos.log
[28996] IdleSkipNested: PATCH_SKIP_NESTED_IDLE=0 FIX_ARMY_WINDOW_LAG=1 PATCH_SKIP_CHK_WIN=0 PATCH_CAM_STILL=0
[28996] Install: done
[28996] DllMain: attach, Install = 1
[28996] D3D9: Present перехвачен, FPU_PRESERVE=1 noVsync=0 interval=80000000
[28996] D3D9: Present перехвачен, FPU_PRESERVE=1 noVsync=0 interval=00000001
[28996] GoodsConsumption: здание 'naval_base': 4 товаров в goods_consumption
[28996] GoodsConsumption:   cement = 0.750
[28996] GoodsConsumption:   steel = 1.000
[28996] GoodsConsumption:   glass = 1.000
[28996] GoodsConsumption:   timber = 2.000
[28996] Setup[CTechnologyView]: 'FE_ACADEMIES_BDSM' подписана
[28996] Setup[CTechnologyView]: 'FE_RPROJECTS_BDSM' подписана
[28996] Player: кнопка 'button_fe_player_next' подписана (button=4F9C5100)
[28996] Player: кнопка 'button_fe_player_pause' подписана (button=4F9C6BB8)
[28996] Player: topbar=2CD2CF18 подписано кнопок: 2
[28996] PlayerVolume: ползунок 'fe_player_volume_slider' подписан (slider=36B93C08, громкость 0.0)
[28996] SetupHideColonialButton: подписана
[28996] SaveEmbark: сохранено 0 запис(ей) о посаженных союзных армиях в 'Logs\allyembark\autosave.v2.allyembark' (меток expeditionary_owner: 0)
[28996] Setup[CBudgetView]: 'FE_BUDGET_DIPLO_BDSM' подписана
[28996] SaveEmbark: сохранено 0 запис(ей) о посаженных союзных армиях в 'Logs\allyembark\autosave.v2.allyembark' (меток expeditionary_owner: 0)
[28996] SaveEmbark: сохранено 0 запис(ей) о посаженных союзных армиях в 'Logs\allyembark\autosave.v2.allyembark' (меток expeditionary_owner: 0)
[28996] SaveEmbark: сохранено 0 запис(ей) о посаженных союзных армиях в 'Logs\allyembark\autosave.v2.allyembark' (меток expeditionary_owner: 0)
[34236] CrashWatch: Logs\v2dll_crash.log + v2dll_crash_hint.txt (memory dump выключен: ENABLE_CRASH_DUMP=0)
[34236] LoadSettingsFrom: читаю 'v2dll_settings.ini'
[34236] ---- Install ---- версия 4.98 pid=34236 tid=6104
[34236] base = 00710000
[34236] logs = Logs\ (v2dll.log, v2dll_oos.log, v2dll_crash.log)
[34236] localModConfig=0 fixSfxMixerLag=1 patchFixArmyWindowLag=1 enableCrashDump=0
[34236] CivilizeNullCheck: включён принудительно
[34236] ChkWinSkip: принудительно выкл (2859C0 = дневной тик, не GUI)
[34236] CamStill: принудительно выкл (3.59: idle-шторм, FPS хуже)
[34236] Timer: timeBeginPeriod(1) = 0
[34236] Timer: NtSetTimerResolution(1ms) status=00000000 cur=9989
[34236] Select: ws2_32.select перехвачен (микшер 68B47D >2мс -> 1мс, timeval копия)
[34236] CPU: priority ABOVE_NORMAL
[34236] CPU: power throttling off
[34236] Heap: LFH включён на 2 из 2 куч (LAA exe=1)
[34236] FPU: CreateThread exe перехвачен
[34236] FPU: GetTickCount - отложенный патч TBB/D3D
[34236] FPU: пин на главном цикле rva 5DF550
[34236] MainLoopSleep0: Sleep(100) -> Sleep(1) rva 5DF2D5
[34236] MainLoopSleep0: Sleep(100) -> Sleep(1) rva 5DF684
[34236] D3D9: Direct3DCreate9 перехвачен
[34236] TBB: _beginthreadex перехвачен
[34236] TBB: кап снят (ENGINE_WORKER_THREADS=0), initialize не трогаем
[34236] Engine: FPU=1 D3D=1 LFH=1 threadPin=1 tbbCap=0 sleep0=1 noVsync=0 prio=1
[34236] PopQuantize: FUN_00485E40, keep_bits=12
[34236] MpClientSleep: pump Sleep(40) -> Sleep(1) rva 71DD2C
[34236] WFSO: WaitForSingleObject exe перехвачен (16-50мс -> 1, INFINITE не трогаем)
[34236] patch CTechnologyView: слот 11 = 1
[34236] patch CBudgetView: слот 10 = 1
[34236] patch CProductionView: слот 10 = 1
[34236] patch CPoliticsView: слот 10 = 1
[34236] patch CDecision: слот 6 = 1
[34236] Patch 'always_add_wargoals': применён на rva 138AFF
[34236] Patch 'land_reinforce': применён на rva 1C8C9B
[34236] Patch 'naval_reinforce': применён на rva 1C8B1C
[34236] Patch 'max_relative_price': применён на rva A45C28
[34236] Patch 'consciousness_plurality_growth': применён на rva 10C5DE
[34236] Patch 'allied_reinforce_150': применён на rva 1D74BE
[34236] Patch 'combat_loss_popup_all': применён на rva 19CC5D
[34236] Patch 'build_factory_ignore_colonial_1': применён на rva 0D0C57
[34236] Patch 'build_factory_ignore_colonial_2': применён на rva 12FA4E
[34236] Patch 'build_factory_button_enable_ignore_colonial': применён на rva 12E977
[34236] Patch 'local_supply_factory_ignore_colonial': применён на rva 0D0E9D
[34236] Patch 'build_factory_ignore_uncivilized_button': применён на rva 12E96E
[34236] Patch 'build_factory_checklist_uncivilized_own': применён на rva 12EA67
[34236] Patch 'build_factory_checklist_uncivilized_other': применён на rva 12F0D4
[34236] Patch 'build_factory_ignore_uncivilized_can_build': применён на rva 12CA3E
[34236] OccupiedReinforceSplit: occupied=100.0%, пещера 01F90000
[34236] AllyOwnerCheck: owned-by-ally=150%, occupied-by-ally=100.0%, пещера 01FA0000, ok=1
[34236] AllyEmbark: установлен (владелец rva 1D77A0, клик rva 1CD058, вместимость rva 1D5E97)
[34236] SaveEmbark: установлен (rva 721F00)
[34236] LoadEmbark: установлен (rva 721F40)
[34236] LoadRepair: установлен (rva 1D7CC4)
[34236] FleetPassengerTooltip: установлен (vtable rva A16BD0 слот 12) = 1
[34236] FleetCapture: установлен (rva 38F559)
[34236] CivilizeNullCheck: установлен на rva 14248B, пещера 01FB0000
[34236] SupplySourceNullCheck: установлен на rva 0D15EB, пещера 01FC0000
[34236] TechCompareNullCheck: установлен на rva 3A918A, пещера 01FD0000
[34236] TechFolderIconNullCheck: установлен на rva 3ADE98, пещера 01FE0000
[34236] ProdListVisibilityHook: установлен
[34236] HideRawGoodsFilter: установлен rva 2F1C30
[34236] GoodsFilterPos2(наблюдение): установлен rva 2F1EC0
[34236] FilterShowAll(вкладка 0): call предиката подменён rva 2F41F7
[34236] FilterShowAll(вкладка 1): call предиката подменён rva 2F7471
[34236] PlayerNext: call в конструкторе topbar подменён rva 30D090
[34236] PlayerNext: vftable[0] topbar подменён rva A113D0
[34236] PlayerVolume: vftable[1] topbar (деструктор) подменён
[34236] PlayerVolume: call покадровой функции подменён rva 285727
[34236] SettingsApply: хук установлен rva 35BB50
[34236] SettingsApply: call применения настроек подменён rva 35C67E
[34236] MusicFairRandom: установлен rva 05534D
[34236] LoadProductionTypeLimits: читаю 'I:\Vic2_Dev\V2BDSM\mod\2\common\production_types.txt' (22339 байт)
[34236] ParseProductionTypes: разобрано 65 типов производства (шаблонов пропущено: 62)
[34236] ProdTypeGateHook: установлен
[34236] LoadProvinceGoods: ванильная history\provinces не найдена (I:\Vic2_Dev\V2BDSM\history\provinces)
[34236] LoadProvinceGoods: готово, 2708 провинций с trade_goods
[34236] HideNoSupplyFactoriesHook: установлен
[34236] PriceDelta: 25 сотых процента, множитель 163
[34236] VersionLabel: 'V2 v3.04 + V2DLL v4.98' (len=22), пещера 02010000
[34236] Minting: 'monetary_system_level' - переменная страны (0, если не задана)
[34236] Minting: формула ' industry_score + industry_score * monetary_system_level * 0.25' из 'mod/2\common\minting.txt' (7 узлов); пример без переменных страны: industry_score=1000, total_population=4000000 -> 1000.00
[34236] CountryDaily: call подменён rva 109F74
[34236] Minting income(факт): установлен rva 12B510
[34236] Minting income(расчёт): установлен rva 12B769
[34236] Minting подсказка(запомнить): установлен rva 12A135
[34236] Minting подсказка(строка): установлен rva 12B0A3
[34236] Окно бюджета: подсказка над textbox'ами: установлен rva 20A0B8
[34236] Minting: установлен (income факт=1 расчёт=1, подсказка=1, minting_inc=1, подсказка minting_inc=1)
[34236] GoodsConsumption: чтение goods_consumption установлено (слот 4 двух vftable CBuilding)
[34236] GoodsConsumption расходы(факт): установлен rva 12B5E1
[34236] GoodsConsumption расходы(расчёт): установлен rva 12B354
[34236] GoodsConsumption график панели: установлен rva 30E859
[34236] GoodsConsumption текст панели: установлен rva 30F3A4
[34236] GoodsConsumption карточка товара: установлен rva 079C07
[34236] GoodsConsumption: установлен (дневной хук=1 расходы факт=1 расчёт=1 график=1 текст=1, строка бюджета=1, подсказка=1, карточка товара=1, спрос рынка=1)
[34236] CombatRoll: диапазон 0..4 (модуль=5)
[34236] OosWatch: FUN_00682EC0 rva 282EC0 chk= + Logs\v2dll_oos.log
[34236] IdleSkipNested: PATCH_SKIP_NESTED_IDLE=0 FIX_ARMY_WINDOW_LAG=1 PATCH_SKIP_CHK_WIN=0 PATCH_CAM_STILL=0
[34236] Install: done
[34236] DllMain: attach, Install = 1
[34236] D3D9: Present перехвачен, FPU_PRESERVE=1 noVsync=0 interval=80000000
[34236] D3D9: Present перехвачен, FPU_PRESERVE=1 noVsync=0 interval=00000001
[34236] GoodsConsumption: здание 'naval_base': 4 товаров в goods_consumption
[34236] GoodsConsumption:   cement = 0.750
[34236] GoodsConsumption:   steel = 1.000
[34236] GoodsConsumption:   glass = 1.000
[34236] GoodsConsumption:   timber = 2.000
[34236] Setup[CTechnologyView]: 'FE_ACADEMIES_BDSM' подписана
[34236] Setup[CTechnologyView]: 'FE_RPROJECTS_BDSM' подписана
[34236] Player: кнопка 'button_fe_player_next' подписана (button=4D0E3070)
[34236] Player: кнопка 'button_fe_player_pause' подписана (button=4D0E42B8)
[34236] Player: topbar=2ECCD660 подписано кнопок: 2
[34236] PlayerVolume: ползунок 'fe_player_volume_slider' подписан (slider=36F7F930, громкость 0.0)
[34236] Setup[CBudgetView]: 'FE_BUDGET_DIPLO_BDSM' подписана
[34236] SetupHideColonialButton: подписана
[34236] SaveEmbark: сохранено 0 запис(ей) о посаженных союзных армиях в 'Logs\allyembark\autosave.v2.allyembark' (меток expeditionary_owner: 0)
[34236] SaveEmbark: сохранено 0 запис(ей) о посаженных союзных армиях в 'Logs\allyembark\autosave.v2.allyembark' (меток expeditionary_owner: 0)
[34236] SaveEmbark: сохранено 0 запис(ей) о посаженных союзных армиях в 'Logs\allyembark\autosave.v2.allyembark' (меток expeditionary_owner: 0)
[34236] SaveEmbark: сохранено 0 запис(ей) о посаженных союзных армиях в 'Logs\allyembark\autosave.v2.allyembark' (меток expeditionary_owner: 0)
[34236] SaveEmbark: сохранено 0 запис(ей) о посаженных союзных армиях в 'Logs\allyembark\autosave.v2.allyembark' (меток expeditionary_owner: 0)
[34236] SaveEmbark: сохранено 0 запис(ей) о посаженных союзных армиях в 'Logs\allyembark\autosave.v2.allyembark' (меток expeditionary_owner: 0)
[34236] SaveEmbark: сохранено 0 запис(ей) о посаженных союзных армиях в 'Logs\allyembark\autosave.v2.allyembark' (меток expeditionary_owner: 0)
[34236] SaveEmbark: сохранено 0 запис(ей) о посаженных союзных армиях в 'Logs\allyembark\autosave.v2.allyembark' (меток expeditionary_owner: 0)
[34236] SaveEmbark: сохранено 0 запис(ей) о посаженных союзных армиях в 'Logs\allyembark\autosave.v2.allyembark' (меток expeditionary_owner: 0)
[34236] SaveEmbark: сохранено 0 запис(ей) о посаженных союзных армиях в 'Logs\allyembark\autosave.v2.allyembark' (меток expeditionary_owner: 0)
[28204] CrashWatch: Logs\v2dll_crash.log + v2dll_crash_hint.txt (memory dump выключен: ENABLE_CRASH_DUMP=0)
[28204] LoadSettingsFrom: читаю 'v2dll_settings.ini'
[28204] ---- Install ---- версия 5.10 pid=28204 tid=20360
[28204] base = 00710000
[28204] logs = Logs\ (v2dll.log, v2dll_oos.log, v2dll_crash.log)
[28204] localModConfig=0 fixSfxMixerLag=1 patchFixArmyWindowLag=1 enableCrashDump=0
[28204] CivilizeNullCheck: включён принудительно
[28204] ChkWinSkip: принудительно выкл (2859C0 = дневной тик, не GUI)
[28204] CamStill: принудительно выкл (3.59: idle-шторм, FPS хуже)
[28204] Timer: timeBeginPeriod(1) = 0
[28204] Timer: NtSetTimerResolution(1ms) status=00000000 cur=9989
[28204] Select: ws2_32.select перехвачен (микшер 68B47D >2мс -> 1мс, timeval копия)
[28204] CPU: priority ABOVE_NORMAL
[28204] CPU: power throttling off
[28204] Heap: LFH включён на 2 из 2 куч (LAA exe=1)
[28204] FPU: CreateThread exe перехвачен
[28204] FPU: GetTickCount - отложенный патч TBB/D3D
[28204] FPU: пин на главном цикле rva 5DF550
[28204] MainLoopSleep0: Sleep(100) -> Sleep(1) rva 5DF2D5
[28204] MainLoopSleep0: Sleep(100) -> Sleep(1) rva 5DF684
[28204] D3D9: Direct3DCreate9 перехвачен
[28204] TBB: _beginthreadex перехвачен
[28204] TBB: кап снят (ENGINE_WORKER_THREADS=0), initialize не трогаем
[28204] Engine: FPU=1 D3D=1 LFH=1 threadPin=1 tbbCap=0 sleep0=1 noVsync=0 prio=1
[28204] ProvDirtyTime: idle rva 3FC360
[28204] ArmySelect: таймер FUN_007FC360 rva 3FC360
[28204] ArmyPickTime: idle rva 1CC530
[28204] ArmySelect: таймер army_selected rva 1CC530
[28204] ArmyMoveTime: idle rva 1CCEC0
[28204] ArmySelect: таймер army_move rva 1CCEC0
[28204] IdlerNotifyTime: idle rva 26A7F0
[28204] ArmySelect: таймер CInGameIdler notify rva 26A7F0
[28204] SelProjTime: idle rva 1D4540
[28204] ArmySelect: таймер mesh selection_projection rva 1D4540 (skip=0)
[28204] PanelRebuildTime: idle rva 393290
[28204] ArmySelect: таймер 393290 (ваниль, без skip)
[28204] IdleBrigadeTime: idle rva 391BB0
[28204] ArmySelect: таймер 391BB0 bb0/bb0h/bb0t (ваниль, без skip)
[28204] ReorgIdlePanelTime: idle rva 3810A0
[28204] ArmySelect: таймер 3810A0 (реорг)
[28204] IdleBrigadeTailTime: idle rva 391C6E
[28204] ArmySelect: таймер хвоста 391C6E (без skip)
[28204] Bb0Str009350: mid rva 391BEE n=5
[28204] Bb0FindChild: mid rva 391BFE n=6
[28204] Bb0ListVfunc: mid rva 391C2D n=9
[28204] Bb0Hash19C160: mid rva 391C44 n=5
[28204] ArmySelect: split-таймеры 391BB0 4/4 (s=009350 f=FindChild l=list+7C g=hash o=остаток)
[28204] ListboxUpdate5B2750: idle rva 5B2750
[28204] ArmySelect: таймер 5B2750 listbox Update детей (bb0u)
[28204] ListboxChild24: mid rva 5B275C n=5
[28204] ArmySelect: таймер child +0x24 внутри 5B2750 (bb0ch)
[28204] ListSyncCall38AF3A: mid rva 38AF3A n=5
[28204] ArmySelect: call 38B4C0 @38AF3A с ESI (bb0rb/syncm), без C++ wrap
[28204] ListEqCall38B2E0: mid rva 38AF44 n=5
[28204] ArmySelect: таймер call 38B2E0 @38AF44 (bb0eqA scrollbar)
[28204] ListEqCall38B140: mid rva 38AF49 n=5
[28204] ArmySelect: skip Show на equal-path (eqVskip); rebuild = ванильный 5B1FA0
[28204] ListEqHead38B152: mid rva 38B152 n=9
[28204] ArmySelect: таймер head 38B140 @38B152 (bb0eqH)
[28204] ListEqVcall38B183: mid rva 38B183 n=5
[28204] ArmySelect: eqV @38B183 skip или call EAX=5B1FA0 (bb0eqV)
[28204] EqVSlice4507: mid rva 5E4507 n=6
[28204] EqVSlice4595: mid rva 5E4595 n=6
[28204] EqVSlice4672: mid rva 5E4672 n=6
[28204] EqVSlice46A5: mid rva 5E46A5 n=6
[28204] EqVSlice46D5: mid rva 5E46D5 n=6
[28204] EqVSlice4705: mid rva 5E4705 n=6
[28204] EqVSlice4735: mid rva 5E4735 n=6
[28204] EqVSlice4762: mid rva 5E4762 n=9
[28204] ArmySelect: срезы 5E4490 p/v/l/Ta-Td/w/x gated
[28204] EqVTbChild34: mid rva 5E46C9 n=7
[28204] ArmySelect: таймер Tb child vt+0x34 @46C9 (bb0eqTbC/tbCnt)
[28204] ListEqStr38B1C2: mid rva 38B1C2 n=5
[28204] ArmySelect: таймер call 008ED0 @38B1C2 (bb0eqS)
[28204] ListEqRow38B1CD: mid rva 38B1CD n=5
[28204] ArmySelect: таймер call 38A4D0 @38B1CD (bb0eqR)
[28204] ArmySelect: патч окна СНЯТ — ищем утечку FPS на ванили
[28204] DlgCtorTime: idle rva 240680
[28204] WinReuse: таймер CEU3Dialog ctor rva 240680
[28204] InflateTime: idle rva 240B90
[28204] WinReuse: таймер inflate DefaultDialog rva 240B90
[28204] MapTime: idle rva 41A450
[28204] WinReuse: таймер map follow-up rva 41A450
[28204] IdleInGame: idle rva 254D80
[28204] MapScroll: таймер IdleInGame rva 254D80 (ing= QPC мкс)
[28204] MapOverlay: idle rva 257B60
[28204] MapScroll: таймер overlay/input rva 257B60 (ovl=)
[28204] MapCamera: idle rva 2592F0
[28204] MapScroll: таймер camera/view rva 2592F0 (cam=) PATCH_CAM_STILL=0
[28204] MapMtx: idle rva 5AE320
[28204] MapScroll: таймер matrix rva 5AE320 (mtx=)
[28204] MapView: idle rva 5EB7C0
[28204] MapScroll: таймер view rva 5EB7C0 (vw=)
[28204] MapIcons: idle rva 3F7CE0
[28204] MapScroll: таймер map objects rva 3F7CE0 (ico=)
[28204] MapGfx: idle rva 59C370
[28204] MapScroll: таймер gfx tick rva 59C370 (gfx=)
[28204] IdlePre: idle rva 254620
[28204] MapScroll: таймер pre-cam rva 254620 (pre=)
[28204] IdleGui2: idle rva 248460
[28204] MapScroll: таймер post-ovl GUI rva 248460 (gui2=)
[28204] IdleCln: idle rva 1F7A50
[28204] MapScroll: таймер idle cleanup rva 1F7A50 (cln=)
[28204] IdleTail: idle rva 24F350
[28204] MapScroll: таймер idle tail rva 24F350 (tail=)
[28204] IdleLkp: idle rva 055290
[28204] MapScroll: таймер lookup rva 055290 (lkp=)
[28204] CamStr: idle rva 588F20
[28204] MapScroll: таймер string rva 588F20 ESI (str=)
[28204] IdleClu: idle rva 254530
[28204] MapScroll: таймер dirty-кластер rva 254530 ESI (clu=)
[28204] IdlePump: idle rva 5DF2B0
[28204] MapScroll: таймер насоса Peek/Dispatch rva 5DF2B0 ESI (pump=)
[28204] IdleWck: idle rva 2859C0
[28204] MapScroll: таймер 2859C0 дневной тик (wck=); skip выкл
[28204] MapScroll: PeekMessageA IAT, счёт только внутри IdleInGame
[28204] MapScroll: DispatchMessageA IAT, счёт только внутри IdleInGame
[28204] MapScroll: IdleSpike pump 5DF2B0. 285620 EDI+XMM не хукаем. 2592F0 skip только через +0x1e08
[28204] WinReuse: пул GUI выключен (таймеры dlg/inf/map живы, Hide-keep нет)
[28204] PopQuantize: FUN_00485E40, keep_bits=12
[28204] MpClientSleep: pump Sleep(40) -> Sleep(1) rva 71DD2C
[28204] WFSO: WaitForSingleObject exe перехвачен (16-50мс -> 1, INFINITE не трогаем)
[28204] patch CTechnologyView: слот 11 = 1
[28204] patch CBudgetView: слот 10 = 1
[28204] patch CProductionView: слот 10 = 1
[28204] patch CPoliticsView: слот 10 = 1
[28204] patch CDecision: слот 6 = 1
[28204] Patch 'always_add_wargoals': применён на rva 138AFF
[28204] Patch 'land_reinforce': применён на rva 1C8C9B
[28204] Patch 'naval_reinforce': применён на rva 1C8B1C
[28204] Patch 'max_relative_price': применён на rva A45C28
[28204] Patch 'consciousness_plurality_growth': применён на rva 10C5DE
[28204] Patch 'allied_reinforce_150': применён на rva 1D74BE
[28204] Patch 'combat_loss_popup_all': применён на rva 19CC5D
[28204] Patch 'build_factory_ignore_colonial_1': применён на rva 0D0C57
[28204] Patch 'build_factory_ignore_colonial_2': применён на rva 12FA4E
[28204] Patch 'build_factory_button_enable_ignore_colonial': применён на rva 12E977
[28204] Patch 'local_supply_factory_ignore_colonial': применён на rva 0D0E9D
[28204] Patch 'build_factory_ignore_uncivilized_button': применён на rva 12E96E
[28204] Patch 'build_factory_checklist_uncivilized_own': применён на rva 12EA67
[28204] Patch 'build_factory_checklist_uncivilized_other': применён на rva 12F0D4
[28204] Patch 'build_factory_ignore_uncivilized_can_build': применён на rva 12CA3E
[28204] OccupiedReinforceSplit: occupied=100.0%, пещера 02380000
[28204] AllyOwnerCheck: owned-by-ally=150%, occupied-by-ally=100.0%, пещера 02390000, ok=1
[28204] AllyEmbark: установлен (владелец rva 1D77A0, клик rva 1CD058, вместимость rva 1D5E97)
[28204] SaveEmbark: установлен (rva 721F00)
[28204] LoadEmbark: установлен (rva 721F40)
[28204] LoadRepair: установлен (rva 1D7CC4)
[28204] FleetPassengerTooltip: установлен (vtable rva A16BD0 слот 12) = 1
[28204] FleetCapture: установлен (rva 38F559)
[28204] CivilizeNullCheck: установлен на rva 14248B, пещера 023A0000
[28204] SupplySourceNullCheck: установлен на rva 0D15EB, пещера 023B0000
[28204] TechCompareNullCheck: установлен на rva 3A918A, пещера 023C0000
[28204] TechFolderIconNullCheck: установлен на rva 3ADE98, пещера 023D0000
[28204] ProdListVisibilityHook: установлен
[28204] HideRawGoodsFilter: установлен rva 2F1C30
[28204] GoodsFilterPos2(наблюдение): установлен rva 2F1EC0
[28204] FilterShowAll(вкладка 0): call предиката подменён rva 2F41F7
[28204] FilterShowAll(вкладка 1): call предиката подменён rva 2F7471
[28204] PlayerNext: call в конструкторе topbar подменён rva 30D090
[28204] PlayerNext: vftable[0] topbar подменён rva A113D0
[28204] PlayerVolume: vftable[1] topbar (деструктор) подменён
[28204] PlayerVolume: call покадровой функции подменён rva 285727
[28204] SettingsApply: хук установлен rva 35BB50
[28204] SettingsApply: call применения настроек подменён rva 35C67E
[28204] MusicFairRandom: установлен rva 05534D
[28204] LoadProductionTypeLimits: читаю 'I:\Vic2_Dev\V2BDSM\mod\2\common\production_types.txt' (22339 байт)
[28204]   [0] synthetics_template limit=0 good=-
[28204]   [1] machine_part_user_template limit=0 good=-
[28204]   [2] stock_exchange_template limit=0 good=-
[28204]   [3] aeroplane_factory limit=0 good=electric_gear
[28204]   [4] barrel_factory limit=0 good=automobiles
[28204]   [5] automobile_factory limit=0 good=steel
[28204]   [6] radio_factory limit=0 good=glass
[28204]   [7] telephone_factory limit=0 good=glass
[28204]   [8] electric_gear_factory limit=0 good=rubber
[28204]   [9] pharmaceutical_plant limit=0 good=glass
[28204]   [10] steamer_shipyard limit=0 good=steel
[28204]   [11] artillery_factory limit=0 good=explosives
[28204]   [12] small_arms_factory limit=0 good=timber
[28204]   [13] steel_factory limit=0 good=iron
[28204]   [14] machine_parts_factory limit=0 good=steel
[28204]   [15] liquor_distillery limit=0 good=grain
[28204]   [16] winery limit=0 good=fruit
[28204]   [17] fertilizer_factory limit=0 good=sulphur
[28204]   [18] furniture_factory limit=0 good=timber
[28204]   [19] explosives_factory limit=0 good=sulphur
[28204]   [20] luxury_clothes_factory limit=0 good=silk
[28204]   [21] luxury_furniture_factory limit=0 good=tropical_wood
[28204]   [22] construction_goods_factory limit=0 good=steel
[28204]   [23] cement_factory limit=0 good=coal
[28204]   [24] glass_factory limit=0 good=coal
[28204]   [25] paper_mill limit=0 good=timber
[28204]   [26] fishery limit=0 good=raw_grain
[28204]   [27] regular_clothes_factory limit=0 good=cotton
[28204]   [28] canned_food_factory limit=0 good=grain
[28204]   [29] cattle_ranch limit=0 good=-
[28204]   [30] coal_mine limit=0 good=-
[28204]   [31] coffee_plantation limit=0 good=-
[28204]   [32] cotton_plantation limit=0 good=-
[28204]   [33] dye_plantation limit=0 good=-
[28204]   [34] grain_farm limit=0 good=-
[28204]   [35] iron_mine limit=0 good=-
[28204]   [36] oil_rig limit=0 good=-
[28204]   [37] opium_plantation limit=0 good=-
[28204]   [38] orchard limit=0 good=-
[28204]   [39] precious_metal_mine limit=0 good=-
[28204]   [40] rubber_lodge limit=0 good=-
[28204]   [41] silkworm_ranch limit=0 good=-
[28204]   [42] sulphur_mine limit=0 good=-
[28204]   [43] tea_plantation limit=0 good=-
[28204]   [44] timber_lodge limit=0 good=-
[28204]   [45] tobacco_plantation limit=0 good=-
[28204]   [46] tropical_wood_lodge limit=0 good=-
[28204]   [47] peasant_grain limit=0 good=grain
[28204]   [48] cattle_factory limit=1 good=raw_cattle
[28204]   [49] coal_factory limit=1 good=raw_coal
[28204]   [50] coffee_factory limit=1 good=raw_tea
[28204]   [51] cotton_factory limit=1 good=raw_cotton
[28204]   [52] dye_factory limit=1 good=raw_dye
[28204]   [53] grain_factory limit=1 good=raw_grain
[28204]   [54] iron_factory limit=1 good=raw_iron
[28204]   [55] oil_factory limit=1 good=raw_oil
[28204]   [56] opium_factory limit=1 good=raw_opium
[28204]   [57] fruit_factory limit=1 good=raw_fruit
[28204]   [58] rubber_factory limit=1 good=raw_rubber
[28204]   [59] silk_factory limit=1 good=raw_silk
[28204]   [60] sulphur_factory limit=1 good=raw_sulphur
[28204]   [61] tea_factory limit=1 good=raw_tea
[28204]   [62] timber_factory limit=1 good=raw_timber
[28204]   [63] tobacco_factory limit=1 good=raw_tobacco
[28204]   [64] tropical_wood_factory limit=1 good=raw_tropical_wood
[28204] ParseProductionTypes: разобрано 65 типов производства (шаблонов пропущено: 62)
[28204] ProdTypeGateHook: установлен
[28204] LoadProvinceGoods: ванильная history\provinces не найдена (I:\Vic2_Dev\V2BDSM\history\provinces)
[28204] LoadProvinceGoods: сканирую мод 'I:\Vic2_Dev\V2BDSM\mod\2\history\provinces' (перекрывает ванильные id)
[28204] LoadProvinceGoods: готово, 2708 провинций с trade_goods
[28204] HideNoSupplyFactoriesHook: установлен
[28204] EventMusic: no se pudo cargar eventmusic.dll (error 126)
[28204] PriceDelta: 25 сотых процента, множитель 163
[28204] VersionLabel: 'V2 v3.04 + V2DLL v5.10' (len=22), пещера 03A20000
[28204] Minting: 'monetary_system_level' - переменная страны (0, если не задана)
[28204] Minting: формула ' industry_score + industry_score * monetary_system_level * 0.25' из 'mod/2\common\minting.txt' (7 узлов); пример без переменных страны: industry_score=1000, total_population=4000000 -> 1000.00
[28204] CountryDaily: call подменён rva 109F74
[28204] Minting income(факт): установлен rva 12B510
[28204] Minting income(расчёт): установлен rva 12B769
[28204] Minting подсказка(запомнить): установлен rva 12A135
[28204] Minting подсказка(строка): установлен rva 12B0A3
[28204] Окно бюджета: подсказка над textbox'ами: установлен rva 20A0B8
[28204] Minting: установлен (income факт=1 расчёт=1, подсказка=1, minting_inc=1, подсказка minting_inc=1)
[28204] GoodsConsumption: чтение goods_consumption установлено (слот 4 двух vftable CBuilding)
[28204] GoodsConsumption расходы(факт): установлен rva 12B5E1
[28204] GoodsConsumption расходы(расчёт): установлен rva 12B354
[28204] GoodsConsumption график панели: установлен rva 30E859
[28204] GoodsConsumption текст панели: установлен rva 30F3A4
[28204] GoodsConsumption карточка товара: установлен rva 079C07
[28204] GoodsConsumption: установлен (дневной хук=1 расходы факт=1 расчёт=1 график=1 текст=1, строка бюджета=1, подсказка=1, карточка товара=1, спрос рынка=1)
[28204] CombatRoll: диапазон 0..4 (модуль=5)
[28204] OosWatch: FUN_00682EC0 rva 282EC0 chk= + Logs\v2dll_oos.log
[28204] ClipboardPaste: hilo independiente iniciado (Ctrl+V)
[28204] IdleSkipNested: PATCH_SKIP_NESTED_IDLE=0 FIX_ARMY_WINDOW_LAG=1 PATCH_SKIP_CHK_WIN=0 PATCH_CAM_STILL=0
[28204] Install: done
[28204] DllMain: attach, Install = 1
[28204] ClipboardPaste: hook de teclado activo (Ctrl+V), sin espera de sondeo
[28204] D3D9: Present перехвачен, FPU_PRESERVE=1 noVsync=0 interval=80000000
[28204] D3D9: Present перехвачен, FPU_PRESERVE=1 noVsync=0 interval=00000001
[28204] Present: caller rva 00595934
[28204] GoodsConsumption: здание 'naval_base': 4 товаров в goods_consumption
[28204] GoodsConsumption:   cement = 0.750
[28204] GoodsConsumption:   steel = 1.000
[28204] GoodsConsumption:   glass = 1.000
[28204] GoodsConsumption:   timber = 2.000
[28204] Present: tid=20360 23 кадр / 6396 мс (~3 fps), inside 0/4 мс, sleep 0/0 мс, tgt=0 sel=0/0/0 recv=0/0 wfso=0/0 qpc=0 eu3=0/0 nudge=0/0 ing=0/0/0 stall=277/1451 dirty=0/0/0 pick=0/0 move=0/0 proj=0/0 projskip=0 uv=0/0 reuse=0 pool=0/0 ntf=0/0 skiprb=0 skiploc=0 evt=0/0 dlg=0/0 inf=0/0 map=0/0 winreuse=0 ovl=0/0/0 cam=0/0/0 mtx=1/0/0 vw=0/0/0 ico=0/0/0 gfx=22/0/0 pre=0/0/0 gui2=0/0/0 cln=0/0/0 tail=0/0/0 hd=0/0/0 aft=0/0/0 lkp=0/0/0 str=163818/0/0 clu=0/0/0 pump=0/0/0 chk=0/0/0 wck=0/0/0 wskip=0 cskip=0 da8=0 rw=0 bb0=0/0/0 bb0h=0/0/0 bb0t=0/0/0 rorg=0/0/0 rbld=0/0/0 bb0s=0/0/0 bb0f=0/0/0 bb0l=0/0/0 bb0g=0/0/0 bb0o=0/0/0 bb0u=0/0/0 bb0ch=0/0/0 bb0c1=0/0/0 bb0c2=0/0/0 bb0c3=0/0/0 bb0c4=0/0/0 bb0cx=0/0/0 bb0rb=0/0/0 bb0eqA=0/0/0 bb0eqB=0/0/0 bb0eqH=0/0/0 bb0eqV=0/0/0 bb0eqVp=0/0/0 bb0eqVv=0/0/0 bb0eqVl=0/0/0 bb0eqTa=0/0/0 bb0eqTb=0/0/0 bb0eqTbC=0/0/0 bb0eqTbNst=0/0/0 nstA=0/0/0 nstB=0/0/0 tbCnt=0/0/0 tbEF=0/0 nstSWC=0/0/0 bb0eqTc=0/0/0 bb0eqTd=0/0/0 bb0eqVw=0/0/0 bb0eqVx=0/0/0/0 bb0eqS=0/0/0 bb0eqR=0/0/0 eqVskip=0 syncm=0 flx=0
[28204] Present: tid=20360 130 кадр / 5009 мс (~25 fps), inside 1/15 мс, sleep 0/0 мс, tgt=0 sel=0/0/0 recv=0/0 wfso=0/0 qpc=0 eu3=0/0 nudge=0/0 ing=0/0/0 stall=37/1291 dirty=1/2/2 pick=0/0 move=0/0 proj=0/0 projskip=0 uv=0/0 reuse=0 pool=0/0 ntf=0/0 skiprb=0 skiploc=0 evt=0/0 dlg=0/0 inf=0/0 map=1/0 winreuse=0 ovl=0/0/0 cam=0/0/0 mtx=124/0/0 vw=0/0/0 ico=123/55/5 gfx=130/0/0 pre=0/0/0 gui2=123/1/0 cln=0/0/0 tail=0/0/0 hd=0/0/0 aft=0/0/0 lkp=0/0/0 str=5073/0/0 clu=0/0/0 pump=0/0/0 chk=0/0/0 wck=0/0/0 wskip=0 cskip=0 da8=0 rw=0 bb0=0/0/0 bb0h=0/0/0 bb0t=0/0/0 rorg=0/0/0 rbld=0/0/0 bb0s=0/0/0 bb0f=0/0/0 bb0l=0/0/0 bb0g=0/0/0 bb0o=0/0/0 bb0u=0/0/0 bb0ch=0/0/0 bb0c1=0/0/0 bb0c2=0/0/0 bb0c3=0/0/0 bb0c4=0/0/0 bb0cx=0/0/0 bb0rb=0/0/0 bb0eqA=0/0/0 bb0eqB=0/0/0 bb0eqH=0/0/0 bb0eqV=0/0/0 bb0eqVp=0/0/0 bb0eqVv=0/0/0 bb0eqVl=0/0/0 bb0eqTa=0/0/0 bb0eqTb=0/0/0 bb0eqTbC=0/0/0 bb0eqTbNst=0/0/0 nstA=0/0/0 nstB=0/0/0 tbCnt=0/0/0 tbEF=0/0 nstSWC=0/0/0 bb0eqTc=0/0/0 bb0eqTd=0/0/0 bb0eqVw=0/0/0 bb0eqVx=0/0/0/0 bb0eqS=0/0/0 bb0eqR=0/0/0 eqVskip=0 syncm=0 flx=0
[28204] Present: tid=20360 348 кадр / 5003 мс (~69 fps), inside 0/26 мс, sleep 0/0 мс, tgt=0 sel=0/0/0 recv=0/0 wfso=0/0 qpc=0 eu3=0/0 nudge=0/0 ing=0/0/0 stall=13/16 dirty=0/0/0 pick=0/0 move=0/0 proj=0/0 projskip=0 uv=0/0 reuse=0 pool=0/0 ntf=0/0 skiprb=0 skiploc=0 evt=0/0 dlg=0/0 inf=0/0 map=0/0 winreuse=0 ovl=0/0/0 cam=0/0/0 mtx=348/0/0 vw=0/0/0 ico=348/137/0 gfx=348/0/0 pre=0/0/0 gui2=348/4/0 cln=0/0/0 tail=0/0/0 hd=0/0/0 aft=0/0/0 lkp=0/0/0 str=0/0/0 clu=0/0/0 pump=0/0/0 chk=0/0/0 wck=0/0/0 wskip=0 cskip=0 da8=0 rw=0 bb0=0/0/0 bb0h=0/0/0 bb0t=0/0/0 rorg=0/0/0 rbld=0/0/0 bb0s=0/0/0 bb0f=0/0/0 bb0l=0/0/0 bb0g=0/0/0 bb0o=0/0/0 bb0u=0/0/0 bb0ch=0/0/0 bb0c1=0/0/0 bb0c2=0/0/0 bb0c3=0/0/0 bb0c4=0/0/0 bb0cx=0/0/0 bb0rb=0/0/0 bb0eqA=0/0/0 bb0eqB=0/0/0 bb0eqH=0/0/0 bb0eqV=0/0/0 bb0eqVp=0/0/0 bb0eqVv=0/0/0 bb0eqVl=0/0/0 bb0eqTa=0/0/0 bb0eqTb=0/0/0 bb0eqTbC=0/0/0 bb0eqTbNst=0/0/0 nstA=0/0/0 nstB=0/0/0 tbCnt=0/0/0 tbEF=0/0 nstSWC=0/0/0 bb0eqTc=0/0/0 bb0eqTd=0/0/0 bb0eqVw=0/0/0 bb0eqVx=0/0/0/0 bb0eqS=0/0/0 bb0eqR=0/0/0 eqVskip=0 syncm=0 flx=0
[28204] Present: tid=20360 350 кадр / 5000 мс (~70 fps), inside 0/3 мс, sleep 0/0 мс, tgt=0 sel=0/0/0 recv=0/0 wfso=0/0 qpc=0 eu3=0/0 nudge=0/0 ing=0/0/0 stall=14/16 dirty=0/0/0 pick=0/0 move=0/0 proj=0/0 projskip=0 uv=0/0 reuse=0 pool=0/0 ntf=0/0 skiprb=0 skiploc=0 evt=0/0 dlg=0/0 inf=0/0 map=0/0 winreuse=0 ovl=0/0/0 cam=0/0/0 mtx=350/0/0 vw=0/0/0 ico=350/149/0 gfx=350/0/0 pre=0/0/0 gui2=350/5/0 cln=0/0/0 tail=0/0/0 hd=0/0/0 aft=0/0/0 lkp=0/0/0 str=0/0/0 clu=0/0/0 pump=0/0/0 chk=0/0/0 wck=0/0/0 wskip=0 cskip=0 da8=0 rw=0 bb0=0/0/0 bb0h=0/0/0 bb0t=0/0/0 rorg=0/0/0 rbld=0/0/0 bb0s=0/0/0 bb0f=0/0/0 bb0l=0/0/0 bb0g=0/0/0 bb0o=0/0/0 bb0u=0/0/0 bb0ch=0/0/0 bb0c1=0/0/0 bb0c2=0/0/0 bb0c3=0/0/0 bb0c4=0/0/0 bb0cx=0/0/0 bb0rb=0/0/0 bb0eqA=0/0/0 bb0eqB=0/0/0 bb0eqH=0/0/0 bb0eqV=0/0/0 bb0eqVp=0/0/0 bb0eqVv=0/0/0 bb0eqVl=0/0/0 bb0eqTa=0/0/0 bb0eqTb=0/0/0 bb0eqTbC=0/0/0 bb0eqTbNst=0/0/0 nstA=0/0/0 nstB=0/0/0 tbCnt=0/0/0 tbEF=0/0 nstSWC=0/0/0 bb0eqTc=0/0/0 bb0eqTd=0/0/0 bb0eqVw=0/0/0 bb0eqVx=0/0/0/0 bb0eqS=0/0/0 bb0eqR=0/0/0 eqVskip=0 syncm=0 flx=0
[28204] Present: tid=20360 350 кадр / 5000 мс (~70 fps), inside 0/4 мс, sleep 0/0 мс, tgt=0 sel=0/0/0 recv=0/0 wfso=0/0 qpc=0 eu3=0/0 nudge=0/0 ing=0/0/0 stall=13/21 dirty=0/0/0 pick=0/0 move=0/0 proj=0/0 projskip=0 uv=0/0 reuse=0 pool=0/0 ntf=0/0 skiprb=0 skiploc=0 evt=0/0 dlg=0/0 inf=0/0 map=0/0 winreuse=0 ovl=0/0/0 cam=0/0/0 mtx=350/0/0 vw=0/0/0 ico=350/154/0 gfx=350/0/0 pre=0/0/0 gui2=350/6/0 cln=0/0/0 tail=0/0/0 hd=0/0/0 aft=0/0/0 lkp=0/0/0 str=0/0/0 clu=0/0/0 pump=0/0/0 chk=0/0/0 wck=0/0/0 wskip=0 cskip=0 da8=0 rw=0 bb0=0/0/0 bb0h=0/0/0 bb0t=0/0/0 rorg=0/0/0 rbld=0/0/0 bb0s=0/0/0 bb0f=0/0/0 bb0l=0/0/0 bb0g=0/0/0 bb0o=0/0/0 bb0u=0/0/0 bb0ch=0/0/0 bb0c1=0/0/0 bb0c2=0/0/0 bb0c3=0/0/0 bb0c4=0/0/0 bb0cx=0/0/0 bb0rb=0/0/0 bb0eqA=0/0/0 bb0eqB=0/0/0 bb0eqH=0/0/0 bb0eqV=0/0/0 bb0eqVp=0/0/0 bb0eqVv=0/0/0 bb0eqVl=0/0/0 bb0eqTa=0/0/0 bb0eqTb=0/0/0 bb0eqTbC=0/0/0 bb0eqTbNst=0/0/0 nstA=0/0/0 nstB=0/0/0 tbCnt=0/0/0 tbEF=0/0 nstSWC=0/0/0 bb0eqTc=0/0/0 bb0eqTd=0/0/0 bb0eqVw=0/0/0 bb0eqVx=0/0/0/0 bb0eqS=0/0/0 bb0eqR=0/0/0 eqVskip=0 syncm=0 flx=0
[28204] Present: tid=20360 350 кадр / 5001 мс (~69 fps), inside 0/19 мс, sleep 0/0 мс, tgt=0 sel=0/0/0 recv=0/0 wfso=0/0 qpc=0 eu3=0/0 nudge=0/0 ing=0/0/0 stall=13/16 dirty=0/0/0 pick=0/0 move=0/0 proj=0/0 projskip=0 uv=0/0 reuse=0 pool=0/0 ntf=0/0 skiprb=0 skiploc=0 evt=0/0 dlg=0/0 inf=0/0 map=0/0 winreuse=0 ovl=0/0/0 cam=0/0/0 mtx=350/0/0 vw=0/0/0 ico=350/145/0 gfx=350/0/0 pre=0/0/0 gui2=350/5/0 cln=0/0/0 tail=0/0/0 hd=0/0/0 aft=0/0/0 lkp=0/0/0 str=0/0/0 clu=0/0/0 pump=0/0/0 chk=0/0/0 wck=0/0/0 wskip=0 cskip=0 da8=0 rw=0 bb0=0/0/0 bb0h=0/0/0 bb0t=0/0/0 rorg=0/0/0 rbld=0/0/0 bb0s=0/0/0 bb0f=0/0/0 bb0l=0/0/0 bb0g=0/0/0 bb0o=0/0/0 bb0u=0/0/0 bb0ch=0/0/0 bb0c1=0/0/0 bb0c2=0/0/0 bb0c3=0/0/0 bb0c4=0/0/0 bb0cx=0/0/0 bb0rb=0/0/0 bb0eqA=0/0/0 bb0eqB=0/0/0 bb0eqH=0/0/0 bb0eqV=0/0/0 bb0eqVp=0/0/0 bb0eqVv=0/0/0 bb0eqVl=0/0/0 bb0eqTa=0/0/0 bb0eqTb=0/0/0 bb0eqTbC=0/0/0 bb0eqTbNst=0/0/0 nstA=0/0/0 nstB=0/0/0 tbCnt=0/0/0 tbEF=0/0 nstSWC=0/0/0 bb0eqTc=0/0/0 bb0eqTd=0/0/0 bb0eqVw=0/0/0 bb0eqVx=0/0/0/0 bb0eqS=0/0/0 bb0eqR=0/0/0 eqVskip=0 syncm=0 flx=0
[28204] Present: tid=20360 350 кадр / 5000 мс (~70 fps), inside 0/4 мс, sleep 0/0 мс, tgt=0 sel=0/0/0 recv=0/0 wfso=0/0 qpc=0 eu3=0/0 nudge=0/0 ing=0/0/0 stall=14/15 dirty=0/0/0 pick=0/0 move=0/0 proj=0/0 projskip=0 uv=0/0 reuse=0 pool=0/0 ntf=0/0 skiprb=0 skiploc=0 evt=0/0 dlg=0/0 inf=0/0 map=0/0 winreuse=0 ovl=0/0/0 cam=0/0/0 mtx=350/0/0 vw=0/0/0 ico=350/151/0 gfx=350/0/0 pre=0/0/0 gui2=350/3/0 cln=0/0/0 tail=0/0/0 hd=0/0/0 aft=0/0/0 lkp=0/0/0 str=0/0/0 clu=0/0/0 pump=0/0/0 chk=0/0/0 wck=0/0/0 wskip=0 cskip=0 da8=0 rw=0 bb0=0/0/0 bb0h=0/0/0 bb0t=0/0/0 rorg=0/0/0 rbld=0/0/0 bb0s=0/0/0 bb0f=0/0/0 bb0l=0/0/0 bb0g=0/0/0 bb0o=0/0/0 bb0u=0/0/0 bb0ch=0/0/0 bb0c1=0/0/0 bb0c2=0/0/0 bb0c3=0/0/0 bb0c4=0/0/0 bb0cx=0/0/0 bb0rb=0/0/0 bb0eqA=0/0/0 bb0eqB=0/0/0 bb0eqH=0/0/0 bb0eqV=0/0/0 bb0eqVp=0/0/0 bb0eqVv=0/0/0 bb0eqVl=0/0/0 bb0eqTa=0/0/0 bb0eqTb=0/0/0 bb0eqTbC=0/0/0 bb0eqTbNst=0/0/0 nstA=0/0/0 nstB=0/0/0 tbCnt=0/0/0 tbEF=0/0 nstSWC=0/0/0 bb0eqTc=0/0/0 bb0eqTd=0/0/0 bb0eqVw=0/0/0 bb0eqVx=0/0/0/0 bb0eqS=0/0/0 bb0eqR=0/0/0 eqVskip=0 syncm=0 flx=0
[28204] Present: tid=20360 350 кадр / 5003 мс (~69 fps), inside 0/8 мс, sleep 0/0 мс, tgt=0 sel=0/0/0 recv=0/0 wfso=0/0 qpc=0 eu3=0/0 nudge=0/0 ing=0/0/0 stall=13/17 dirty=0/0/0 pick=0/0 move=0/0 proj=0/0 projskip=0 uv=0/0 reuse=0 pool=0/0 ntf=0/0 skiprb=0 skiploc=0 evt=0/0 dlg=0/0 inf=0/0 map=0/0 winreuse=0 ovl=0/0/0 cam=0/0/0 mtx=350/0/0 vw=0/0/0 ico=350/156/0 gfx=350/0/0 pre=0/0/0 gui2=350/5/0 cln=0/0/0 tail=0/0/0 hd=0/0/0 aft=0/0/0 lkp=0/0/0 str=0/0/0 clu=0/0/0 pump=0/0/0 chk=0/0/0 wck=0/0/0 wskip=0 cskip=0 da8=0 rw=0 bb0=0/0/0 bb0h=0/0/0 bb0t=0/0/0 rorg=0/0/0 rbld=0/0/0 bb0s=0/0/0 bb0f=0/0/0 bb0l=0/0/0 bb0g=0/0/0 bb0o=0/0/0 bb0u=0/0/0 bb0ch=0/0/0 bb0c1=0/0/0 bb0c2=0/0/0 bb0c3=0/0/0 bb0c4=0/0/0 bb0cx=0/0/0 bb0rb=0/0/0 bb0eqA=0/0/0 bb0eqB=0/0/0 bb0eqH=0/0/0 bb0eqV=0/0/0 bb0eqVp=0/0/0 bb0eqVv=0/0/0 bb0eqVl=0/0/0 bb0eqTa=0/0/0 bb0eqTb=0/0/0 bb0eqTbC=0/0/0 bb0eqTbNst=0/0/0 nstA=0/0/0 nstB=0/0/0 tbCnt=0/0/0 tbEF=0/0 nstSWC=0/0/0 bb0eqTc=0/0/0 bb0eqTd=0/0/0 bb0eqVw=0/0/0 bb0eqVx=0/0/0/0 bb0eqS=0/0/0 bb0eqR=0/0/0 eqVskip=0 syncm=0 flx=0
[28204] Present: tid=20360 351 кадр / 5011 мс (~70 fps), inside 0/5 мс, sleep 0/0 мс, tgt=0 sel=0/0/0 recv=0/0 wfso=0/0 qpc=0 eu3=0/0 nudge=0/0 ing=0/0/0 stall=13/16 dirty=0/0/0 pick=0/0 move=0/0 proj=0/0 projskip=0 uv=0/0 reuse=0 pool=0/0 ntf=0/0 skiprb=0 skiploc=0 evt=0/0 dlg=0/0 inf=0/0 map=0/0 winreuse=0 ovl=0/0/0 cam=0/0/0 mtx=351/0/0 vw=0/0/0 ico=351/171/0 gfx=351/0/0 pre=0/0/0 gui2=351/4/0 cln=0/0/0 tail=0/0/0 hd=0/0/0 aft=0/0/0 lkp=0/0/0 str=0/0/0 clu=0/0/0 pump=0/0/0 chk=0/0/0 wck=0/0/0 wskip=0 cskip=0 da8=0 rw=0 bb0=0/0/0 bb0h=0/0/0 bb0t=0/0/0 rorg=0/0/0 rbld=0/0/0 bb0s=0/0/0 bb0f=0/0/0 bb0l=0/0/0 bb0g=0/0/0 bb0o=0/0/0 bb0u=0/0/0 bb0ch=0/0/0 bb0c1=0/0/0 bb0c2=0/0/0 bb0c3=0/0/0 bb0c4=0/0/0 bb0cx=0/0/0 bb0rb=0/0/0 bb0eqA=0/0/0 bb0eqB=0/0/0 bb0eqH=0/0/0 bb0eqV=0/0/0 bb0eqVp=0/0/0 bb0eqVv=0/0/0 bb0eqVl=0/0/0 bb0eqTa=0/0/0 bb0eqTb=0/0/0 bb0eqTbC=0/0/0 bb0eqTbNst=0/0/0 nstA=0/0/0 nstB=0/0/0 tbCnt=0/0/0 tbEF=0/0 nstSWC=0/0/0 bb0eqTc=0/0/0 bb0eqTd=0/0/0 bb0eqVw=0/0/0 bb0eqVx=0/0/0/0 bb0eqS=0/0/0 bb0eqR=0/0/0 eqVskip=0 syncm=0 flx=0
[28204] Present: tid=20360 350 кадр / 5000 мс (~70 fps), inside 0/4 мс, sleep 0/0 мс, tgt=0 sel=0/0/0 recv=0/0 wfso=0/0 qpc=0 eu3=0/0 nudge=0/0 ing=0/0/0 stall=13/17 dirty=0/0/0 pick=0/0 move=0/0 proj=0/0 projskip=0 uv=0/0 reuse=0 pool=0/0 ntf=0/0 skiprb=0 skiploc=0 evt=0/0 dlg=0/0 inf=0/0 map=0/0 winreuse=0 ovl=0/0/0 cam=0/0/0 mtx=350/0/0 vw=0/0/0 ico=350/177/1 gfx=350/0/0 pre=0/0/0 gui2=350/5/0 cln=0/0/0 tail=0/0/0 hd=0/0/0 aft=0/0/0 lkp=0/0/0 str=0/0/0 clu=0/0/0 pump=0/0/0 chk=0/0/0 wck=0/0/0 wskip=0 cskip=0 da8=0 rw=0 bb0=0/0/0 bb0h=0/0/0 bb0t=0/0/0 rorg=0/0/0 rbld=0/0/0 bb0s=0/0/0 bb0f=0/0/0 bb0l=0/0/0 bb0g=0/0/0 bb0o=0/0/0 bb0u=0/0/0 bb0ch=0/0/0 bb0c1=0/0/0 bb0c2=0/0/0 bb0c3=0/0/0 bb0c4=0/0/0 bb0cx=0/0/0 bb0rb=0/0/0 bb0eqA=0/0/0 bb0eqB=0/0/0 bb0eqH=0/0/0 bb0eqV=0/0/0 bb0eqVp=0/0/0 bb0eqVv=0/0/0 bb0eqVl=0/0/0 bb0eqTa=0/0/0 bb0eqTb=0/0/0 bb0eqTbC=0/0/0 bb0eqTbNst=0/0/0 nstA=0/0/0 nstB=0/0/0 tbCnt=0/0/0 tbEF=0/0 nstSWC=0/0/0 bb0eqTc=0/0/0 bb0eqTd=0/0/0 bb0eqVw=0/0/0 bb0eqVx=0/0/0/0 bb0eqS=0/0/0 bb0eqR=0/0/0 eqVskip=0 syncm=0 flx=0
[28204] Present: tid=20360 350 кадр / 5002 мс (~69 fps), inside 0/8 мс, sleep 0/0 мс, tgt=0 sel=0/0/0 recv=0/0 wfso=0/0 qpc=0 eu3=0/0 nudge=0/0 ing=0/0/0 stall=13/18 dirty=0/0/0 pick=0/0 move=0/0 proj=0/0 projskip=0 uv=0/0 reuse=0 pool=0/0 ntf=0/0 skiprb=0 skiploc=0 evt=0/0 dlg=0/0 inf=0/0 map=0/0 winreuse=0 ovl=0/0/0 cam=0/0/0 mtx=350/0/0 vw=0/0/0 ico=350/173/0 gfx=350/0/0 pre=0/0/0 gui2=350/7/0 cln=0/0/0 tail=0/0/0 hd=0/0/0 aft=0/0/0 lkp=0/0/0 str=0/0/0 clu=0/0/0 pump=0/0/0 chk=0/0/0 wck=0/0/0 wskip=0 cskip=0 da8=0 rw=0 bb0=0/0/0 bb0h=0/0/0 bb0t=0/0/0 rorg=0/0/0 rbld=0/0/0 bb0s=0/0/0 bb0f=0/0/0 bb0l=0/0/0 bb0g=0/0/0 bb0o=0/0/0 bb0u=0/0/0 bb0ch=0/0/0 bb0c1=0/0/0 bb0c2=0/0/0 bb0c3=0/0/0 bb0c4=0/0/0 bb0cx=0/0/0 bb0rb=0/0/0 bb0eqA=0/0/0 bb0eqB=0/0/0 bb0eqH=0/0/0 bb0eqV=0/0/0 bb0eqVp=0/0/0 bb0eqVv=0/0/0 bb0eqVl=0/0/0 bb0eqTa=0/0/0 bb0eqTb=0/0/0 bb0eqTbC=0/0/0 bb0eqTbNst=0/0/0 nstA=0/0/0 nstB=0/0/0 tbCnt=0/0/0 tbEF=0/0 nstSWC=0/0/0 bb0eqTc=0/0/0 bb0eqTd=0/0/0 bb0eqVw=0/0/0 bb0eqVx=0/0/0/0 bb0eqS=0/0/0 bb0eqR=0/0/0 eqVskip=0 syncm=0 flx=0
[9296] CrashWatch: Logs\v2dll_crash.log + v2dll_crash_hint.txt (memory dump выключен: ENABLE_CRASH_DUMP=0)
[9296] LoadSettingsFrom: читаю 'v2dll_settings.ini'
[9296] ---- Install ---- версия 5.11 pid=9296 tid=26440
[9296] base = 00710000
[9296] logs = Logs\ (v2dll.log, v2dll_oos.log, v2dll_crash.log)
[9296] localModConfig=0 fixSfxMixerLag=1 patchFixArmyWindowLag=1 enableCrashDump=0
[9296] CivilizeNullCheck: включён принудительно
[9296] ChkWinSkip: принудительно выкл (2859C0 = дневной тик, не GUI)
[9296] CamStill: принудительно выкл (3.59: idle-шторм, FPS хуже)
[9296] Timer: timeBeginPeriod(1) = 0
[9296] Timer: NtSetTimerResolution(1ms) status=00000000 cur=9989
[9296] Select: ws2_32.select перехвачен (микшер 68B47D >2мс -> 1мс, timeval копия)
[9296] CPU: priority ABOVE_NORMAL
[9296] CPU: power throttling off
[9296] Heap: LFH включён на 2 из 2 куч (LAA exe=1)
[9296] FPU: CreateThread exe перехвачен
[9296] FPU: GetTickCount - отложенный патч TBB/D3D
[9296] FPU: пин на главном цикле rva 5DF550
[9296] MainLoopSleep0: Sleep(100) -> Sleep(1) rva 5DF2D5
[9296] MainLoopSleep0: Sleep(100) -> Sleep(1) rva 5DF684
[9296] D3D9: Direct3DCreate9 перехвачен
[9296] TBB: _beginthreadex перехвачен
[9296] TBB: кап снят (ENGINE_WORKER_THREADS=0), initialize не трогаем
[9296] Engine: FPU=1 D3D=1 LFH=1 threadPin=1 tbbCap=0 sleep0=1 noVsync=0 prio=1
[9296] PopQuantize: FUN_00485E40, keep_bits=12
[9296] MpClientSleep: pump Sleep(40) -> Sleep(1) rva 71DD2C
[9296] WFSO: WaitForSingleObject exe перехвачен (16-50мс -> 1, INFINITE не трогаем)
[9296] patch CTechnologyView: слот 11 = 1
[9296] patch CBudgetView: слот 10 = 1
[9296] patch CProductionView: слот 10 = 1
[9296] patch CPoliticsView: слот 10 = 1
[9296] patch CDecision: слот 6 = 1
[9296] Patch 'always_add_wargoals': применён на rva 138AFF
[9296] Patch 'land_reinforce': применён на rva 1C8C9B
[9296] Patch 'naval_reinforce': применён на rva 1C8B1C
[9296] Patch 'max_relative_price': применён на rva A45C28
[9296] Patch 'consciousness_plurality_growth': применён на rva 10C5DE
[9296] Patch 'allied_reinforce_150': применён на rva 1D74BE
[9296] Patch 'combat_loss_popup_all': применён на rva 19CC5D
[9296] Patch 'build_factory_ignore_colonial_1': применён на rva 0D0C57
[9296] Patch 'build_factory_ignore_colonial_2': применён на rva 12FA4E
[9296] Patch 'build_factory_button_enable_ignore_colonial': применён на rva 12E977
[9296] Patch 'local_supply_factory_ignore_colonial': применён на rva 0D0E9D
[9296] Patch 'build_factory_ignore_uncivilized_button': применён на rva 12E96E
[9296] Patch 'build_factory_checklist_uncivilized_own': применён на rva 12EA67
[9296] Patch 'build_factory_checklist_uncivilized_other': применён на rva 12F0D4
[9296] Patch 'build_factory_ignore_uncivilized_can_build': применён на rva 12CA3E
[9296] OccupiedReinforceSplit: occupied=100.0%, пещера 039A0000
[9296] AllyOwnerCheck: owned-by-ally=150%, occupied-by-ally=100.0%, пещера 039B0000, ok=1
[9296] AllyEmbark: установлен (владелец rva 1D77A0, клик rva 1CD058, вместимость rva 1D5E97)
[9296] SaveEmbark: установлен (rva 721F00)
[9296] LoadEmbark: установлен (rva 721F40)
[9296] LoadRepair: установлен (rva 1D7CC4)
[9296] FleetPassengerTooltip: установлен (vtable rva A16BD0 слот 12) = 1
[9296] FleetCapture: установлен (rva 38F559)
[9296] CivilizeNullCheck: установлен на rva 14248B, пещера 039C0000
[9296] SupplySourceNullCheck: установлен на rva 0D15EB, пещера 039D0000
[9296] TechCompareNullCheck: установлен на rva 3A918A, пещера 039E0000
[9296] TechFolderIconNullCheck: установлен на rva 3ADE98, пещера 039F0000
[9296] ProdListVisibilityHook: установлен
[9296] HideRawGoodsFilter: установлен rva 2F1C30
[9296] GoodsFilterPos2(наблюдение): установлен rva 2F1EC0
[9296] FilterShowAll(вкладка 0): call предиката подменён rva 2F41F7
[9296] FilterShowAll(вкладка 1): call предиката подменён rva 2F7471
[9296] PlayerNext: call в конструкторе topbar подменён rva 30D090
[9296] PlayerNext: vftable[0] topbar подменён rva A113D0
[9296] PlayerVolume: vftable[1] topbar (деструктор) подменён
[9296] PlayerVolume: call покадровой функции подменён rva 285727
[9296] SettingsApply: хук установлен rva 35BB50
[9296] SettingsApply: call применения настроек подменён rva 35C67E
[9296] MusicFairRandom: установлен rva 05534D
[9296] LoadProductionTypeLimits: читаю 'I:\Vic2_Dev\V2BDSM\mod\2\common\production_types.txt' (22339 байт)
[9296] ParseProductionTypes: разобрано 65 типов производства (шаблонов пропущено: 62)
[9296] ProdTypeGateHook: установлен
[9296] LoadProvinceGoods: ванильная history\provinces не найдена (I:\Vic2_Dev\V2BDSM\history\provinces)
[9296] LoadProvinceGoods: готово, 2708 провинций с trade_goods
[9296] HideNoSupplyFactoriesHook: установлен
[9296] EventMusic: no se pudo cargar eventmusic.dll (error 126)
[9296] PriceDelta: 25 сотых процента, множитель 163
[9296] VersionLabel: 'V2 v3.04 + V2DLL v5.11' (len=22), пещера 03A20000
[9296] Minting: 'monetary_system_level' - переменная страны (0, если не задана)
[9296] Minting: формула ' industry_score + industry_score * monetary_system_level * 0.25' из 'mod/2\common\minting.txt' (7 узлов); пример без переменных страны: industry_score=1000, total_population=4000000 -> 1000.00
[9296] CountryDaily: call подменён rva 109F74
[9296] Minting income(факт): установлен rva 12B510
[9296] Minting income(расчёт): установлен rva 12B769
[9296] Minting подсказка(запомнить): установлен rva 12A135
[9296] Minting подсказка(строка): установлен rva 12B0A3
[9296] Окно бюджета: подсказка над textbox'ами: установлен rva 20A0B8
[9296] Minting: установлен (income факт=1 расчёт=1, подсказка=1, minting_inc=1, подсказка minting_inc=1)
[9296] GoodsConsumption: чтение goods_consumption установлено (слот 4 двух vftable CBuilding)
[9296] GoodsConsumption расходы(факт): установлен rva 12B5E1
[9296] GoodsConsumption расходы(расчёт): установлен rva 12B354
[9296] GoodsConsumption график панели: установлен rva 30E859
[9296] GoodsConsumption текст панели: установлен rva 30F3A4
[9296] GoodsConsumption карточка товара: установлен rva 079C07
[9296] GoodsConsumption: установлен (дневной хук=1 расходы факт=1 расчёт=1 график=1 текст=1, строка бюджета=1, подсказка=1, карточка товара=1, спрос рынка=1)
[9296] CombatRoll: диапазон 0..4 (модуль=5)
[9296] OosWatch: FUN_00682EC0 rva 282EC0 chk= + Logs\v2dll_oos.log
[9296] ClipboardPaste: hilo independiente iniciado (Ctrl+V)
[9296] IdleSkipNested: PATCH_SKIP_NESTED_IDLE=0 FIX_ARMY_WINDOW_LAG=1 PATCH_SKIP_CHK_WIN=0 PATCH_CAM_STILL=0
[9296] Install: done
[9296] DllMain: attach, Install = 1
[9296] ClipboardPaste: hook de teclado activo (Ctrl+V), sin espera de sondeo
[9296] D3D9: Present перехвачен, FPU_PRESERVE=1 noVsync=0 interval=80000000
[9296] D3D9: Present перехвачен, FPU_PRESERVE=1 noVsync=0 interval=00000001
[9296] GoodsConsumption: здание 'naval_base': 4 товаров в goods_consumption
[9296] GoodsConsumption:   cement = 0.750
[9296] GoodsConsumption:   steel = 1.000
[9296] GoodsConsumption:   glass = 1.000
[9296] GoodsConsumption:   timber = 2.000
[9296] Setup[CTechnologyView]: 'FE_ACADEMIES_BDSM' подписана
[9296] Setup[CTechnologyView]: 'FE_RPROJECTS_BDSM' подписана
[9296] Player: кнопка 'button_fe_player_next' подписана (button=8588B4D0)
[9296] Player: кнопка 'button_fe_player_pause' подписана (button=8588A3F0)
[9296] Player: topbar=2F554DB8 подписано кнопок: 2
[9296] PlayerVolume: ползунок 'fe_player_volume_slider' подписан (slider=3772A3F8, громкость 0.0)
[15620] CrashWatch: Logs\v2dll_crash.log + v2dll_crash_hint.txt (memory dump выключен: ENABLE_CRASH_DUMP=0)
[15620] LoadSettingsFrom: читаю 'v2dll_settings.ini'
[15620] ---- Install ---- версия 5.11 pid=15620 tid=25024
[15620] base = 00710000
[15620] logs = Logs\ (v2dll.log, v2dll_oos.log, v2dll_crash.log)
[15620] localModConfig=0 fixSfxMixerLag=1 patchFixArmyWindowLag=1 enableCrashDump=0
[15620] CivilizeNullCheck: включён принудительно
[15620] ChkWinSkip: принудительно выкл (2859C0 = дневной тик, не GUI)
[15620] CamStill: принудительно выкл (3.59: idle-шторм, FPS хуже)
[15620] Timer: timeBeginPeriod(1) = 0
[15620] Timer: NtSetTimerResolution(1ms) status=00000000 cur=9989
[15620] Select: ws2_32.select перехвачен (микшер 68B47D >2мс -> 1мс, timeval копия)
[15620] CPU: priority ABOVE_NORMAL
[15620] CPU: power throttling off
[15620] Heap: LFH включён на 2 из 2 куч (LAA exe=1)
[15620] FPU: CreateThread exe перехвачен
[15620] FPU: GetTickCount - отложенный патч TBB/D3D
[15620] FPU: пин на главном цикле rva 5DF550
[15620] MainLoopSleep0: Sleep(100) -> Sleep(1) rva 5DF2D5
[15620] MainLoopSleep0: Sleep(100) -> Sleep(1) rva 5DF684
[15620] D3D9: Direct3DCreate9 перехвачен
[15620] TBB: _beginthreadex перехвачен
[15620] TBB: кап снят (ENGINE_WORKER_THREADS=0), initialize не трогаем
[15620] Engine: FPU=1 D3D=1 LFH=1 threadPin=1 tbbCap=0 sleep0=1 noVsync=0 prio=1
[15620] PopQuantize: FUN_00485E40, keep_bits=12
[15620] MpClientSleep: pump Sleep(40) -> Sleep(1) rva 71DD2C
[15620] WFSO: WaitForSingleObject exe перехвачен (16-50мс -> 1, INFINITE не трогаем)
[15620] patch CTechnologyView: слот 11 = 1
[15620] patch CBudgetView: слот 10 = 1
[15620] patch CProductionView: слот 10 = 1
[15620] patch CPoliticsView: слот 10 = 1
[15620] patch CDecision: слот 6 = 1
[15620] Patch 'always_add_wargoals': применён на rva 138AFF
[15620] Patch 'land_reinforce': применён на rva 1C8C9B
[15620] Patch 'naval_reinforce': применён на rva 1C8B1C
[15620] Patch 'max_relative_price': применён на rva A45C28
[15620] Patch 'consciousness_plurality_growth': применён на rva 10C5DE
[15620] Patch 'allied_reinforce_150': применён на rva 1D74BE
[15620] Patch 'combat_loss_popup_all': применён на rva 19CC5D
[15620] Patch 'build_factory_ignore_colonial_1': применён на rva 0D0C57
[15620] Patch 'build_factory_ignore_colonial_2': применён на rva 12FA4E
[15620] Patch 'build_factory_button_enable_ignore_colonial': применён на rva 12E977
[15620] Patch 'local_supply_factory_ignore_colonial': применён на rva 0D0E9D
[15620] Patch 'build_factory_ignore_uncivilized_button': применён на rva 12E96E
[15620] Patch 'build_factory_checklist_uncivilized_own': применён на rva 12EA67
[15620] Patch 'build_factory_checklist_uncivilized_other': применён на rva 12F0D4
[15620] Patch 'build_factory_ignore_uncivilized_can_build': применён на rva 12CA3E
[15620] OccupiedReinforceSplit: occupied=100.0%, пещера 038D0000
[15620] AllyOwnerCheck: owned-by-ally=150%, occupied-by-ally=100.0%, пещера 038E0000, ok=1
[15620] AllyEmbark: установлен (владелец rva 1D77A0, клик rva 1CD058, вместимость rva 1D5E97)
[15620] SaveEmbark: установлен (rva 721F00)
[15620] LoadEmbark: установлен (rva 721F40)
[15620] LoadRepair: установлен (rva 1D7CC4)
[15620] FleetPassengerTooltip: установлен (vtable rva A16BD0 слот 12) = 1
[15620] FleetCapture: установлен (rva 38F559)
[15620] CivilizeNullCheck: установлен на rva 14248B, пещера 038F0000
[15620] SupplySourceNullCheck: установлен на rva 0D15EB, пещера 03900000
[15620] TechCompareNullCheck: установлен на rva 3A918A, пещера 03910000
[15620] TechFolderIconNullCheck: установлен на rva 3ADE98, пещера 03920000
[15620] ProdListVisibilityHook: установлен
[15620] HideRawGoodsFilter: установлен rva 2F1C30
[15620] GoodsFilterPos2(наблюдение): установлен rva 2F1EC0
[15620] FilterShowAll(вкладка 0): call предиката подменён rva 2F41F7
[15620] FilterShowAll(вкладка 1): call предиката подменён rva 2F7471
[15620] PlayerNext: call в конструкторе topbar подменён rva 30D090
[15620] PlayerNext: vftable[0] topbar подменён rva A113D0
[15620] PlayerVolume: vftable[1] topbar (деструктор) подменён
[15620] PlayerVolume: call покадровой функции подменён rva 285727
[15620] SettingsApply: хук установлен rva 35BB50
[15620] SettingsApply: call применения настроек подменён rva 35C67E
[15620] MusicFairRandom: установлен rva 05534D
[15620] LoadProductionTypeLimits: читаю 'I:\Vic2_Dev\V2BDSM\mod\2\common\production_types.txt' (22339 байт)
[15620] ParseProductionTypes: разобрано 65 типов производства (шаблонов пропущено: 62)
[15620] ProdTypeGateHook: установлен
[15620] LoadProvinceGoods: ванильная history\provinces не найдена (I:\Vic2_Dev\V2BDSM\history\provinces)
[15620] LoadProvinceGoods: готово, 2708 провинций с trade_goods
[15620] HideNoSupplyFactoriesHook: установлен
[15620] EventMusic: no se pudo cargar eventmusic.dll (error 126)
[15620] PriceDelta: 25 сотых процента, множитель 163
[15620] VersionLabel: 'V2 v3.04 + V2DLL v5.11' (len=22), пещера 03950000
[15620] Minting: 'monetary_system_level' - переменная страны (0, если не задана)
[15620] Minting: формула ' industry_score + industry_score * monetary_system_level * 0.25' из 'mod/2\common\minting.txt' (7 узлов); пример без переменных страны: industry_score=1000, total_population=4000000 -> 1000.00
[15620] CountryDaily: call подменён rva 109F74
[15620] Minting income(факт): установлен rva 12B510
[15620] Minting income(расчёт): установлен rva 12B769
[15620] Minting подсказка(запомнить): установлен rva 12A135
[15620] Minting подсказка(строка): установлен rva 12B0A3
[15620] Окно бюджета: подсказка над textbox'ами: установлен rva 20A0B8
[15620] Minting: установлен (income факт=1 расчёт=1, подсказка=1, minting_inc=1, подсказка minting_inc=1)
[15620] GoodsConsumption: чтение goods_consumption установлено (слот 4 двух vftable CBuilding)
[15620] GoodsConsumption расходы(факт): установлен rva 12B5E1
[15620] GoodsConsumption расходы(расчёт): установлен rva 12B354
[15620] GoodsConsumption график панели: установлен rva 30E859
[15620] GoodsConsumption текст панели: установлен rva 30F3A4
[15620] GoodsConsumption карточка товара: установлен rva 079C07
[15620] GoodsConsumption: установлен (дневной хук=1 расходы факт=1 расчёт=1 график=1 текст=1, строка бюджета=1, подсказка=1, карточка товара=1, спрос рынка=1)
[15620] CombatRoll: диапазон 0..4 (модуль=5)
[15620] OosWatch: FUN_00682EC0 rva 282EC0 chk= + Logs\v2dll_oos.log
[15620] ClipboardPaste: hilo independiente iniciado (Ctrl+V)
[15620] IdleSkipNested: PATCH_SKIP_NESTED_IDLE=0 FIX_ARMY_WINDOW_LAG=1 PATCH_SKIP_CHK_WIN=0 PATCH_CAM_STILL=0
[15620] Install: done
[15620] DllMain: attach, Install = 1
[15620] ClipboardPaste: hook de teclado activo (Ctrl+V), sin espera de sondeo
[15620] D3D9: Present перехвачен, FPU_PRESERVE=1 noVsync=0 interval=80000000
[15620] D3D9: Present перехвачен, FPU_PRESERVE=1 noVsync=0 interval=00000001
[15620] GoodsConsumption: здание 'naval_base': 4 товаров в goods_consumption
[15620] GoodsConsumption:   cement = 0.750
[15620] GoodsConsumption:   steel = 1.000
[15620] GoodsConsumption:   glass = 1.000
[15620] GoodsConsumption:   timber = 2.000
[15620] Setup[CTechnologyView]: 'FE_ACADEMIES_BDSM' подписана
[15620] Setup[CTechnologyView]: 'FE_RPROJECTS_BDSM' подписана
[15620] Player: кнопка 'button_fe_player_next' подписана (button=4BF7BE38)
[15620] Player: кнопка 'button_fe_player_pause' подписана (button=4BF7CC48)
[15620] Player: topbar=2EFC6F00 подписано кнопок: 2
[15620] PlayerVolume: ползунок 'fe_player_volume_slider' подписан (slider=371BEB88, громкость 0.0)
[15620] SetupHideColonialButton: подписана
[15620] Setup[CBudgetView]: 'FE_BUDGET_DIPLO_BDSM' подписана
[15620] SaveEmbark: сохранено 0 запис(ей) о посаженных союзных армиях в 'Logs\allyembark\autosave.v2.allyembark' (меток expeditionary_owner: 0)
[15620] SaveEmbark: сохранено 0 запис(ей) о посаженных союзных армиях в 'Logs\allyembark\autosave.v2.allyembark' (меток expeditionary_owner: 0)
[15620] SaveEmbark: сохранено 0 запис(ей) о посаженных союзных армиях в 'Logs\allyembark\autosave.v2.allyembark' (меток expeditionary_owner: 0)
[15620] SaveEmbark: сохранено 0 запис(ей) о посаженных союзных армиях в 'Logs\allyembark\autosave.v2.allyembark' (меток expeditionary_owner: 0)
[28688] CrashWatch: Logs\v2dll_crash.log + v2dll_crash_hint.txt (memory dump выключен: ENABLE_CRASH_DUMP=0)
[28688] LoadSettingsFrom: читаю 'v2dll_settings.ini'
[28688] ---- Install ---- версия 5.11 pid=28688 tid=29920
[28688] base = 00710000
[28688] logs = Logs\ (v2dll.log, v2dll_oos.log, v2dll_crash.log)
[28688] localModConfig=0 fixSfxMixerLag=1 patchFixArmyWindowLag=1 enableCrashDump=0
[28688] CivilizeNullCheck: включён принудительно
[28688] ChkWinSkip: принудительно выкл (2859C0 = дневной тик, не GUI)
[28688] CamStill: принудительно выкл (3.59: idle-шторм, FPS хуже)
[28688] Timer: timeBeginPeriod(1) = 0
[28688] Timer: NtSetTimerResolution(1ms) status=00000000 cur=9989
[28688] Select: ws2_32.select перехвачен (микшер 68B47D >2мс -> 1мс, timeval копия)
[28688] CPU: priority ABOVE_NORMAL
[28688] CPU: power throttling off
[28688] Heap: LFH включён на 2 из 2 куч (LAA exe=1)
[28688] FPU: CreateThread exe перехвачен
[28688] FPU: GetTickCount - отложенный патч TBB/D3D
[28688] FPU: пин на главном цикле rva 5DF550
[28688] MainLoopSleep0: Sleep(100) -> Sleep(1) rva 5DF2D5
[28688] MainLoopSleep0: Sleep(100) -> Sleep(1) rva 5DF684
[28688] D3D9: Direct3DCreate9 перехвачен
[28688] TBB: _beginthreadex перехвачен
[28688] TBB: кап снят (ENGINE_WORKER_THREADS=0), initialize не трогаем
[28688] Engine: FPU=1 D3D=1 LFH=1 threadPin=1 tbbCap=0 sleep0=1 noVsync=0 prio=1
[28688] PopQuantize: FUN_00485E40, keep_bits=12
[28688] MpClientSleep: pump Sleep(40) -> Sleep(1) rva 71DD2C
[28688] WFSO: WaitForSingleObject exe перехвачен (16-50мс -> 1, INFINITE не трогаем)
[28688] patch CTechnologyView: слот 11 = 1
[28688] patch CBudgetView: слот 10 = 1
[28688] patch CProductionView: слот 10 = 1
[28688] patch CPoliticsView: слот 10 = 1
[28688] patch CDecision: слот 6 = 1
[28688] Patch 'always_add_wargoals': применён на rva 138AFF
[28688] Patch 'land_reinforce': применён на rva 1C8C9B
[28688] Patch 'naval_reinforce': применён на rva 1C8B1C
[28688] Patch 'max_relative_price': применён на rva A45C28
[28688] Patch 'consciousness_plurality_growth': применён на rva 10C5DE
[28688] Patch 'allied_reinforce_150': применён на rva 1D74BE
[28688] Patch 'combat_loss_popup_all': применён на rva 19CC5D
[28688] Patch 'build_factory_ignore_colonial_1': применён на rva 0D0C57
[28688] Patch 'build_factory_ignore_colonial_2': применён на rva 12FA4E
[28688] Patch 'build_factory_button_enable_ignore_colonial': применён на rva 12E977
[28688] Patch 'local_supply_factory_ignore_colonial': применён на rva 0D0E9D
[28688] Patch 'build_factory_ignore_uncivilized_button': применён на rva 12E96E
[28688] Patch 'build_factory_checklist_uncivilized_own': применён на rva 12EA67
[28688] Patch 'build_factory_checklist_uncivilized_other': применён на rva 12F0D4
[28688] Patch 'build_factory_ignore_uncivilized_can_build': применён на rva 12CA3E
[28688] OccupiedReinforceSplit: occupied=100.0%, пещера 021F0000
[28688] AllyOwnerCheck: owned-by-ally=150%, occupied-by-ally=100.0%, пещера 02200000, ok=1
[28688] AllyEmbark: установлен (владелец rva 1D77A0, клик rva 1CD058, вместимость rva 1D5E97)
[28688] SaveEmbark: установлен (rva 721F00)
[28688] LoadEmbark: установлен (rva 721F40)
[28688] LoadRepair: установлен (rva 1D7CC4)
[28688] FleetPassengerTooltip: установлен (vtable rva A16BD0 слот 12) = 1
[28688] FleetCapture: установлен (rva 38F559)
[28688] CivilizeNullCheck: установлен на rva 14248B, пещера 02210000
[28688] SupplySourceNullCheck: установлен на rva 0D15EB, пещера 02220000
[28688] TechCompareNullCheck: установлен на rva 3A918A, пещера 02230000
[28688] TechFolderIconNullCheck: установлен на rva 3ADE98, пещера 02240000
[28688] ProdListVisibilityHook: установлен
[28688] HideRawGoodsFilter: установлен rva 2F1C30
[28688] GoodsFilterPos2(наблюдение): установлен rva 2F1EC0
[28688] FilterShowAll(вкладка 0): call предиката подменён rva 2F41F7
[28688] FilterShowAll(вкладка 1): call предиката подменён rva 2F7471
[28688] PlayerNext: call в конструкторе topbar подменён rva 30D090
[28688] PlayerNext: vftable[0] topbar подменён rva A113D0
[28688] PlayerVolume: vftable[1] topbar (деструктор) подменён
[28688] PlayerVolume: call покадровой функции подменён rva 285727
[28688] SettingsApply: хук установлен rva 35BB50
[28688] SettingsApply: call применения настроек подменён rva 35C67E
[28688] MusicFairRandom: установлен rva 05534D
[28688] LoadProductionTypeLimits: читаю 'I:\Vic2_Dev\V2BDSM\mod\2\common\production_types.txt' (22339 байт)
[28688] ParseProductionTypes: разобрано 65 типов производства (шаблонов пропущено: 62)
[28688] ProdTypeGateHook: установлен
[28688] LoadProvinceGoods: ванильная history\provinces не найдена (I:\Vic2_Dev\V2BDSM\history\provinces)
[28688] LoadProvinceGoods: готово, 2708 провинций с trade_goods
[28688] HideNoSupplyFactoriesHook: установлен
[28688] EventMusic: no se pudo cargar eventmusic.dll (error 126)
[28688] PriceDelta: 25 сотых процента, множитель 163
[28688] VersionLabel: 'V2 v3.04 + V2DLL v5.11' (len=22), пещера 02270000
[28688] Minting: 'monetary_system_level' - переменная страны (0, если не задана)
[28688] Minting: формула ' industry_score + industry_score * monetary_system_level * 0.25' из 'mod/2\common\minting.txt' (7 узлов); пример без переменных страны: industry_score=1000, total_population=4000000 -> 1000.00
[28688] CountryDaily: call подменён rva 109F74
[28688] Minting income(факт): установлен rva 12B510
[28688] Minting income(расчёт): установлен rva 12B769
[28688] Minting подсказка(запомнить): установлен rva 12A135
[28688] Minting подсказка(строка): установлен rva 12B0A3
[28688] Окно бюджета: подсказка над textbox'ами: установлен rva 20A0B8
[28688] Minting: установлен (income факт=1 расчёт=1, подсказка=1, minting_inc=1, подсказка minting_inc=1)
[28688] GoodsConsumption: чтение goods_consumption установлено (слот 4 двух vftable CBuilding)
[28688] GoodsConsumption расходы(факт): установлен rva 12B5E1
[28688] GoodsConsumption расходы(расчёт): установлен rva 12B354
[28688] GoodsConsumption график панели: установлен rva 30E859
[28688] GoodsConsumption текст панели: установлен rva 30F3A4
[28688] GoodsConsumption карточка товара: установлен rva 079C07
[28688] GoodsConsumption: установлен (дневной хук=1 расходы факт=1 расчёт=1 график=1 текст=1, строка бюджета=1, подсказка=1, карточка товара=1, спрос рынка=1)
[28688] CombatRoll: диапазон 0..4 (модуль=5)
[28688] OosWatch: FUN_00682EC0 rva 282EC0 chk= + Logs\v2dll_oos.log
[28688] ClipboardPaste: hilo independiente iniciado (Ctrl+V)
[28688] IdleSkipNested: PATCH_SKIP_NESTED_IDLE=0 FIX_ARMY_WINDOW_LAG=1 PATCH_SKIP_CHK_WIN=0 PATCH_CAM_STILL=0
[28688] Install: done
[28688] DllMain: attach, Install = 1
[28688] ClipboardPaste: hook de teclado activo (Ctrl+V), sin espera de sondeo
[28688] D3D9: Present перехвачен, FPU_PRESERVE=1 noVsync=0 interval=80000000
[28688] D3D9: Present перехвачен, FPU_PRESERVE=1 noVsync=0 interval=00000001
[28688] GoodsConsumption: здание 'naval_base': 4 товаров в goods_consumption
[28688] GoodsConsumption:   cement = 0.500
[28688] GoodsConsumption:   steel = 1.000
[28688] GoodsConsumption:   glass = 1.000
[28688] GoodsConsumption:   timber = 1.000
[28688] Setup[CTechnologyView]: 'FE_ACADEMIES_BDSM' подписана
[28688] Setup[CTechnologyView]: 'FE_RPROJECTS_BDSM' подписана
[28688] Player: кнопка 'button_fe_player_next' подписана (button=506842F0)
[28688] Player: кнопка 'button_fe_player_pause' подписана (button=506845C0)
[28688] Player: topbar=2F4ED068 подписано кнопок: 2
[28688] PlayerVolume: ползунок 'fe_player_volume_slider' подписан (slider=377AD648, громкость 0.0)
[28688] SetupHideColonialButton: подписана
[28688] Setup[CBudgetView]: 'FE_BUDGET_DIPLO_BDSM' подписана
[28688] SaveEmbark: сохранено 0 запис(ей) о посаженных союзных армиях в 'Logs\allyembark\autosave.v2.allyembark' (меток expeditionary_owner: 0)
[29072] CrashWatch: Logs\v2dll_crash.log + v2dll_crash_hint.txt (memory dump выключен: ENABLE_CRASH_DUMP=0)
[29072] LoadSettingsFrom: читаю 'v2dll_settings.ini'
[29072] ---- Install ---- версия 5.11 pid=29072 tid=16520
[29072] base = 00710000
[29072] logs = Logs\ (v2dll.log, v2dll_oos.log, v2dll_crash.log)
[29072] localModConfig=0 fixSfxMixerLag=1 patchFixArmyWindowLag=1 enableCrashDump=0
[29072] CivilizeNullCheck: включён принудительно
[29072] ChkWinSkip: принудительно выкл (2859C0 = дневной тик, не GUI)
[29072] CamStill: принудительно выкл (3.59: idle-шторм, FPS хуже)
[29072] Timer: timeBeginPeriod(1) = 0
[29072] Timer: NtSetTimerResolution(1ms) status=00000000 cur=9989
[29072] Select: ws2_32.select перехвачен (микшер 68B47D >2мс -> 1мс, timeval копия)
[29072] CPU: priority ABOVE_NORMAL
[29072] CPU: power throttling off
[29072] Heap: LFH включён на 2 из 2 куч (LAA exe=1)
[29072] FPU: CreateThread exe перехвачен
[29072] FPU: GetTickCount - отложенный патч TBB/D3D
[29072] FPU: пин на главном цикле rva 5DF550
[29072] MainLoopSleep0: Sleep(100) -> Sleep(1) rva 5DF2D5
[29072] MainLoopSleep0: Sleep(100) -> Sleep(1) rva 5DF684
[29072] D3D9: Direct3DCreate9 перехвачен
[29072] TBB: _beginthreadex перехвачен
[29072] TBB: кап снят (ENGINE_WORKER_THREADS=0), initialize не трогаем
[29072] Engine: FPU=1 D3D=1 LFH=1 threadPin=1 tbbCap=0 sleep0=1 noVsync=0 prio=1
[29072] PopQuantize: FUN_00485E40, keep_bits=12
[29072] MpClientSleep: pump Sleep(40) -> Sleep(1) rva 71DD2C
[29072] WFSO: WaitForSingleObject exe перехвачен (16-50мс -> 1, INFINITE не трогаем)
[29072] patch CTechnologyView: слот 11 = 1
[29072] patch CBudgetView: слот 10 = 1
[29072] patch CProductionView: слот 10 = 1
[29072] patch CPoliticsView: слот 10 = 1
[29072] patch CDecision: слот 6 = 1
[29072] Patch 'always_add_wargoals': применён на rva 138AFF
[29072] Patch 'land_reinforce': применён на rva 1C8C9B
[29072] Patch 'naval_reinforce': применён на rva 1C8B1C
[29072] Patch 'max_relative_price': применён на rva A45C28
[29072] Patch 'consciousness_plurality_growth': применён на rva 10C5DE
[29072] Patch 'allied_reinforce_150': применён на rva 1D74BE
[29072] Patch 'combat_loss_popup_all': применён на rva 19CC5D
[29072] Patch 'build_factory_ignore_colonial_1': применён на rva 0D0C57
[29072] Patch 'build_factory_ignore_colonial_2': применён на rva 12FA4E
[29072] Patch 'build_factory_button_enable_ignore_colonial': применён на rva 12E977
[29072] Patch 'local_supply_factory_ignore_colonial': применён на rva 0D0E9D
[29072] Patch 'build_factory_ignore_uncivilized_button': применён на rva 12E96E
[29072] Patch 'build_factory_checklist_uncivilized_own': применён на rva 12EA67
[29072] Patch 'build_factory_checklist_uncivilized_other': применён на rva 12F0D4
[29072] Patch 'build_factory_ignore_uncivilized_can_build': применён на rva 12CA3E
[29072] OccupiedReinforceSplit: occupied=100.0%, пещера 021F0000
[29072] AllyOwnerCheck: owned-by-ally=150%, occupied-by-ally=100.0%, пещера 02200000, ok=1
[29072] AllyEmbark: установлен (владелец rva 1D77A0, клик rva 1CD058, вместимость rva 1D5E97)
[29072] SaveEmbark: установлен (rva 721F00)
[29072] LoadEmbark: установлен (rva 721F40)
[29072] LoadRepair: установлен (rva 1D7CC4)
[29072] FleetPassengerTooltip: установлен (vtable rva A16BD0 слот 12) = 1
[29072] FleetCapture: установлен (rva 38F559)
[29072] CivilizeNullCheck: установлен на rva 14248B, пещера 02210000
[29072] SupplySourceNullCheck: установлен на rva 0D15EB, пещера 02220000
[29072] TechCompareNullCheck: установлен на rva 3A918A, пещера 02230000
[29072] TechFolderIconNullCheck: установлен на rva 3ADE98, пещера 02240000
[29072] ProdListVisibilityHook: установлен
[29072] HideRawGoodsFilter: установлен rva 2F1C30
[29072] GoodsFilterPos2(наблюдение): установлен rva 2F1EC0
[29072] FilterShowAll(вкладка 0): call предиката подменён rva 2F41F7
[29072] FilterShowAll(вкладка 1): call предиката подменён rva 2F7471
[29072] PlayerNext: call в конструкторе topbar подменён rva 30D090
[29072] PlayerNext: vftable[0] topbar подменён rva A113D0
[29072] PlayerVolume: vftable[1] topbar (деструктор) подменён
[29072] PlayerVolume: call покадровой функции подменён rva 285727
[29072] SettingsApply: хук установлен rva 35BB50
[29072] SettingsApply: call применения настроек подменён rva 35C67E
[29072] MusicFairRandom: установлен rva 05534D
[29072] LoadProductionTypeLimits: читаю 'I:\Vic2_Dev\V2BDSM\mod\2\common\production_types.txt' (22339 байт)
[29072] ParseProductionTypes: разобрано 65 типов производства (шаблонов пропущено: 62)
[29072] ProdTypeGateHook: установлен
[29072] LoadProvinceGoods: ванильная history\provinces не найдена (I:\Vic2_Dev\V2BDSM\history\provinces)
[29072] LoadProvinceGoods: готово, 2708 провинций с trade_goods
[29072] HideNoSupplyFactoriesHook: установлен
[29072] EventMusic: no se pudo cargar eventmusic.dll (error 126)
[29072] PriceDelta: 25 сотых процента, множитель 163
[29072] VersionLabel: 'V2 v3.04 + V2DLL v5.11' (len=22), пещера 02270000
[29072] Minting: 'monetary_system_level' - переменная страны (0, если не задана)
[29072] Minting: формула ' industry_score + industry_score * monetary_system_level * 0.25' из 'mod/2\common\minting.txt' (7 узлов); пример без переменных страны: industry_score=1000, total_population=4000000 -> 1000.00
[29072] CountryDaily: call подменён rva 109F74
[29072] Minting income(факт): установлен rva 12B510
[29072] Minting income(расчёт): установлен rva 12B769
[29072] Minting подсказка(запомнить): установлен rva 12A135
[29072] Minting подсказка(строка): установлен rva 12B0A3
[29072] Окно бюджета: подсказка над textbox'ами: установлен rva 20A0B8
[29072] Minting: установлен (income факт=1 расчёт=1, подсказка=1, minting_inc=1, подсказка minting_inc=1)
[29072] GoodsConsumption: чтение goods_consumption установлено (слот 4 двух vftable CBuilding)
[29072] GoodsConsumption расходы(факт): установлен rva 12B5E1
[29072] GoodsConsumption расходы(расчёт): установлен rva 12B354
[29072] GoodsConsumption график панели: установлен rva 30E859
[29072] GoodsConsumption текст панели: установлен rva 30F3A4
[29072] GoodsConsumption карточка товара: установлен rva 079C07
[29072] GoodsConsumption: установлен (дневной хук=1 расходы факт=1 расчёт=1 график=1 текст=1, строка бюджета=1, подсказка=1, карточка товара=1, спрос рынка=1)
[29072] CombatRoll: диапазон 0..4 (модуль=5)
[29072] OosWatch: FUN_00682EC0 rva 282EC0 chk= + Logs\v2dll_oos.log
[29072] ClipboardPaste: hilo independiente iniciado (Ctrl+V)
[29072] IdleSkipNested: PATCH_SKIP_NESTED_IDLE=0 FIX_ARMY_WINDOW_LAG=1 PATCH_SKIP_CHK_WIN=0 PATCH_CAM_STILL=0
[29072] Install: done
[29072] DllMain: attach, Install = 1
[29072] ClipboardPaste: hook de teclado activo (Ctrl+V), sin espera de sondeo
[29072] D3D9: Present перехвачен, FPU_PRESERVE=1 noVsync=0 interval=80000000
[29072] D3D9: Present перехвачен, FPU_PRESERVE=1 noVsync=0 interval=00000001
[29072] GoodsConsumption: здание 'naval_base': 4 товаров в goods_consumption
[29072] GoodsConsumption:   cement = 0.500
[29072] GoodsConsumption:   steel = 1.000
[29072] GoodsConsumption:   glass = 1.000
[29072] GoodsConsumption:   timber = 1.000
[29072] Setup[CTechnologyView]: 'FE_ACADEMIES_BDSM' подписана
[29072] Setup[CTechnologyView]: 'FE_RPROJECTS_BDSM' подписана
[29072] Player: кнопка 'button_fe_player_next' подписана (button=4FDA6430)
[29072] Player: кнопка 'button_fe_player_pause' подписана (button=4FDA54B8)
[29072] Player: topbar=2F52FDF8 подписано кнопок: 2
[29072] PlayerVolume: ползунок 'fe_player_volume_slider' подписан (slider=3777FA58, громкость 0.0)
[29072] SetupHideColonialButton: подписана
[29072] SaveEmbark: сохранено 0 запис(ей) о посаженных союзных армиях в 'Logs\allyembark\autosave.v2.allyembark' (меток expeditionary_owner: 0)
[29072] Setup[CBudgetView]: 'FE_BUDGET_DIPLO_BDSM' подписана
[29072] SaveEmbark: сохранено 0 запис(ей) о посаженных союзных армиях в 'Logs\allyembark\autosave.v2.allyembark' (меток expeditionary_owner: 0)
[29072] SaveEmbark: сохранено 0 запис(ей) о посаженных союзных армиях в 'Logs\allyembark\autosave.v2.allyembark' (меток expeditionary_owner: 0)
[29072] SaveEmbark: сохранено 0 запис(ей) о посаженных союзных армиях в 'Logs\allyembark\autosave.v2.allyembark' (меток expeditionary_owner: 0)
[2152] CrashWatch: Logs\v2dll_crash.log + v2dll_crash_hint.txt (memory dump выключен: ENABLE_CRASH_DUMP=0)
[2152] LoadSettingsFrom: читаю 'v2dll_settings.ini'
[2152] ---- Install ---- версия 5.11 pid=2152 tid=33248
[2152] base = 00710000
[2152] logs = Logs\ (v2dll.log, v2dll_oos.log, v2dll_crash.log)
[2152] localModConfig=0 fixSfxMixerLag=1 patchFixArmyWindowLag=1 enableCrashDump=0
[2152] CivilizeNullCheck: включён принудительно
[2152] ChkWinSkip: принудительно выкл (2859C0 = дневной тик, не GUI)
[2152] CamStill: принудительно выкл (3.59: idle-шторм, FPS хуже)
[2152] Timer: timeBeginPeriod(1) = 0
[2152] Timer: NtSetTimerResolution(1ms) status=00000000 cur=9989
[2152] Select: ws2_32.select перехвачен (микшер 68B47D >2мс -> 1мс, timeval копия)
[2152] CPU: priority ABOVE_NORMAL
[2152] CPU: power throttling off
[2152] Heap: LFH включён на 2 из 2 куч (LAA exe=1)
[2152] FPU: CreateThread exe перехвачен
[2152] FPU: GetTickCount - отложенный патч TBB/D3D
[2152] FPU: пин на главном цикле rva 5DF550
[2152] MainLoopSleep0: Sleep(100) -> Sleep(1) rva 5DF2D5
[2152] MainLoopSleep0: Sleep(100) -> Sleep(1) rva 5DF684
[2152] D3D9: Direct3DCreate9 перехвачен
[2152] TBB: _beginthreadex перехвачен
[2152] TBB: кап снят (ENGINE_WORKER_THREADS=0), initialize не трогаем
[2152] Engine: FPU=1 D3D=1 LFH=1 threadPin=1 tbbCap=0 sleep0=1 noVsync=0 prio=1
[2152] PopQuantize: FUN_00485E40, keep_bits=12
[2152] MpClientSleep: pump Sleep(40) -> Sleep(1) rva 71DD2C
[2152] WFSO: WaitForSingleObject exe перехвачен (16-50мс -> 1, INFINITE не трогаем)
[2152] patch CTechnologyView: слот 11 = 1
[2152] patch CBudgetView: слот 10 = 1
[2152] patch CProductionView: слот 10 = 1
[2152] patch CPoliticsView: слот 10 = 1
[2152] patch CDecision: слот 6 = 1
[2152] Patch 'always_add_wargoals': применён на rva 138AFF
[2152] Patch 'land_reinforce': применён на rva 1C8C9B
[2152] Patch 'naval_reinforce': применён на rva 1C8B1C
[2152] Patch 'max_relative_price': применён на rva A45C28
[2152] Patch 'consciousness_plurality_growth': применён на rva 10C5DE
[2152] Patch 'allied_reinforce_150': применён на rva 1D74BE
[2152] Patch 'combat_loss_popup_all': применён на rva 19CC5D
[2152] Patch 'build_factory_ignore_colonial_1': применён на rva 0D0C57
[2152] Patch 'build_factory_ignore_colonial_2': применён на rva 12FA4E
[2152] Patch 'build_factory_button_enable_ignore_colonial': применён на rva 12E977
[2152] Patch 'local_supply_factory_ignore_colonial': применён на rva 0D0E9D
[2152] Patch 'build_factory_ignore_uncivilized_button': применён на rva 12E96E
[2152] Patch 'build_factory_checklist_uncivilized_own': применён на rva 12EA67
[2152] Patch 'build_factory_checklist_uncivilized_other': применён на rva 12F0D4
[2152] Patch 'build_factory_ignore_uncivilized_can_build': применён на rva 12CA3E
[2152] OccupiedReinforceSplit: occupied=100.0%, пещера 021F0000
[2152] AllyOwnerCheck: owned-by-ally=150%, occupied-by-ally=100.0%, пещера 02200000, ok=1
[2152] AllyEmbark: установлен (владелец rva 1D77A0, клик rva 1CD058, вместимость rva 1D5E97)
[2152] SaveEmbark: установлен (rva 721F00)
[2152] LoadEmbark: установлен (rva 721F40)
[2152] LoadRepair: установлен (rva 1D7CC4)
[2152] FleetPassengerTooltip: установлен (vtable rva A16BD0 слот 12) = 1
[2152] FleetCapture: установлен (rva 38F559)
[2152] CivilizeNullCheck: установлен на rva 14248B, пещера 02210000
[2152] SupplySourceNullCheck: установлен на rva 0D15EB, пещера 02220000
[2152] TechCompareNullCheck: установлен на rva 3A918A, пещера 02230000
[2152] TechFolderIconNullCheck: установлен на rva 3ADE98, пещера 02240000
[2152] ProdListVisibilityHook: установлен
[2152] HideRawGoodsFilter: установлен rva 2F1C30
[2152] GoodsFilterPos2(наблюдение): установлен rva 2F1EC0
[2152] FilterShowAll(вкладка 0): call предиката подменён rva 2F41F7
[2152] FilterShowAll(вкладка 1): call предиката подменён rva 2F7471
[2152] PlayerNext: call в конструкторе topbar подменён rva 30D090
[2152] PlayerNext: vftable[0] topbar подменён rva A113D0
[2152] PlayerVolume: vftable[1] topbar (деструктор) подменён
[2152] PlayerVolume: call покадровой функции подменён rva 285727
[2152] SettingsApply: хук установлен rva 35BB50
[2152] SettingsApply: call применения настроек подменён rva 35C67E
[2152] MusicFairRandom: установлен rva 05534D
[2152] LoadProductionTypeLimits: читаю 'I:\Vic2_Dev\V2BDSM\mod\2\common\production_types.txt' (22339 байт)
[2152] ParseProductionTypes: разобрано 65 типов производства (шаблонов пропущено: 62)
[2152] ProdTypeGateHook: установлен
[2152] LoadProvinceGoods: ванильная history\provinces не найдена (I:\Vic2_Dev\V2BDSM\history\provinces)
[2152] LoadProvinceGoods: готово, 2708 провинций с trade_goods
[2152] HideNoSupplyFactoriesHook: установлен
[2152] EventMusic: no se pudo cargar eventmusic.dll (error 126)
[2152] PriceDelta: 25 сотых процента, множитель 163
[2152] VersionLabel: 'V2 v3.04 + V2DLL v5.11' (len=22), пещера 02270000
[2152] Minting: 'monetary_system_level' - переменная страны (0, если не задана)
[2152] Minting: формула ' industry_score + industry_score * monetary_system_level * 0.25' из 'mod/2\common\minting.txt' (7 узлов); пример без переменных страны: industry_score=1000, total_population=4000000 -> 1000.00
[2152] CountryDaily: call подменён rva 109F74
[2152] Minting income(факт): установлен rva 12B510
[2152] Minting income(расчёт): установлен rva 12B769
[2152] Minting подсказка(запомнить): установлен rva 12A135
[2152] Minting подсказка(строка): установлен rva 12B0A3
[2152] Окно бюджета: подсказка над textbox'ами: установлен rva 20A0B8
[2152] Minting: установлен (income факт=1 расчёт=1, подсказка=1, minting_inc=1, подсказка minting_inc=1)
[2152] GoodsConsumption: чтение goods_consumption установлено (слот 4 двух vftable CBuilding)
[2152] GoodsConsumption расходы(факт): установлен rva 12B5E1
[2152] GoodsConsumption расходы(расчёт): установлен rva 12B354
[2152] GoodsConsumption график панели: установлен rva 30E859
[2152] GoodsConsumption текст панели: установлен rva 30F3A4
[2152] GoodsConsumption карточка товара: установлен rva 079C07
[2152] GoodsConsumption: установлен (дневной хук=1 расходы факт=1 расчёт=1 график=1 текст=1, строка бюджета=1, подсказка=1, карточка товара=1, спрос рынка=1)
[2152] CombatRoll: диапазон 0..4 (модуль=5)
[2152] OosWatch: FUN_00682EC0 rva 282EC0 chk= + Logs\v2dll_oos.log
[2152] ClipboardPaste: hilo independiente iniciado (Ctrl+V)
[2152] IdleSkipNested: PATCH_SKIP_NESTED_IDLE=0 FIX_ARMY_WINDOW_LAG=1 PATCH_SKIP_CHK_WIN=0 PATCH_CAM_STILL=0
[2152] Install: done
[2152] DllMain: attach, Install = 1
[2152] ClipboardPaste: hook de teclado activo (Ctrl+V), sin espera de sondeo
[2152] D3D9: Present перехвачен, FPU_PRESERVE=1 noVsync=0 interval=80000000
[2152] D3D9: Present перехвачен, FPU_PRESERVE=1 noVsync=0 interval=00000001
[2152] GoodsConsumption: здание 'naval_base': 4 товаров в goods_consumption
[2152] GoodsConsumption:   cement = 0.500
[2152] GoodsConsumption:   steel = 1.000
[2152] GoodsConsumption:   glass = 1.000
[2152] GoodsConsumption:   timber = 1.000
[24976] CrashWatch: Logs\v2dll_crash.log + v2dll_crash_hint.txt (memory dump выключен: ENABLE_CRASH_DUMP=0)
[24976] LoadSettingsFrom: читаю 'v2dll_settings.ini'
[24976] ---- Install ---- версия 5.12 pid=24976 tid=2544
[24976] base = 00710000
[24976] logs = Logs\ (v2dll.log, v2dll_oos.log, v2dll_crash.log)
[24976] localModConfig=0 fixSfxMixerLag=1 patchFixArmyWindowLag=1 enableCrashDump=0
[24976] CivilizeNullCheck: включён принудительно
[24976] ChkWinSkip: принудительно выкл (2859C0 = дневной тик, не GUI)
[24976] CamStill: принудительно выкл (3.59: idle-шторм, FPS хуже)
[24976] Timer: timeBeginPeriod(1) = 0
[24976] Timer: NtSetTimerResolution(1ms) status=00000000 cur=9989
[24976] Select: ws2_32.select перехвачен (микшер 68B47D >2мс -> 1мс, timeval копия)
[24976] CPU: priority ABOVE_NORMAL
[24976] CPU: power throttling off
[24976] Heap: LFH включён на 2 из 2 куч (LAA exe=1)
[24976] FPU: CreateThread exe перехвачен
[24976] FPU: GetTickCount - отложенный патч TBB/D3D
[24976] FPU: пин на главном цикле rva 5DF550
[24976] MainLoopSleep0: Sleep(100) -> Sleep(1) rva 5DF2D5
[24976] MainLoopSleep0: Sleep(100) -> Sleep(1) rva 5DF684
[24976] D3D9: Direct3DCreate9 перехвачен
[24976] TBB: _beginthreadex перехвачен
[24976] TBB: кап снят (ENGINE_WORKER_THREADS=0), initialize не трогаем
[24976] Engine: FPU=1 D3D=1 LFH=1 threadPin=1 tbbCap=0 sleep0=1 noVsync=0 prio=1
[24976] PopQuantize: FUN_00485E40, keep_bits=12
[24976] MpClientSleep: pump Sleep(40) -> Sleep(1) rva 71DD2C
[24976] WFSO: WaitForSingleObject exe перехвачен (16-50мс -> 1, INFINITE не трогаем)
[24976] patch CTechnologyView: слот 11 = 1
[24976] patch CBudgetView: слот 10 = 1
[24976] patch CProductionView: слот 10 = 1
[24976] patch CPoliticsView: слот 10 = 1
[24976] patch CDecision: слот 6 = 1
[24976] Patch 'always_add_wargoals': применён на rva 138AFF
[24976] Patch 'land_reinforce': применён на rva 1C8C9B
[24976] Patch 'naval_reinforce': применён на rva 1C8B1C
[24976] Patch 'max_relative_price': применён на rva A45C28
[24976] Patch 'consciousness_plurality_growth': применён на rva 10C5DE
[24976] Patch 'allied_reinforce_150': применён на rva 1D74BE
[24976] Patch 'combat_loss_popup_all': применён на rva 19CC5D
[24976] Patch 'build_factory_ignore_colonial_1': применён на rva 0D0C57
[24976] Patch 'build_factory_ignore_colonial_2': применён на rva 12FA4E
[24976] Patch 'build_factory_button_enable_ignore_colonial': применён на rva 12E977
[24976] Patch 'local_supply_factory_ignore_colonial': применён на rva 0D0E9D
[24976] Patch 'build_factory_ignore_uncivilized_button': применён на rva 12E96E
[24976] Patch 'build_factory_checklist_uncivilized_own': применён на rva 12EA67
[24976] Patch 'build_factory_checklist_uncivilized_other': применён на rva 12F0D4
[24976] Patch 'build_factory_ignore_uncivilized_can_build': применён на rva 12CA3E
[24976] OccupiedReinforceSplit: occupied=100.0%, пещера 02030000
[24976] AllyOwnerCheck: owned-by-ally=150%, occupied-by-ally=100.0%, пещера 02040000, ok=1
[24976] AllyEmbark: установлен (владелец rva 1D77A0, клик rva 1CD058, вместимость rva 1D5E97)
[24976] SaveEmbark: установлен (rva 721F00)
[24976] LoadEmbark: установлен (rva 721F40)
[24976] LoadRepair: установлен (rva 1D7CC4)
[24976] FleetPassengerTooltip: установлен (vtable rva A16BD0 слот 12) = 1
[24976] FleetCapture: установлен (rva 38F559)
[24976] CivilizeNullCheck: установлен на rva 14248B, пещера 02050000
[24976] SupplySourceNullCheck: установлен на rva 0D15EB, пещера 02060000
[24976] TechCompareNullCheck: установлен на rva 3A918A, пещера 02070000
[24976] TechFolderIconNullCheck: установлен на rva 3ADE98, пещера 02080000
[24976] ProdListVisibilityHook: установлен
[24976] HideRawGoodsFilter: установлен rva 2F1C30
[24976] GoodsFilterPos2(наблюдение): установлен rva 2F1EC0
[24976] FilterShowAll(вкладка 0): call предиката подменён rva 2F41F7
[24976] FilterShowAll(вкладка 1): call предиката подменён rva 2F7471
[24976] PlayerNext: call в конструкторе topbar подменён rva 30D090
[24976] PlayerNext: vftable[0] topbar подменён rva A113D0
[24976] PlayerVolume: vftable[1] topbar (деструктор) подменён
[24976] PlayerVolume: call покадровой функции подменён rva 285727
[24976] SettingsApply: хук установлен rva 35BB50
[24976] SettingsApply: call применения настроек подменён rva 35C67E
[24976] MusicFairRandom: установлен rva 05534D
[24976] LoadProductionTypeLimits: читаю 'I:\Vic2_Dev\V2BDSM\mod\2\common\production_types.txt' (22339 байт)
[24976] ParseProductionTypes: разобрано 65 типов производства (шаблонов пропущено: 62)
[24976] ProdTypeGateHook: установлен
[24976] LoadProvinceGoods: ванильная history\provinces не найдена (I:\Vic2_Dev\V2BDSM\history\provinces)
[24976] LoadProvinceGoods: готово, 2708 провинций с trade_goods
[24976] HideNoSupplyFactoriesHook: установлен
[24976] EventMusic: no se pudo cargar eventmusic.dll (error 126)
[24976] PriceDelta: 25 сотых процента, множитель 163
[24976] VersionLabel: 'V2 v3.04 + V2DLL v5.12' (len=22), пещера 03860000
[24976] Minting: 'monetary_system_level' - переменная страны (0, если не задана)
[24976] Minting: формула ' industry_score + industry_score * monetary_system_level * 0.25' из 'mod/2\common\minting.txt' (7 узлов); пример без переменных страны: industry_score=1000, total_population=4000000 -> 1000.00
[24976] CountryDaily: call подменён rva 109F74
[24976] Minting income(факт): установлен rva 12B510
[24976] Minting income(расчёт): установлен rva 12B769
[24976] Minting подсказка(запомнить): установлен rva 12A135
[24976] Minting подсказка(строка): установлен rva 12B0A3
[24976] Окно бюджета: подсказка над textbox'ами: установлен rva 20A0B8
[24976] Minting: установлен (income факт=1 расчёт=1, подсказка=1, minting_inc=1, подсказка minting_inc=1)
[24976] GoodsConsumption: чтение goods_consumption установлено (слот 4 двух vftable CBuilding)
[24976] GoodsConsumption расходы(факт): установлен rva 12B5E1
[24976] GoodsConsumption расходы(расчёт): установлен rva 12B354
[24976] GoodsConsumption график панели: установлен rva 30E859
[24976] GoodsConsumption текст панели: установлен rva 30F3A4
[24976] GoodsConsumption карточка товара: установлен rva 079C07
[24976] GoodsConsumption: установлен (дневной хук=1 расходы факт=1 расчёт=1 график=1 текст=1, строка бюджета=1, подсказка=1, карточка товара=1, спрос рынка=1)
[24976] CombatRoll: диапазон 0..4 (модуль=5)
[24976] OosWatch: FUN_00682EC0 rva 282EC0 chk= + Logs\v2dll_oos.log
[24976] ClipboardPaste: hilo independiente iniciado (Ctrl+V)
[24976] IdleSkipNested: PATCH_SKIP_NESTED_IDLE=0 FIX_ARMY_WINDOW_LAG=1 PATCH_SKIP_CHK_WIN=0 PATCH_CAM_STILL=0
[24976] Install: done
[24976] DllMain: attach, Install = 1
[24976] ClipboardPaste: hook de teclado activo (Ctrl+V), sin espera de sondeo
[24976] D3D9: Present перехвачен, FPU_PRESERVE=1 noVsync=0 interval=80000000
[24976] D3D9: Present перехвачен, FPU_PRESERVE=1 noVsync=0 interval=00000001
[24976] GoodsConsumption: здание 'naval_base': 4 товаров в goods_consumption
[24976] GoodsConsumption:   cement = 0.500
[24976] GoodsConsumption:   steel = 1.000
[24976] GoodsConsumption:   glass = 1.000
[24976] GoodsConsumption:   timber = 1.000
[24976] ClipboardPaste: layout activo English (LANGID=0409, HKL=04090409)
[24976] ClipboardPaste: layout activo English (LANGID=0409, HKL=04090409)
[24976] ClipboardPaste: layout activo Russian (LANGID=0419, HKL=04190419)
[24976] ClipboardPaste: layout activo Russian (LANGID=0419, HKL=04190419)
[3864] CrashWatch: Logs\v2dll_crash.log + v2dll_crash_hint.txt (memory dump выключен: ENABLE_CRASH_DUMP=0)
[3864] LoadSettingsFrom: читаю 'v2dll_settings.ini'
[3864] ---- Install ---- версия 5.12 pid=3864 tid=30428
[3864] base = 00710000
[3864] logs = Logs\ (v2dll.log, v2dll_oos.log, v2dll_crash.log)
[3864] localModConfig=0 fixSfxMixerLag=1 patchFixArmyWindowLag=1 enableCrashDump=0
[3864] CivilizeNullCheck: включён принудительно
[3864] ChkWinSkip: принудительно выкл (2859C0 = дневной тик, не GUI)
[3864] CamStill: принудительно выкл (3.59: idle-шторм, FPS хуже)
[3864] Timer: timeBeginPeriod(1) = 0
[3864] Timer: NtSetTimerResolution(1ms) status=00000000 cur=9989
[3864] Select: ws2_32.select перехвачен (микшер 68B47D >2мс -> 1мс, timeval копия)
[3864] CPU: priority ABOVE_NORMAL
[3864] CPU: power throttling off
[3864] Heap: LFH включён на 2 из 2 куч (LAA exe=1)
[3864] FPU: CreateThread exe перехвачен
[3864] FPU: GetTickCount - отложенный патч TBB/D3D
[3864] FPU: пин на главном цикле rva 5DF550
[3864] MainLoopSleep0: Sleep(100) -> Sleep(1) rva 5DF2D5
[3864] MainLoopSleep0: Sleep(100) -> Sleep(1) rva 5DF684
[3864] D3D9: Direct3DCreate9 перехвачен
[3864] TBB: _beginthreadex перехвачен
[3864] TBB: кап снят (ENGINE_WORKER_THREADS=0), initialize не трогаем
[3864] Engine: FPU=1 D3D=1 LFH=1 threadPin=1 tbbCap=0 sleep0=1 noVsync=0 prio=1
[3864] PopQuantize: FUN_00485E40, keep_bits=12
[3864] MpClientSleep: pump Sleep(40) -> Sleep(1) rva 71DD2C
[3864] WFSO: WaitForSingleObject exe перехвачен (16-50мс -> 1, INFINITE не трогаем)
[3864] patch CTechnologyView: слот 11 = 1
[3864] patch CBudgetView: слот 10 = 1
[3864] patch CProductionView: слот 10 = 1
[3864] patch CPoliticsView: слот 10 = 1
[3864] patch CDecision: слот 6 = 1
[3864] Patch 'always_add_wargoals': применён на rva 138AFF
[3864] Patch 'land_reinforce': применён на rva 1C8C9B
[3864] Patch 'naval_reinforce': применён на rva 1C8B1C
[3864] Patch 'max_relative_price': применён на rva A45C28
[3864] Patch 'consciousness_plurality_growth': применён на rva 10C5DE
[3864] Patch 'allied_reinforce_150': применён на rva 1D74BE
[3864] Patch 'combat_loss_popup_all': применён на rva 19CC5D
[3864] Patch 'build_factory_ignore_colonial_1': применён на rva 0D0C57
[3864] Patch 'build_factory_ignore_colonial_2': применён на rva 12FA4E
[3864] Patch 'build_factory_button_enable_ignore_colonial': применён на rva 12E977
[3864] Patch 'local_supply_factory_ignore_colonial': применён на rva 0D0E9D
[3864] Patch 'build_factory_ignore_uncivilized_button': применён на rva 12E96E
[3864] Patch 'build_factory_checklist_uncivilized_own': применён на rva 12EA67
[3864] Patch 'build_factory_checklist_uncivilized_other': применён на rva 12F0D4
[3864] Patch 'build_factory_ignore_uncivilized_can_build': применён на rva 12CA3E
[3864] OccupiedReinforceSplit: occupied=100.0%, пещера 01EF0000
[3864] AllyOwnerCheck: owned-by-ally=150%, occupied-by-ally=100.0%, пещера 02200000, ok=1
[3864] AllyEmbark: установлен (владелец rva 1D77A0, клик rva 1CD058, вместимость rva 1D5E97)
[3864] SaveEmbark: установлен (rva 721F00)
[3864] LoadEmbark: установлен (rva 721F40)
[3864] LoadRepair: установлен (rva 1D7CC4)
[3864] FleetPassengerTooltip: установлен (vtable rva A16BD0 слот 12) = 1
[3864] FleetCapture: установлен (rva 38F559)
[3864] CivilizeNullCheck: установлен на rva 14248B, пещера 02210000
[3864] SupplySourceNullCheck: установлен на rva 0D15EB, пещера 02220000
[3864] TechCompareNullCheck: установлен на rva 3A918A, пещера 02230000
[3864] TechFolderIconNullCheck: установлен на rva 3ADE98, пещера 02240000
[3864] ProdListVisibilityHook: установлен
[3864] HideRawGoodsFilter: установлен rva 2F1C30
[3864] GoodsFilterPos2(наблюдение): установлен rva 2F1EC0
[3864] FilterShowAll(вкладка 0): call предиката подменён rva 2F41F7
[3864] FilterShowAll(вкладка 1): call предиката подменён rva 2F7471
[3864] PlayerNext: call в конструкторе topbar подменён rva 30D090
[3864] PlayerNext: vftable[0] topbar подменён rva A113D0
[3864] PlayerVolume: vftable[1] topbar (деструктор) подменён
[3864] PlayerVolume: call покадровой функции подменён rva 285727
[3864] SettingsApply: хук установлен rva 35BB50
[3864] SettingsApply: call применения настроек подменён rva 35C67E
[3864] MusicFairRandom: установлен rva 05534D
[3864] LoadProductionTypeLimits: читаю 'I:\Vic2_Dev\V2BDSM\mod\2\common\production_types.txt' (22339 байт)
[3864] ParseProductionTypes: разобрано 65 типов производства (шаблонов пропущено: 62)
[3864] ProdTypeGateHook: установлен
[3864] LoadProvinceGoods: ванильная history\provinces не найдена (I:\Vic2_Dev\V2BDSM\history\provinces)
[3864] LoadProvinceGoods: готово, 2708 провинций с trade_goods
[3864] HideNoSupplyFactoriesHook: установлен
[3864] EventMusic: no se pudo cargar eventmusic.dll (error 126)
[3864] PriceDelta: 25 сотых процента, множитель 163
[3864] VersionLabel: 'V2 v3.04 + V2DLL v5.12' (len=22), пещера 02270000
[3864] Minting: 'monetary_system_level' - переменная страны (0, если не задана)
[3864] Minting: формула ' industry_score + industry_score * monetary_system_level * 0.25' из 'mod/2\common\minting.txt' (7 узлов); пример без переменных страны: industry_score=1000, total_population=4000000 -> 1000.00
[3864] CountryDaily: call подменён rva 109F74
[3864] Minting income(факт): установлен rva 12B510
[3864] Minting income(расчёт): установлен rva 12B769
[3864] Minting подсказка(запомнить): установлен rva 12A135
[3864] Minting подсказка(строка): установлен rva 12B0A3
[3864] Окно бюджета: подсказка над textbox'ами: установлен rva 20A0B8
[3864] Minting: установлен (income факт=1 расчёт=1, подсказка=1, minting_inc=1, подсказка minting_inc=1)
[3864] GoodsConsumption: чтение goods_consumption установлено (слот 4 двух vftable CBuilding)
[3864] GoodsConsumption расходы(факт): установлен rva 12B5E1
[3864] GoodsConsumption расходы(расчёт): установлен rva 12B354
[3864] GoodsConsumption график панели: установлен rva 30E859
[3864] GoodsConsumption текст панели: установлен rva 30F3A4
[3864] GoodsConsumption карточка товара: установлен rva 079C07
[3864] GoodsConsumption: установлен (дневной хук=1 расходы факт=1 расчёт=1 график=1 текст=1, строка бюджета=1, подсказка=1, карточка товара=1, спрос рынка=1)
[3864] CombatRoll: диапазон 0..4 (модуль=5)
[3864] OosWatch: FUN_00682EC0 rva 282EC0 chk= + Logs\v2dll_oos.log
[3864] ClipboardPaste: hilo independiente iniciado (Ctrl+V)
[3864] IdleSkipNested: PATCH_SKIP_NESTED_IDLE=0 FIX_ARMY_WINDOW_LAG=1 PATCH_SKIP_CHK_WIN=0 PATCH_CAM_STILL=0
[3864] Install: done
[3864] DllMain: attach, Install = 1
[3864] ClipboardPaste: hook de teclado activo (Ctrl+V), sin espera de sondeo
[3864] D3D9: Present перехвачен, FPU_PRESERVE=1 noVsync=0 interval=80000000
[3864] D3D9: Present перехвачен, FPU_PRESERVE=1 noVsync=0 interval=00000001
[3864] GoodsConsumption: здание 'naval_base': 4 товаров в goods_consumption
[3864] GoodsConsumption:   cement = 0.500
[3864] GoodsConsumption:   steel = 1.000
[3864] GoodsConsumption:   glass = 1.000
[3864] GoodsConsumption:   timber = 1.000
[3864] Setup[CTechnologyView]: 'FE_ACADEMIES_BDSM' подписана
[3864] Setup[CTechnologyView]: 'FE_RPROJECTS_BDSM' подписана
[3864] Player: кнопка 'button_fe_player_next' подписана (button=4E2EDDE0)
[3864] Player: кнопка 'button_fe_player_pause' подписана (button=4E2EE650)
[3864] Player: topbar=2F48AAA0 подписано кнопок: 2
[3864] PlayerVolume: ползунок 'fe_player_volume_slider' подписан (slider=37748870, громкость 0.0)
[3864] SetupHideColonialButton: подписана
[3864] SaveEmbark: сохранено 0 запис(ей) о посаженных союзных армиях в 'Logs\allyembark\autosave.v2.allyembark' (меток expeditionary_owner: 0)
[3864] Setup[CBudgetView]: 'FE_BUDGET_DIPLO_BDSM' подписана
[3864] SaveEmbark: сохранено 0 запис(ей) о посаженных союзных армиях в 'Logs\allyembark\autosave.v2.allyembark' (меток expeditionary_owner: 0)
[3864] SaveEmbark: сохранено 0 запис(ей) о посаженных союзных армиях в 'Logs\allyembark\autosave.v2.allyembark' (меток expeditionary_owner: 0)
[32852] CrashWatch: Logs\v2dll_crash.log + v2dll_crash_hint.txt (memory dump выключен: ENABLE_CRASH_DUMP=0)
[32852] LoadSettingsFrom: читаю 'v2dll_settings.ini'
[32852] ---- Install ---- версия 5.13 pid=32852 tid=31852
[32852] base = 00710000
[32852] logs = Logs\ (v2dll.log, v2dll_oos.log, v2dll_crash.log)
[32852] localModConfig=0 fixSfxMixerLag=1 patchFixArmyWindowLag=1 enableCrashDump=0
[32852] CivilizeNullCheck: включён принудительно
[32852] ChkWinSkip: принудительно выкл (2859C0 = дневной тик, не GUI)
[32852] CamStill: принудительно выкл (3.59: idle-шторм, FPS хуже)
[32852] Timer: timeBeginPeriod(1) = 0
[32852] Timer: NtSetTimerResolution(1ms) status=00000000 cur=9989
[32852] Select: ws2_32.select перехвачен (микшер 68B47D >2мс -> 1мс, timeval копия)
[32852] CPU: priority ABOVE_NORMAL
[32852] CPU: power throttling off
[32852] Heap: LFH включён на 2 из 2 куч (LAA exe=1)
[32852] FPU: CreateThread exe перехвачен
[32852] FPU: GetTickCount - отложенный патч TBB/D3D
[32852] FPU: пин на главном цикле rva 5DF550
[32852] MainLoopSleep0: Sleep(100) -> Sleep(1) rva 5DF2D5
[32852] MainLoopSleep0: Sleep(100) -> Sleep(1) rva 5DF684
[32852] D3D9: Direct3DCreate9 перехвачен
[32852] TBB: _beginthreadex перехвачен
[32852] TBB: кап снят (ENGINE_WORKER_THREADS=0), initialize не трогаем
[32852] Engine: FPU=1 D3D=1 LFH=1 threadPin=1 tbbCap=0 sleep0=1 noVsync=0 prio=1
[32852] PopQuantize: FUN_00485E40, keep_bits=12
[32852] MpClientSleep: pump Sleep(40) -> Sleep(1) rva 71DD2C
[32852] WFSO: WaitForSingleObject exe перехвачен (16-50мс -> 1, INFINITE не трогаем)
[32852] patch CTechnologyView: слот 11 = 1
[32852] patch CBudgetView: слот 10 = 1
[32852] patch CProductionView: слот 10 = 1
[32852] patch CPoliticsView: слот 10 = 1
[32852] patch CDecision: слот 6 = 1
[32852] Patch 'always_add_wargoals': применён на rva 138AFF
[32852] Patch 'land_reinforce': применён на rva 1C8C9B
[32852] Patch 'naval_reinforce': применён на rva 1C8B1C
[32852] Patch 'max_relative_price': применён на rva A45C28
[32852] Patch 'consciousness_plurality_growth': применён на rva 10C5DE
[32852] Patch 'allied_reinforce_150': применён на rva 1D74BE
[32852] Patch 'combat_loss_popup_all': применён на rva 19CC5D
[32852] Patch 'build_factory_ignore_colonial_1': применён на rva 0D0C57
[32852] Patch 'build_factory_ignore_colonial_2': применён на rva 12FA4E
[32852] Patch 'build_factory_button_enable_ignore_colonial': применён на rva 12E977
[32852] Patch 'local_supply_factory_ignore_colonial': применён на rva 0D0E9D
[32852] Patch 'build_factory_ignore_uncivilized_button': применён на rva 12E96E
[32852] Patch 'build_factory_checklist_uncivilized_own': применён на rva 12EA67
[32852] Patch 'build_factory_checklist_uncivilized_other': применён на rva 12F0D4
[32852] Patch 'build_factory_ignore_uncivilized_can_build': применён на rva 12CA3E
[32852] OccupiedReinforceSplit: occupied=100.0%, пещера 021F0000
[32852] AllyOwnerCheck: owned-by-ally=150%, occupied-by-ally=100.0%, пещера 02200000, ok=1
[32852] AllyEmbark: установлен (владелец rva 1D77A0, клик rva 1CD058, вместимость rva 1D5E97)
[32852] SaveEmbark: установлен (rva 721F00)
[32852] LoadEmbark: установлен (rva 721F40)
[32852] LoadRepair: установлен (rva 1D7CC4)
[32852] FleetPassengerTooltip: установлен (vtable rva A16BD0 слот 12) = 1
[32852] FleetCapture: установлен (rva 38F559)
[32852] CivilizeNullCheck: установлен на rva 14248B, пещера 02210000
[32852] SupplySourceNullCheck: установлен на rva 0D15EB, пещера 02220000
[32852] TechCompareNullCheck: установлен на rva 3A918A, пещера 039E0000
[32852] TechFolderIconNullCheck: установлен на rva 3ADE98, пещера 039F0000
[32852] ProdListVisibilityHook: установлен
[32852] HideRawGoodsFilter: установлен rva 2F1C30
[32852] GoodsFilterPos2(наблюдение): установлен rva 2F1EC0
[32852] FilterShowAll(вкладка 0): call предиката подменён rva 2F41F7
[32852] FilterShowAll(вкладка 1): call предиката подменён rva 2F7471
[32852] PlayerNext: call в конструкторе topbar подменён rva 30D090
[32852] PlayerNext: vftable[0] topbar подменён rva A113D0
[32852] PlayerVolume: vftable[1] topbar (деструктор) подменён
[32852] PlayerVolume: call покадровой функции подменён rva 285727
[32852] SettingsApply: хук установлен rva 35BB50
[32852] SettingsApply: call применения настроек подменён rva 35C67E
[32852] MusicFairRandom: установлен rva 05534D
[32852] LoadProductionTypeLimits: читаю 'I:\Vic2_Dev\V2BDSM\mod\2\common\production_types.txt' (22339 байт)
[32852] ParseProductionTypes: разобрано 65 типов производства (шаблонов пропущено: 62)
[32852] ProdTypeGateHook: установлен
[32852] LoadProvinceGoods: ванильная history\provinces не найдена (I:\Vic2_Dev\V2BDSM\history\provinces)
[32852] LoadProvinceGoods: готово, 2708 провинций с trade_goods
[32852] HideNoSupplyFactoriesHook: установлен
[32852] defines_v2dll: создан 'mod/2\common\defines_v2dll.txt' (minting_formula перенесена из minting.txt)
[32852] defines_v2dll: старый 'mod/2\common\minting.txt' переименован в 'mod/2\common\minting.txt.moved'
[32852] FactoryClose(закрытие): установлен rva 0F5750
[32852] FactoryClose(счётчик): установлен rva 0F50C0
[32852] FactoryClose(встроенный счётчик): установлен rva 0834C6
[32852] FactoryClose(финансы): установлен rva 0F4B30
[32852] FactoryClose: установлен (выплата при закрытии=1, остановка по счётчику=1/1, автозакрытие=1, порог 60 дн.) - РЕЖИМ DRY RUN: только лог [DRY], ничего не меняется (FACTORY_CLOSE_DRY_RUN=0 включает)
[32852] EventMusic: no se pudo cargar eventmusic.dll (error 126)
[32852] PriceDelta: 25 сотых процента, множитель 163
[32852] VersionLabel: 'V2 v3.04 + V2DLL v5.13' (len=22), пещера 03A20000
[32852] Minting: 'monetary_system_level' - переменная страны (0, если не задана)
[32852] Minting: формула 'industry_score + industry_score * monetary_system_level * 0.25' из 'mod/2\common\defines_v2dll.txt' (7 узлов); пример без переменных страны: industry_score=1000, total_population=4000000 -> 1000.00
[32852] CountryDaily: call подменён rva 109F74
[32852] Minting income(факт): установлен rva 12B510
[32852] Minting income(расчёт): установлен rva 12B769
[32852] Minting подсказка(запомнить): установлен rva 12A135
[32852] Minting подсказка(строка): установлен rva 12B0A3
[32852] Окно бюджета: подсказка над textbox'ами: установлен rva 20A0B8
[32852] Minting: установлен (income факт=1 расчёт=1, подсказка=1, minting_inc=1, подсказка minting_inc=1)
[32852] GoodsConsumption: чтение goods_consumption установлено (слот 4 двух vftable CBuilding)
[32852] GoodsConsumption расходы(факт): установлен rva 12B5E1
[32852] GoodsConsumption расходы(расчёт): установлен rva 12B354
[32852] GoodsConsumption график панели: установлен rva 30E859
[32852] GoodsConsumption текст панели: установлен rva 30F3A4
[32852] GoodsConsumption карточка товара: установлен rva 079C07
[32852] GoodsConsumption: установлен (дневной хук=1 расходы факт=1 расчёт=1 график=1 текст=1, строка бюджета=1, подсказка=1, карточка товара=1, спрос рынка=1)
[32852] CombatRoll: диапазон 0..4 (модуль=5)
[32852] OosWatch: FUN_00682EC0 rva 282EC0 chk= + Logs\v2dll_oos.log
[32852] ClipboardPaste: hilo independiente iniciado (Ctrl+V)
[32852] IdleSkipNested: PATCH_SKIP_NESTED_IDLE=0 FIX_ARMY_WINDOW_LAG=1 PATCH_SKIP_CHK_WIN=0 PATCH_CAM_STILL=0
[32852] Install: done
[32852] DllMain: attach, Install = 1
[32852] ClipboardPaste: hook de teclado activo (Ctrl+V), sin espera de sondeo
[32852] D3D9: Present перехвачен, FPU_PRESERVE=1 noVsync=0 interval=80000000
[32852] D3D9: Present перехвачен, FPU_PRESERVE=1 noVsync=0 interval=00000001
[32852] GoodsConsumption: здание 'naval_base': 4 товаров в goods_consumption
[32852] GoodsConsumption:   cement = 0.500
[32852] GoodsConsumption:   steel = 1.000
[32852] GoodsConsumption:   glass = 1.000
[32852] GoodsConsumption:   timber = 1.000
[32852] Setup[CTechnologyView]: 'FE_ACADEMIES_BDSM' подписана
[32852] Setup[CTechnologyView]: 'FE_RPROJECTS_BDSM' подписана
[32852] Player: кнопка 'button_fe_player_next' подписана (button=504AA208)
[32852] Player: кнопка 'button_fe_player_pause' подписана (button=504A93F8)
[32852] Player: topbar=2F55DE30 подписано кнопок: 2
[32852] PlayerVolume: ползунок 'fe_player_volume_slider' подписан (slider=37778DD0, громкость 0.0)
[32852] SetupHideColonialButton: подписана
[32852] FactoryClose [DRY]: автозакрытие: фабрика 50607A30, стейт 4D903888, уровень 12, дней убытка 76 (порог 60), деньги 794772013063
[32852] FactoryClose [DRY]: автозакрытие: фабрика 50610310, стейт 4D902B40, уровень 5, дней убытка 71 (порог 60), деньги 280885336418
[32852] FactoryClose [DRY]: автозакрытие: фабрика 52D7D880, стейт 50CD9F78, уровень 2, дней убытка 61 (порог 60), деньги 59032410297
[32852] FactoryClose [DRY]: автозакрытие: фабрика 4CABA950, стейт 3F2DE4A0, уровень 5, дней убытка 86 (порог 60), деньги 4987
[32852] FactoryClose [DRY]: автозакрытие: фабрика 4CABE010, стейт 3F2E7960, уровень 5, дней убытка 86 (порог 60), деньги 5033
[32852] FactoryClose [DRY]: автозакрытие: фабрика 4CAC4B48, стейт 3F2EBE70, уровень 5, дней убытка 60 (порог 60), деньги 43006
[32852] FactoryClose [DRY]: автозакрытие: фабрика 4CAC8B28, стейт 3F2F65C8, уровень 5, дней убытка 123 (порог 60), деньги 1165
[32852] FactoryClose [DRY]: автозакрытие: фабрика 4C40B188, стейт 4D90D540, уровень 8, дней убытка 71 (порог 60), деньги 5557
[32852] FactoryClose [DRY]: автозакрытие: фабрика 4C40E848, стейт 4D90FA70, уровень 5, дней убытка 72 (порог 60), деньги 1419
[32852] FactoryClose [DRY]: автозакрытие: фабрика 4C40D850, стейт 4D90E530, уровень 5, дней убытка 69 (порог 60), деньги 5416
[32852] FactoryClose [DRY]: автозакрытие: фабрика 4C414818, стейт 4D90BAB0, уровень 5, дней убытка 69 (порог 60), деньги 15540
[32852] FactoryClose [DRY]: автозакрытие: фабрика 4C41B598, стейт 4D913F80, уровень 5, дней убытка 83 (порог 60), деньги 40127071182
[32852] FactoryClose [DRY]: автозакрытие: фабрика 505D44F0, стейт 4D90A2C8, уровень 2, дней убытка 81 (порог 60), деньги 261250398999
[32852] FactoryClose [DRY]: автозакрытие: фабрика 505DA708, стейт 4D8F7E98, уровень 4, дней убытка 75 (порог 60), деньги 246534749406
[32852] FactoryClose [DRY]: автозакрытие: фабрика 505DE4A0, стейт 4D8F6958, уровень 4, дней убытка 73 (порог 60), деньги 20375
[32852] FactoryClose [DRY]: автозакрытие: фабрика 505E3230, стейт 4D8F8690, уровень 54, дней убытка 62 (порог 60), деньги 5455439789572
[32852] FactoryClose [DRY]: автозакрытие: фабрика 4D967950, стейт 4D8F9680, уровень 1, дней убытка 68 (порог 60), деньги 87689914097
[32852] FactoryClose [DRY]: автозакрытие: фабрика 4CAE4A48, стейт 3FD3EF98, уровень 56, дней убытка 73 (порог 60), деньги 5533487190242
[32852] FactoryClose [DRY]: автозакрытие: фабрика 4C404D28, стейт 4D9082E8, уровень 56, дней убытка 65 (порог 60), деньги 444478542328
[32852] FactoryClose [DRY]: автозакрытие: фабрика 4D964DF8, стейт 4D8F9680, уровень 54, дней убытка 60 (порог 60), деньги 4741560945465
[32852] FactoryClose [DRY]: автозакрытие: фабрика 4C40A620, стейт 4D90E288, уровень 1, дней убытка 60 (порог 60), деньги 146880910078
[32852] FactoryClose [DRY]: автозакрытие: фабрика 3042A5D8, стейт 4D8E7CF0, уровень 7, дней убытка 60 (порог 60), деньги 903726146909
[32852] FactoryClose [DRY]: автозакрытие: фабрика 4D969940, стейт 4D8E7F98, уровень 3, дней убытка 60 (порог 60), деньги 185933157808
[32852] FactoryClose [DRY]: автозакрытие: фабрика 50605A40, стейт 4D902898, уровень 1, дней убытка 60 (порог 60), деньги 77139844088
[32852] FactoryClose [DRY]: автозакрытие: фабрика 4C413A68, стейт 4D90C550, уровень 5, дней убытка 60 (порог 60), деньги 1195
[32852] FactoryClose [DRY]: автозакрытие: фабрика 4C3FAFC0, стейт 4D9092D8, уровень 5, дней убытка 60 (порог 60), деньги 7376
[32852] FactoryClose [DRY]: автозакрытие: фабрика 4C3FAD78, стейт 4D909030, уровень 5, дней убытка 60 (порог 60), деньги 28373
[32852] FactoryClose [DRY]: автозакрытие: фабрика 4C3F3B68, стейт 4D907D98, уровень 5, дней убытка 60 (порог 60), деньги 14737
[32852] FactoryClose [DRY]: автозакрытие: фабрика 4C3FC200, стейт 4D909828, уровень 5, дней убытка 60 (порог 60), деньги 3891
[32852] FactoryClose [DRY]: автозакрытие: фабрика 4C3F96A8, стейт 4D908040, уровень 5, дней убытка 60 (порог 60), деньги 8938
[32852] FactoryClose [DRY]: автозакрытие: фабрика 4C3F8468, стейт 4D909580, уровень 5, дней убытка 60 (порог 60), деньги 30946
[32852] FactoryClose [DRY]: автозакрытие: фабрика 4C406D18, стейт 4D907848, уровень 5, дней убытка 60 (порог 60), деньги 2791
[32852] FactoryClose [DRY]: автозакрытие: фабрика 5060B7C8, стейт 4D900610, уровень 1, дней убытка 60 (порог 60), деньги 6664
[32852] FactoryClose [DRY]: автозакрытие: фабрика 4CAD9F30, стейт 3FFF4758, уровень 2, дней убытка 60 (порог 60), деньги 74922703214
[32852] FactoryClose [DRY]: автозакрытие: фабрика 505DF498, стейт 4D8F8BE0, уровень 5, дней убытка 60 (порог 60), деньги 93868
[32852] FactoryClose [DRY]: автозакрытие: фабрика 4C416378, стейт 4D90F520, уровень 5, дней убытка 60 (порог 60), деньги 10895
[32852] FactoryClose [DRY]: автозакрытие: фабрика 52D67930, стейт 50CCFAC8, уровень 2, дней убытка 60 (порог 60), деньги 216190042590
[32852] FactoryClose [DRY]: автозакрытие: фабрика 505E0920, стейт 4D8F6958, уровень 1, дней убытка 60 (порог 60), деньги 15672
[32852] FactoryClose [DRY]: автозакрытие: фабрика 505DB948, стейт 4D8F9BD0, уровень 4, дней убытка 60 (порог 60), деньги 40878
[32852] FactoryClose [DRY]: автозакрытие: фабрика 505DE930, стейт 4D8F66B0, уровень 5, дней убытка 60 (порог 60), деньги 191100204418
[32852] FactoryClose [DRY]: автозакрытие: фабрика 4C40EF20, стейт 4D90E530, уровень 1, дней убытка 60 (порог 60), деньги 149633772693
[32852] FactoryClose [DRY]: автозакрытие: фабрика 52D94580, стейт 4D8DD840, уровень 4, дней убытка 60 (порог 60), деньги 144464654999
[32852] FactoryClose [DRY]: автозакрытие: фабрика 4CAD8188, стейт 3FFF4758, уровень 5, дней убытка 60 (порог 60), деньги 2193
[32852] FactoryClose [DRY]: автозакрытие: фабрика 505D9038, стейт 4D8F7E98, уровень 2, дней убытка 60 (порог 60), деньги 4409922140
[32852] FactoryClose [DRY]: автозакрытие: фабрика 52D74B10, стейт 50CD37E0, уровень 5, дней убытка 60 (порог 60), деньги 17908
[32852] FactoryClose [DRY]: автозакрытие: фабрика 52D634C0, стейт 50CCD840, уровень 1, дней убытка 60 (порог 60), деньги 10882
[32852] FactoryClose [DRY]: автозакрытие: фабрика 4C3F8D88, стейт 4D9092D8, уровень 1, дней убытка 60 (порог 60), деньги 13569
[32852] FactoryClose [DRY]: остановка (11 дней без закупок, уровень 1): фабрика 30430C80, стейт 4D8E74F8, уровень 1, дней убытка 0, деньги 161573508087 -> была бы выплата владельцам
[32852] FactoryClose [DRY]: автозакрытие: фабрика 4C3FA458, стейт 4D90AAC0, уровень 5, дней убытка 60 (порог 60), деньги 13766
[32852] FactoryClose [DRY]: автозакрытие: фабрика 4CABA708, стейт 3F2DEC98, уровень 5, дней убытка 60 (порог 60), деньги 1891
[32852] FactoryClose [DRY]: остановка (11 дней без закупок, уровень 1): фабрика 304367C0, стейт 4D8DC5A8, уровень 1, дней убытка 0, деньги 35034 -> была бы выплата владельцам
[32852] FactoryClose [DRY]: автозакрытие: фабрика 4C418C88, стейт 4D913F80, уровень 55, дней убытка 60 (порог 60), деньги 478502026776
[32852] FactoryClose [DRY]: автозакрытие: фабрика 505D8960, стейт 4D8F7948, уровень 2, дней убытка 60 (порог 60), деньги 7897196446
[32852] FactoryClose [DRY]: автозакрытие: фабрика 4C4061B0, стейт 4D909D78, уровень 2, дней убытка 60 (порог 60), деньги 33147370208
[32852] FactoryClose [DRY]: остановка (11 дней без закупок, уровень 1): фабрика 505DCB88, стейт 4D8F8BE0, уровень 1, дней убытка 0, деньги 163840000000 -> была бы выплата владельцам
[32852] FactoryClose [DRY]: автозакрытие: фабрика 4C40C180, стейт 4D90D7E8, уровень 5, дней убытка 60 (порог 60), деньги 53299709757
[32852] FactoryClose [DRY]: автозакрытие: фабрика 506097D8, стейт 4D9035E0, уровень 17, дней убытка 60 (порог 60), деньги 1918363683798
[32852] FactoryClose [DRY]: автозакрытие: фабрика 4D972D88, стейт 4D8EACC0, уровень 9, дней убытка 60 (порог 60), деньги 153011296589
[32852] FactoryClose [DRY]: автозакрытие: фабрика 4C4175B8, стейт 4D913788, уровень 5, дней убытка 60 (порог 60), деньги 2055
[32852] FactoryClose [DRY]: остановка (11 дней без закупок, уровень 1): фабрика 4CACC8C0, стейт 40345F10, уровень 1, дней убытка 0, деньги 19629477778 -> была бы выплата владельцам
[32852] FactoryClose [DRY]: автозакрытие: фабрика 52D61DF0, стейт 50CCED80, уровень 5, дней убытка 60 (порог 60), деньги 2332
[32852] FactoryClose [DRY]: автозакрытие: фабрика 52D5EBC0, стейт 50CCF2D0, уровень 5, дней убытка 60 (порог 60), деньги 4870
[32852] FactoryClose [DRY]: автозакрытие: фабрика 52D64028, стейт 50CCE038, уровень 5, дней убытка 60 (порог 60), деньги 1461
[32852] FactoryClose [DRY]: автозакрытие: фабрика 52D5CBD0, стейт 50CCB860, уровень 5, дней убытка 60 (порог 60), деньги 32876977381
[32852] FactoryClose [DRY]: остановка (11 дней без закупок, уровень 1): фабрика 50605A40, стейт 4D902898, уровень 1, дней убытка 0, деньги 76940677068 -> была бы выплата владельцам
[32852] FactoryClose [DRY]: автозакрытие: фабрика 4C4165C0, стейт 4D90FD18, уровень 5, дней убытка 60 (порог 60), деньги 6848
[32852] FactoryClose [DRY]: остановка (11 дней без закупок, уровень 1): фабрика 3043EE58, стейт 4D8E1FF8, уровень 1, дней убытка 0, деньги 17015147817 -> была бы выплата владельцам
[32852] FactoryClose [DRY]: автозакрытие: фабрика 4C40B3D0, стейт 4D90D540, уровень 5, дней убытка 60 (порог 60), деньги 351679317331
[32852] FactoryClose [DRY]: автозакрытие: фабрика 4C40BCF0, стейт 4D90CFF0, уровень 5, дней убытка 60 (порог 60), деньги 2934
[32852] FactoryClose [DRY]: автозакрытие: фабрика 4CAD2890, стейт 3F11B8F0, уровень 5, дней убытка 60 (порог 60), деньги 93011545209
[32852] FactoryClose [DRY]: автозакрытие: фабрика 505EA440, стейт 4D8F76A0, уровень 5, дней убытка 60 (порог 60), деньги 160402167190
[32852] FactoryClose [DRY]: автозакрытие: фабрика 505F4638, стейт 4D8FB908, уровень 5, дней убытка 60 (порог 60), деньги 6322831995
[32852] SaveEmbark: сохранено 0 запис(ей) о посаженных союзных армиях в 'Logs\allyembark\autosave.v2.allyembark' (меток expeditionary_owner: 0)
[12024] CrashWatch: Logs\v2dll_crash.log + v2dll_crash_hint.txt (memory dump выключен: ENABLE_CRASH_DUMP=0)
[12024] LoadSettingsFrom: читаю 'v2dll_settings.ini'
[12024] ---- Install ---- версия 5.14 pid=12024 tid=18820
[12024] base = 00710000
[12024] logs = Logs\ (v2dll.log, v2dll_oos.log, v2dll_crash.log)
[12024] localModConfig=0 fixSfxMixerLag=1 patchFixArmyWindowLag=1 enableCrashDump=0
[12024] CivilizeNullCheck: включён принудительно
[12024] ChkWinSkip: принудительно выкл (2859C0 = дневной тик, не GUI)
[12024] CamStill: принудительно выкл (3.59: idle-шторм, FPS хуже)
[12024] Timer: timeBeginPeriod(1) = 0
[12024] Timer: NtSetTimerResolution(1ms) status=00000000 cur=9989
[12024] Select: ws2_32.select перехвачен (микшер 68B47D >2мс -> 1мс, timeval копия)
[12024] CPU: priority ABOVE_NORMAL
[12024] CPU: power throttling off
[12024] Heap: LFH включён на 2 из 2 куч (LAA exe=1)
[12024] FPU: CreateThread exe перехвачен
[12024] FPU: GetTickCount - отложенный патч TBB/D3D
[12024] FPU: пин на главном цикле rva 5DF550
[12024] MainLoopSleep0: Sleep(100) -> Sleep(1) rva 5DF2D5
[12024] MainLoopSleep0: Sleep(100) -> Sleep(1) rva 5DF684
[12024] D3D9: Direct3DCreate9 перехвачен
[12024] TBB: _beginthreadex перехвачен
[12024] TBB: кап снят (ENGINE_WORKER_THREADS=0), initialize не трогаем
[12024] Engine: FPU=1 D3D=1 LFH=1 threadPin=1 tbbCap=0 sleep0=1 noVsync=0 prio=1
[12024] PopQuantize: FUN_00485E40, keep_bits=12
[12024] MpClientSleep: pump Sleep(40) -> Sleep(1) rva 71DD2C
[12024] WFSO: WaitForSingleObject exe перехвачен (16-50мс -> 1, INFINITE не трогаем)
[12024] patch CTechnologyView: слот 11 = 1
[12024] patch CBudgetView: слот 10 = 1
[12024] patch CProductionView: слот 10 = 1
[12024] patch CPoliticsView: слот 10 = 1
[12024] patch CDecision: слот 6 = 1
[12024] Patch 'always_add_wargoals': применён на rva 138AFF
[12024] Patch 'land_reinforce': применён на rva 1C8C9B
[12024] Patch 'naval_reinforce': применён на rva 1C8B1C
[12024] Patch 'max_relative_price': применён на rva A45C28
[12024] Patch 'consciousness_plurality_growth': применён на rva 10C5DE
[12024] Patch 'allied_reinforce_150': применён на rva 1D74BE
[12024] Patch 'combat_loss_popup_all': применён на rva 19CC5D
[12024] Patch 'build_factory_ignore_colonial_1': применён на rva 0D0C57
[12024] Patch 'build_factory_ignore_colonial_2': применён на rva 12FA4E
[12024] Patch 'build_factory_button_enable_ignore_colonial': применён на rva 12E977
[12024] Patch 'local_supply_factory_ignore_colonial': применён на rva 0D0E9D
[12024] Patch 'build_factory_ignore_uncivilized_button': применён на rva 12E96E
[12024] Patch 'build_factory_checklist_uncivilized_own': применён на rva 12EA67
[12024] Patch 'build_factory_checklist_uncivilized_other': применён на rva 12F0D4
[12024] Patch 'build_factory_ignore_uncivilized_can_build': применён на rva 12CA3E
[12024] OccupiedReinforceSplit: occupied=100.0%, пещера 01EF0000
[12024] AllyOwnerCheck: owned-by-ally=150%, occupied-by-ally=100.0%, пещера 02200000, ok=1
[12024] AllyEmbark: установлен (владелец rva 1D77A0, клик rva 1CD058, вместимость rva 1D5E97)
[12024] SaveEmbark: установлен (rva 721F00)
[12024] LoadEmbark: установлен (rva 721F40)
[12024] LoadRepair: установлен (rva 1D7CC4)
[12024] FleetPassengerTooltip: установлен (vtable rva A16BD0 слот 12) = 1
[12024] FleetCapture: установлен (rva 38F559)
[12024] CivilizeNullCheck: установлен на rva 14248B, пещера 02210000
[12024] SupplySourceNullCheck: установлен на rva 0D15EB, пещера 02220000
[12024] TechCompareNullCheck: установлен на rva 3A918A, пещера 02230000
[12024] TechFolderIconNullCheck: установлен на rva 3ADE98, пещера 02240000
[12024] ProdListVisibilityHook: установлен
[12024] HideRawGoodsFilter: установлен rva 2F1C30
[12024] GoodsFilterPos2(наблюдение): установлен rva 2F1EC0
[12024] FilterShowAll(вкладка 0): call предиката подменён rva 2F41F7
[12024] FilterShowAll(вкладка 1): call предиката подменён rva 2F7471
[12024] PlayerNext: call в конструкторе topbar подменён rva 30D090
[12024] PlayerNext: vftable[0] topbar подменён rva A113D0
[12024] PlayerVolume: vftable[1] topbar (деструктор) подменён
[12024] PlayerVolume: call покадровой функции подменён rva 285727
[12024] SettingsApply: хук установлен rva 35BB50
[12024] SettingsApply: call применения настроек подменён rva 35C67E
[12024] MusicFairRandom: установлен rva 05534D
[12024] LoadProductionTypeLimits: читаю 'I:\Vic2_Dev\V2BDSM\mod\2\common\production_types.txt' (22339 байт)
[12024] ParseProductionTypes: разобрано 65 типов производства (шаблонов пропущено: 62)
[12024] ProdTypeGateHook: установлен
[12024] LoadProvinceGoods: ванильная history\provinces не найдена (I:\Vic2_Dev\V2BDSM\history\provinces)
[12024] LoadProvinceGoods: готово, 2708 провинций с trade_goods
[12024] HideNoSupplyFactoriesHook: установлен
[12024] defines_v2dll: прочитан 'mod/2\common\defines_v2dll.txt' (factory_unprofitable_close_days=60, minting_formula задана)
[12024] FactoryClose(закрытие): установлен rva 0F5750
[12024] FactoryClose(счётчик): установлен rva 0F50C0
[12024] FactoryClose(встроенный счётчик): установлен rva 0834C6
[12024] FactoryClose(финансы): установлен rva 0F4B30
[12024] FactoryClose: установлен (выплата при закрытии=1, остановка по счётчику=1/1, автозакрытие=1, порог 60 дн.)
[12024] EventMusic: no se pudo cargar eventmusic.dll (error 126)
[12024] PriceDelta: 25 сотых процента, множитель 163
[12024] VersionLabel: 'V2 v3.04 + V2DLL v5.14' (len=22), пещера 02270000
[12024] Minting: 'monetary_system_level' - переменная страны (0, если не задана)
[12024] Minting: формула 'industry_score + industry_score * monetary_system_level * 0.25' из 'mod/2\common\defines_v2dll.txt' (7 узлов); пример без переменных страны: industry_score=1000, total_population=4000000 -> 1000.00
[12024] CountryDaily: call подменён rva 109F74
[12024] Minting income(факт): установлен rva 12B510
[12024] Minting income(расчёт): установлен rva 12B769
[12024] Minting подсказка(запомнить): установлен rva 12A135
[12024] Minting подсказка(строка): установлен rva 12B0A3
[12024] Окно бюджета: подсказка над textbox'ами: установлен rva 20A0B8
[12024] Minting: установлен (income факт=1 расчёт=1, подсказка=1, minting_inc=1, подсказка minting_inc=1)
[12024] GoodsConsumption: чтение goods_consumption установлено (слот 4 двух vftable CBuilding)
[12024] GoodsConsumption расходы(факт): установлен rva 12B5E1
[12024] GoodsConsumption расходы(расчёт): установлен rva 12B354
[12024] GoodsConsumption график панели: установлен rva 30E859
[12024] GoodsConsumption текст панели: установлен rva 30F3A4
[12024] GoodsConsumption карточка товара: установлен rva 079C07
[12024] GoodsConsumption: установлен (дневной хук=1 расходы факт=1 расчёт=1 график=1 текст=1, строка бюджета=1, подсказка=1, карточка товара=1, спрос рынка=1)
[12024] CombatRoll: диапазон 0..4 (модуль=5)
[12024] OosWatch: FUN_00682EC0 rva 282EC0 chk= + Logs\v2dll_oos.log
[12024] ClipboardPaste: hilo independiente iniciado (Ctrl+V)
[12024] IdleSkipNested: PATCH_SKIP_NESTED_IDLE=0 FIX_ARMY_WINDOW_LAG=1 PATCH_SKIP_CHK_WIN=0 PATCH_CAM_STILL=0
[12024] Install: done
[12024] DllMain: attach, Install = 1
[12024] ClipboardPaste: hook de teclado activo (Ctrl+V), sin espera de sondeo
[12024] D3D9: Present перехвачен, FPU_PRESERVE=1 noVsync=0 interval=80000000
[12024] D3D9: Present перехвачен, FPU_PRESERVE=1 noVsync=0 interval=00000001
[12024] GoodsConsumption: здание 'naval_base': 4 товаров в goods_consumption
[12024] GoodsConsumption:   cement = 0.500
[12024] GoodsConsumption:   steel = 1.000
[12024] GoodsConsumption:   glass = 1.000
[12024] GoodsConsumption:   timber = 1.000
[12024] Setup[CTechnologyView]: 'FE_ACADEMIES_BDSM' подписана
[12024] Setup[CTechnologyView]: 'FE_RPROJECTS_BDSM' подписана
[12024] Player: кнопка 'button_fe_player_next' подписана (button=8197F3E8)
[12024] Player: кнопка 'button_fe_player_pause' подписана (button=8197EB78)
[12024] Player: topbar=2F4EACF0 подписано кнопок: 2
[12024] PlayerVolume: ползунок 'fe_player_volume_slider' подписан (slider=37741B40, громкость 0.0)
[12024] SetupHideColonialButton: подписана
[12024] SaveEmbark: сохранено 0 запис(ей) о посаженных союзных армиях в 'Logs\allyembark\autosave.v2.allyembark' (меток expeditionary_owner: 0)
[12024] SaveEmbark: сохранено 0 запис(ей) о посаженных союзных армиях в 'Logs\allyembark\autosave.v2.allyembark' (меток expeditionary_owner: 0)
[12024] Setup[CBudgetView]: 'FE_BUDGET_DIPLO_BDSM' подписана
[12024] SaveEmbark: сохранено 0 запис(ей) о посаженных союзных армиях в 'Logs\allyembark\autosave.v2.allyembark' (меток expeditionary_owner: 0)
[12024] HideColonialStates: включено
[12024] HideColonialStates: выключено
[12024] SaveEmbark: сохранено 0 запис(ей) о посаженных союзных армиях в 'Logs\allyembark\autosave.v2.allyembark' (меток expeditionary_owner: 0)
[29336] CrashWatch: Logs\v2dll_crash.log + v2dll_crash_hint.txt (memory dump выключен: ENABLE_CRASH_DUMP=0)
[29336] LoadSettingsFrom: читаю 'v2dll_settings.ini'
[29336] ---- Install ---- версия 5.15 pid=29336 tid=2720
[29336] base = 00710000
[29336] logs = Logs\ (v2dll.log, v2dll_oos.log, v2dll_crash.log)
[29336] localModConfig=0 fixSfxMixerLag=1 patchFixArmyWindowLag=1 enableCrashDump=0
[29336] CivilizeNullCheck: включён принудительно
[29336] ChkWinSkip: принудительно выкл (2859C0 = дневной тик, не GUI)
[29336] CamStill: принудительно выкл (3.59: idle-шторм, FPS хуже)
[29336] Timer: timeBeginPeriod(1) = 0
[29336] Timer: NtSetTimerResolution(1ms) status=00000000 cur=9989
[29336] Select: ws2_32.select перехвачен (микшер 68B47D >2мс -> 1мс, timeval копия)
[29336] CPU: priority ABOVE_NORMAL
[29336] CPU: power throttling off
[29336] Heap: LFH включён на 2 из 2 куч (LAA exe=1)
[29336] FPU: CreateThread exe перехвачен
[29336] FPU: GetTickCount - отложенный патч TBB/D3D
[29336] FPU: пин на главном цикле rva 5DF550
[29336] MainLoopSleep0: Sleep(100) -> Sleep(1) rva 5DF2D5
[29336] MainLoopSleep0: Sleep(100) -> Sleep(1) rva 5DF684
[29336] D3D9: Direct3DCreate9 перехвачен
[29336] TBB: _beginthreadex перехвачен
[29336] TBB: кап снят (ENGINE_WORKER_THREADS=0), initialize не трогаем
[29336] Engine: FPU=1 D3D=1 LFH=1 threadPin=1 tbbCap=0 sleep0=1 noVsync=0 prio=1
[29336] PopQuantize: FUN_00485E40, keep_bits=12
[29336] MpClientSleep: pump Sleep(40) -> Sleep(1) rva 71DD2C
[29336] WFSO: WaitForSingleObject exe перехвачен (16-50мс -> 1, INFINITE не трогаем)
[29336] patch CTechnologyView: слот 11 = 1
[29336] patch CBudgetView: слот 10 = 1
[29336] patch CProductionView: слот 10 = 1
[29336] patch CPoliticsView: слот 10 = 1
[29336] patch CDecision: слот 6 = 1
[29336] Patch 'always_add_wargoals': применён на rva 138AFF
[29336] Patch 'land_reinforce': применён на rva 1C8C9B
[29336] Patch 'naval_reinforce': применён на rva 1C8B1C
[29336] Patch 'max_relative_price': применён на rva A45C28
[29336] Patch 'consciousness_plurality_growth': применён на rva 10C5DE
[29336] Patch 'allied_reinforce_150': применён на rva 1D74BE
[29336] Patch 'combat_loss_popup_all': применён на rva 19CC5D
[29336] Patch 'build_factory_ignore_colonial_1': применён на rva 0D0C57
[29336] Patch 'build_factory_ignore_colonial_2': применён на rva 12FA4E
[29336] Patch 'build_factory_button_enable_ignore_colonial': применён на rva 12E977
[29336] Patch 'local_supply_factory_ignore_colonial': применён на rva 0D0E9D
[29336] Patch 'build_factory_ignore_uncivilized_button': применён на rva 12E96E
[29336] Patch 'build_factory_checklist_uncivilized_own': применён на rva 12EA67
[29336] Patch 'build_factory_checklist_uncivilized_other': применён на rva 12F0D4
[29336] Patch 'build_factory_ignore_uncivilized_can_build': применён на rva 12CA3E
[29336] OccupiedReinforceSplit: occupied=100.0%, пещера 01CA0000
[29336] AllyOwnerCheck: owned-by-ally=150%, occupied-by-ally=100.0%, пещера 01CB0000, ok=1
[29336] AllyEmbark: установлен (владелец rva 1D77A0, клик rva 1CD058, вместимость rva 1D5E97)
[29336] SaveEmbark: установлен (rva 721F00)
[29336] LoadEmbark: установлен (rva 721F40)
[29336] LoadRepair: установлен (rva 1D7CC4)
[29336] FleetPassengerTooltip: установлен (vtable rva A16BD0 слот 12) = 1
[29336] FleetCapture: установлен (rva 38F559)
[29336] CivilizeNullCheck: установлен на rva 14248B, пещера 01CC0000
[29336] SupplySourceNullCheck: установлен на rva 0D15EB, пещера 01CD0000
[29336] TechCompareNullCheck: установлен на rva 3A918A, пещера 01CE0000
[29336] TechFolderIconNullCheck: установлен на rva 3ADE98, пещера 01CF0000
[29336] ProdListVisibilityHook: установлен
[29336] HideRawGoodsFilter: установлен rva 2F1C30
[29336] GoodsFilterPos2(наблюдение): установлен rva 2F1EC0
[29336] FilterShowAll(вкладка 0): call предиката подменён rva 2F41F7
[29336] FilterShowAll(вкладка 1): call предиката подменён rva 2F7471
[29336] PlayerNext: call в конструкторе topbar подменён rva 30D090
[29336] PlayerNext: vftable[0] topbar подменён rva A113D0
[29336] PlayerVolume: vftable[1] topbar (деструктор) подменён
[29336] PlayerVolume: call покадровой функции подменён rva 285727
[29336] SettingsApply: хук установлен rva 35BB50
[29336] SettingsApply: call применения настроек подменён rva 35C67E
[29336] MusicFairRandom: установлен rva 05534D
[29336] LoadProductionTypeLimits: читаю 'I:\Vic2_Dev\V2BDSM\mod\2\common\production_types.txt' (22339 байт)
[29336] ParseProductionTypes: разобрано 65 типов производства (шаблонов пропущено: 62)
[29336] ProdTypeGateHook: установлен
[29336] LoadProvinceGoods: ванильная history\provinces не найдена (I:\Vic2_Dev\V2BDSM\history\provinces)
[29336] LoadProvinceGoods: готово, 2708 провинций с trade_goods
[29336] HideNoSupplyFactoriesHook: установлен
[29336] defines_v2dll: прочитан 'mod/2\common\defines_v2dll.txt' (factory_unprofitable_close_days=60, minting_formula задана)
[29336] FactoryClose(закрытие): установлен rva 0F5750
[29336] FactoryClose(счётчик): установлен rva 0F50C0
[29336] FactoryClose(встроенный счётчик): установлен rva 0834C6
[29336] FactoryClose(финансы): установлен rva 0F4B30
[29336] FactoryClose: установлен (выплата при закрытии=1, остановка по счётчику=1/1, автозакрытие=1, порог 60 дн.)
[29336] EventMusic: no se pudo cargar eventmusic.dll (error 126)
[29336] PriceDelta: 25 сотых процента, множитель 163
[29336] VersionLabel: 'V2 v3.04 + V2DLL v5.15' (len=22), пещера 01D20000
[29336] Minting: 'monetary_system_level' - переменная страны (0, если не задана)
[29336] Minting: формула 'industry_score + industry_score * monetary_system_level * 0.25' из 'mod/2\common\defines_v2dll.txt' (7 узлов); пример без переменных страны: industry_score=1000, total_population=4000000 -> 1000.00
[29336] CountryDaily: call подменён rva 109F74
[29336] Minting income(факт): установлен rva 12B510
[29336] Minting income(расчёт): установлен rva 12B769
[29336] Minting подсказка(запомнить): установлен rva 12A135
[29336] Minting подсказка(строка): установлен rva 12B0A3
[29336] Окно бюджета: подсказка над textbox'ами: установлен rva 20A0B8
[29336] Minting: установлен (income факт=1 расчёт=1, подсказка=1, minting_inc=1, подсказка minting_inc=1)
[29336] GoodsConsumption: чтение goods_consumption установлено (слот 4 двух vftable CBuilding)
[29336] GoodsConsumption расходы(факт): установлен rva 12B5E1
[29336] GoodsConsumption расходы(расчёт): установлен rva 12B354
[29336] GoodsConsumption график панели: установлен rva 30E859
[29336] GoodsConsumption текст панели: установлен rva 30F3A4
[29336] GoodsConsumption карточка товара: установлен rva 079C07
[29336] GoodsConsumption: установлен (дневной хук=1 расходы факт=1 расчёт=1 график=1 текст=1, строка бюджета=1, подсказка=1, карточка товара=1, спрос рынка=1)
[29336] CombatRoll: диапазон 0..4 (модуль=5)
[29336] OosWatch: FUN_00682EC0 rva 282EC0 chk= + Logs\v2dll_oos.log
[29336] ClipboardPaste: hilo independiente iniciado (Ctrl+V)
[29336] IdleSkipNested: PATCH_SKIP_NESTED_IDLE=0 FIX_ARMY_WINDOW_LAG=1 PATCH_SKIP_CHK_WIN=0 PATCH_CAM_STILL=0
[29336] Install: done
[29336] DllMain: attach, Install = 1
[29336] ClipboardPaste: hook de teclado activo (Ctrl+V), sin espera de sondeo
[29336] D3D9: Present перехвачен, FPU_PRESERVE=1 noVsync=0 interval=80000000
[29336] D3D9: Present перехвачен, FPU_PRESERVE=1 noVsync=0 interval=00000001
[29336] GoodsConsumption: здание 'naval_base': 4 товаров в goods_consumption
[29336] GoodsConsumption:   cement = 0.500
[29336] GoodsConsumption:   steel = 1.000
[29336] GoodsConsumption:   glass = 1.000
[29336] GoodsConsumption:   timber = 1.000
[29336] Setup[CTechnologyView]: 'FE_ACADEMIES_BDSM' подписана
[29336] Setup[CTechnologyView]: 'FE_RPROJECTS_BDSM' подписана
[29336] Player: кнопка 'button_fe_player_next' подписана (button=4C4F0CA0)
[29336] Player: кнопка 'button_fe_player_pause' подписана (button=4C4F0B38)
[29336] Player: topbar=2EB1C140 подписано кнопок: 2
[29336] PlayerVolume: ползунок 'fe_player_volume_slider' подписан (slider=36DB33F0, громкость 0.0)
[29336] SetupHideColonialButton: подписана
[29336] FactoryClose: автозакрытие: [NGF grain_factory] фабрика 524279E0, стейт 7D00CA48, уровень 3, дней убытка 60 (порог 60)
[29336] FactoryClose: автозакрытие: [NGF grain_factory] фабрика 524279E0, стейт 7D00CA48, уровень 3: 10695 выплачено владельцам
[29336] FactoryClose: автозакрытие: [NGF grain_factory] фабрика 5241BA40, стейт 7D005D60, уровень 4, дней убытка 60 (порог 60)
[29336] FactoryClose: автозакрытие: [NGF grain_factory] фабрика 5241BA40, стейт 7D005D60, уровень 4: 16742 выплачено владельцам
[29336] FactoryClose: остановка (11 дней без закупок, уровень 1): [FRA glass_factory] фабрика 7D0EFB90, стейт 7CFEF178, уровень 1: 4845 выплачено владельцам
[29336] FactoryClose: автозакрытие: [CHI ?] фабрика 4C1D5A88, стейт 4C3CD840, уровень 1, дней убытка 60 (порог 60)
[29336] FactoryClose: автозакрытие: [CHI ?] фабрика 4C1D5A88, стейт 4C3CD840, уровень 1: 3806 выплачено владельцам
[29336] FactoryClose: автозакрытие: [DEN fishery] фабрика 523F0708, стейт 7CFFDDE0, уровень 1, дней убытка 60 (порог 60)
[29336] FactoryClose: автозакрытие: [DEN fishery] фабрика 523F0708, стейт 7CFFDDE0, уровень 1: 6 выплачено владельцам
[29336] FactoryClose: остановка (11 дней без закупок, уровень 1): [JAP fishery] фабрика 523E8070, стейт 7D000310, уровень 1: 599 выплачено владельцам
[29336] FactoryClose: автозакрытие: [KRA ?] фабрика 5073C8F0, стейт 7D014F18, уровень 15, дней убытка 60 (порог 60)
[29336] FactoryClose: автозакрытие: [KRA ?] фабрика 5073C8F0, стейт 7D014F18, уровень 15: 24316 выплачено владельцам
[29336] FactoryClose: остановка (11 дней без закупок, уровень 1): [RUS fishery] фабрика 2FA7DC68, стейт 7CFE6A00, уровень 1: 0 выплачено владельцам
[29336] FactoryClose: остановка (11 дней без закупок, уровень 1): [JAP fishery] фабрика 523E9BD0, стейт 7CFFB360, уровень 1: 0 выплачено владельцам
[19764] CrashWatch: Logs\v2dll_crash.log + v2dll_crash_hint.txt (memory dump выключен: ENABLE_CRASH_DUMP=0)
[19764] LoadSettingsFrom: читаю 'v2dll_settings.ini'
[19764] ---- Install ---- версия 5.15 pid=19764 tid=16896
[19764] base = 00710000
[19764] logs = Logs\ (v2dll.log, v2dll_oos.log, v2dll_crash.log)
[19764] localModConfig=0 fixSfxMixerLag=1 patchFixArmyWindowLag=1 enableCrashDump=0
[19764] CivilizeNullCheck: включён принудительно
[19764] ChkWinSkip: принудительно выкл (2859C0 = дневной тик, не GUI)
[19764] CamStill: принудительно выкл (3.59: idle-шторм, FPS хуже)
[19764] Timer: timeBeginPeriod(1) = 0
[19764] Timer: NtSetTimerResolution(1ms) status=00000000 cur=9989
[19764] Select: ws2_32.select перехвачен (микшер 68B47D >2мс -> 1мс, timeval копия)
[19764] CPU: priority ABOVE_NORMAL
[19764] CPU: power throttling off
[19764] Heap: LFH включён на 2 из 2 куч (LAA exe=1)
[19764] FPU: CreateThread exe перехвачен
[19764] FPU: GetTickCount - отложенный патч TBB/D3D
[19764] FPU: пин на главном цикле rva 5DF550
[19764] MainLoopSleep0: Sleep(100) -> Sleep(1) rva 5DF2D5
[19764] MainLoopSleep0: Sleep(100) -> Sleep(1) rva 5DF684
[19764] D3D9: Direct3DCreate9 перехвачен
[19764] TBB: _beginthreadex перехвачен
[19764] TBB: кап снят (ENGINE_WORKER_THREADS=0), initialize не трогаем
[19764] Engine: FPU=1 D3D=1 LFH=1 threadPin=1 tbbCap=0 sleep0=1 noVsync=0 prio=1
[19764] PopQuantize: FUN_00485E40, keep_bits=12
[19764] MpClientSleep: pump Sleep(40) -> Sleep(1) rva 71DD2C
[19764] WFSO: WaitForSingleObject exe перехвачен (16-50мс -> 1, INFINITE не трогаем)
[19764] patch CTechnologyView: слот 11 = 1
[19764] patch CBudgetView: слот 10 = 1
[19764] patch CProductionView: слот 10 = 1
[19764] patch CPoliticsView: слот 10 = 1
[19764] patch CDecision: слот 6 = 1
[19764] Patch 'always_add_wargoals': применён на rva 138AFF
[19764] Patch 'land_reinforce': применён на rva 1C8C9B
[19764] Patch 'naval_reinforce': применён на rva 1C8B1C
[19764] Patch 'max_relative_price': применён на rva A45C28
[19764] Patch 'consciousness_plurality_growth': применён на rva 10C5DE
[19764] Patch 'allied_reinforce_150': применён на rva 1D74BE
[19764] Patch 'combat_loss_popup_all': применён на rva 19CC5D
[19764] Patch 'build_factory_ignore_colonial_1': применён на rva 0D0C57
[19764] Patch 'build_factory_ignore_colonial_2': применён на rva 12FA4E
[19764] Patch 'build_factory_button_enable_ignore_colonial': применён на rva 12E977
[19764] Patch 'local_supply_factory_ignore_colonial': применён на rva 0D0E9D
[19764] Patch 'build_factory_ignore_uncivilized_button': применён на rva 12E96E
[19764] Patch 'build_factory_checklist_uncivilized_own': применён на rva 12EA67
[19764] Patch 'build_factory_checklist_uncivilized_other': применён на rva 12F0D4
[19764] Patch 'build_factory_ignore_uncivilized_can_build': применён на rva 12CA3E
[19764] OccupiedReinforceSplit: occupied=100.0%, пещера 03860000
[19764] AllyOwnerCheck: owned-by-ally=150%, occupied-by-ally=100.0%, пещера 03870000, ok=1
[19764] AllyEmbark: установлен (владелец rva 1D77A0, клик rva 1CD058, вместимость rva 1D5E97)
[19764] SaveEmbark: установлен (rva 721F00)
[19764] LoadEmbark: установлен (rva 721F40)
[19764] LoadRepair: установлен (rva 1D7CC4)
[19764] FleetPassengerTooltip: установлен (vtable rva A16BD0 слот 12) = 1
[19764] FleetCapture: установлен (rva 38F559)
[19764] CivilizeNullCheck: установлен на rva 14248B, пещера 03880000
[19764] SupplySourceNullCheck: установлен на rva 0D15EB, пещера 03890000
[19764] TechCompareNullCheck: установлен на rva 3A918A, пещера 038A0000
[19764] TechFolderIconNullCheck: установлен на rva 3ADE98, пещера 038B0000
[19764] ProdListVisibilityHook: установлен
[19764] HideRawGoodsFilter: установлен rva 2F1C30
[19764] GoodsFilterPos2(наблюдение): установлен rva 2F1EC0
[19764] FilterShowAll(вкладка 0): call предиката подменён rva 2F41F7
[19764] FilterShowAll(вкладка 1): call предиката подменён rva 2F7471
[19764] PlayerNext: call в конструкторе topbar подменён rva 30D090
[19764] PlayerNext: vftable[0] topbar подменён rva A113D0
[19764] PlayerVolume: vftable[1] topbar (деструктор) подменён
[19764] PlayerVolume: call покадровой функции подменён rva 285727
[19764] SettingsApply: хук установлен rva 35BB50
[19764] SettingsApply: call применения настроек подменён rva 35C67E
[19764] MusicFairRandom: установлен rva 05534D
[19764] LoadProductionTypeLimits: читаю 'I:\Vic2_Dev\V2BDSM\mod\2\common\production_types.txt' (22339 байт)
[19764] ParseProductionTypes: разобрано 65 типов производства (шаблонов пропущено: 62)
[19764] ProdTypeGateHook: установлен
[19764] LoadProvinceGoods: ванильная history\provinces не найдена (I:\Vic2_Dev\V2BDSM\history\provinces)
[19764] LoadProvinceGoods: готово, 2708 провинций с trade_goods
[19764] HideNoSupplyFactoriesHook: установлен
[19764] defines_v2dll: прочитан 'mod/2\common\defines_v2dll.txt' (factory_unprofitable_close_days=60, minting_formula задана)
[19764] FactoryClose(закрытие): установлен rva 0F5750
[19764] FactoryClose(счётчик): установлен rva 0F50C0
[19764] FactoryClose(встроенный счётчик): установлен rva 0834C6
[19764] FactoryClose(финансы): установлен rva 0F4B30
[19764] FactoryClose: установлен (выплата при закрытии=1, остановка по счётчику=1/1, автозакрытие=1, порог 60 дн.) - РЕЖИМ DRY RUN: только лог [DRY], ничего не меняется (FACTORY_CLOSE_DRY_RUN=0 включает)
[19764] EventMusic: no se pudo cargar eventmusic.dll (error 126)
[19764] PriceDelta: 25 сотых процента, множитель 163
[19764] VersionLabel: 'V2 v3.04 + V2DLL v5.15' (len=22), пещера 038E0000
[19764] Minting: 'monetary_system_level' - переменная страны (0, если не задана)
[19764] Minting: формула 'industry_score + industry_score * monetary_system_level * 0.25' из 'mod/2\common\defines_v2dll.txt' (7 узлов); пример без переменных страны: industry_score=1000, total_population=4000000 -> 1000.00
[19764] CountryDaily: call подменён rva 109F74
[19764] Minting income(факт): установлен rva 12B510
[19764] Minting income(расчёт): установлен rva 12B769
[19764] Minting подсказка(запомнить): установлен rva 12A135
[19764] Minting подсказка(строка): установлен rva 12B0A3
[19764] Окно бюджета: подсказка над textbox'ами: установлен rva 20A0B8
[19764] Minting: установлен (income факт=1 расчёт=1, подсказка=1, minting_inc=1, подсказка minting_inc=1)
[19764] GoodsConsumption: чтение goods_consumption установлено (слот 4 двух vftable CBuilding)
[19764] GoodsConsumption расходы(факт): установлен rva 12B5E1
[19764] GoodsConsumption расходы(расчёт): установлен rva 12B354
[19764] GoodsConsumption график панели: установлен rva 30E859
[19764] GoodsConsumption текст панели: установлен rva 30F3A4
[19764] GoodsConsumption карточка товара: установлен rva 079C07
[19764] GoodsConsumption: установлен (дневной хук=1 расходы факт=1 расчёт=1 график=1 текст=1, строка бюджета=1, подсказка=1, карточка товара=1, спрос рынка=1)
[19764] CombatRoll: диапазон 0..4 (модуль=5)
[19764] OosWatch: FUN_00682EC0 rva 282EC0 chk= + Logs\v2dll_oos.log
[19764] ClipboardPaste: hilo independiente iniciado (Ctrl+V)
[19764] IdleSkipNested: PATCH_SKIP_NESTED_IDLE=0 FIX_ARMY_WINDOW_LAG=1 PATCH_SKIP_CHK_WIN=0 PATCH_CAM_STILL=0
[19764] Install: done
[19764] DllMain: attach, Install = 1
[19764] ClipboardPaste: hook de teclado activo (Ctrl+V), sin espera de sondeo
[19764] D3D9: Present перехвачен, FPU_PRESERVE=1 noVsync=0 interval=80000000
[19764] D3D9: Present перехвачен, FPU_PRESERVE=1 noVsync=0 interval=00000001
[19764] GoodsConsumption: здание 'naval_base': 4 товаров в goods_consumption
[19764] GoodsConsumption:   cement = 0.500
[19764] GoodsConsumption:   steel = 1.000
[19764] GoodsConsumption:   glass = 1.000
[19764] GoodsConsumption:   timber = 1.000
[19764] Setup[CTechnologyView]: 'FE_ACADEMIES_BDSM' подписана
[19764] Setup[CTechnologyView]: 'FE_RPROJECTS_BDSM' подписана
[19764] Player: кнопка 'button_fe_player_next' подписана (button=5098CA58)
[19764] Player: кнопка 'button_fe_player_pause' подписана (button=5098C8F0)
[19764] Player: topbar=2EF84270 подписано кнопок: 2
[19764] PlayerVolume: ползунок 'fe_player_volume_slider' подписан (slider=371E2058, громкость 0.0)
[19764] FactoryClose [DRY]: автозакрытие: [NGF grain_factory] фабрика 4E5E9980, стейт 5235CCD8, уровень 3, дней убытка 60 (порог 60), деньги 10695
[19764] FactoryClose [DRY]: автозакрытие: [NGF grain_factory] фабрика 4E401B88, стейт 523597B8, уровень 4, дней убытка 60 (порог 60), деньги 16741
[19764] FactoryClose [DRY]: остановка (11 дней без закупок, уровень 1): [FRA glass_factory] фабрика 52440D80, стейт 5233E170, уровень 1, дней убытка 0, деньги 4845 -> была бы выплата владельцам
[19764] FactoryClose [DRY]: автозакрытие: [CHI ?] фабрика 4D9CF888, стейт 305557C8, уровень 1, дней убытка 60 (порог 60), деньги 3806
[19764] FactoryClose [DRY]: автозакрытие: [DEN fishery] фабрика 4E410438, стейт 5234E318, уровень 1, дней убытка 60 (порог 60), деньги 6
[19764] FactoryClose [DRY]: автозакрытие: [KRA ?] фабрика 4E6001F0, стейт 5235F758, уровень 15, дней убытка 60 (порог 60), деньги 24316
[19764] FactoryClose [DRY]: остановка (11 дней без закупок, уровень 1): [RUS fishery] фабрика 2F8A3AD0, стейт 52336498, уровень 1, дней убытка 0, деньги 0 -> была бы выплата владельцам
[19764] FactoryClose [DRY]: остановка (11 дней без закупок, уровень 1): [JAP fishery] фабрика 4E40CD78, стейт 5234B348, уровень 1, дней убытка 0, деньги 0 -> была бы выплата владельцам
[19764] FactoryClose [DRY]: автозакрытие: [SCA ?] фабрика 4E41AAC0, стейт 52352580, уровень 1, дней убытка 60 (порог 60), деньги 2917
[19764] FactoryClose [DRY]: остановка (11 дней без закупок, уровень 1): [RUS fishery] фабрика 2F89C678, стейт 52336740, уровень 1, дней убытка 0, деньги 0 -> была бы выплата владельцам
[19764] FactoryClose [DRY]: автозакрытие: [DEN grain_factory] фабрика 4E411430, стейт 5234B5F0, уровень 1, дней убытка 60 (порог 60), деньги 330
[19764] FactoryClose [DRY]: автозакрытие: [DEN ?] фабрика 4E40F440, стейт 5234B898, уровень 1, дней убытка 60 (порог 60), деньги 191
[19764] FactoryClose [DRY]: автозакрытие: [KRA winery] фабрика 4E6008C8, стейт 5235F758, уровень 6, дней убытка 60 (порог 60), деньги 22618
[19764] Setup[CBudgetView]: 'FE_BUDGET_DIPLO_BDSM' подписана
[19764] FactoryClose [DRY]: автозакрытие: [RUS winery] фабрика 52DD4C70, стейт 52332CD0, уровень 6, дней убытка 60 (порог 60), деньги 13305
[19764] FactoryClose [DRY]: автозакрытие: [RUS winery] фабрика 52DD5100, стейт 5232ED10, уровень 2, дней убытка 60 (порог 60), деньги 8317
[19764] FactoryClose [DRY]: автозакрытие: [CHI fishery] фабрика 4D9C38E8, стейт 4C707E50, уровень 5, дней убытка 60 (порог 60), деньги 0
[19764] FactoryClose [DRY]: остановка (11 дней без закупок, уровень 1): [RUS fishery] фабрика 2F8A1898, стейт 523391C0, уровень 1, дней убытка 0, деньги 0 -> была бы выплата владельцам
[19764] FactoryClose [DRY]: остановка (11 дней без закупок, уровень 1): [JAP fishery] фабрика 52432960, стейт 5234C338, уровень 1, дней убытка 0, деньги 0 -> была бы выплата владельцам
[19764] FactoryClose [DRY]: остановка (11 дней без закупок, уровень 1): [FRA steel_factory] фабрика 52442208, стейт 5233DEC8, уровень 1, дней убытка 0, деньги 4745 -> была бы выплата владельцам
[19764] FactoryClose [DRY]: автозакрытие: [SCA ?] фабрика 4E413F88, стейт 5234CDD8, уровень 1, дней убытка 60 (порог 60), деньги 3948
[19764] FactoryClose [DRY]: автозакрытие: [SCA winery] фабрика 4E416AE0, стейт 5234CDD8, уровень 2, дней убытка 60 (порог 60), деньги 5762
[19764] FactoryClose [DRY]: остановка (11 дней без закупок, уровень 1): [RUS fishery] фабрика 2F88E6E8, стейт 523361F0, уровень 1, дней убытка 0, деньги 0 -> была бы выплата владельцам
[19764] FactoryClose [DRY]: автозакрытие: [DEN fishery] фабрика 4E410680, стейт 5234B5F0, уровень 1, дней убытка 60 (порог 60), деньги 91
[19764] FactoryClose [DRY]: автозакрытие: [JAP ?] фабрика 52430E00, стейт 5234C888, уровень 3, дней убытка 60 (порог 60), деньги 4461
[19764] FactoryClose [DRY]: остановка (11 дней без закупок, уровень 1): [JAP fishery] фабрика 4E40A220, стейт 5234D080, уровень 1, дней убытка 0, деньги 598 -> была бы выплата владельцам
[19764] FactoryClose [DRY]: автозакрытие: [INA ?] фабрика 52DA9B80, стейт 42814840, уровень 1, дней убытка 60 (порог 60), деньги 0
[19764] FactoryClose [DRY]: автозакрытие: [SCA ?] фабрика 4E412B00, стейт 5234ADF8, уровень 1, дней убытка 60 (порог 60), деньги 4708
[19764] FactoryClose [DRY]: остановка (11 дней без закупок, уровень 1): [FRA glass_factory] фабрика 52444FA8, стейт 5233C6E0, уровень 1, дней убытка 0, деньги 4290 -> была бы выплата владельцам
[19764] FactoryClose [DRY]: автозакрытие: [SAR cotton_factory] фабрика 4E5FE200, стейт 5235FF50, уровень 2, дней убытка 60 (порог 60), деньги 0
[19764] FactoryClose [DRY]: автозакрытие: [TUR fishery] фабрика 4E60C190, стейт 523629D0, уровень 5, дней убытка 60 (порог 60), деньги 0
[19764] FactoryClose [DRY]: автозакрытие: [TUR ?] фабрика 4E61A120, стейт 523649B0, уровень 45, дней убытка 60 (порог 60), деньги 0
[19764] FactoryClose [DRY]: автозакрытие: [SCA ?] фабрика 4E4128B8, стейт 5234ADF8, уровень 46, дней убытка 60 (порог 60), деньги 0
[19764] FactoryClose [DRY]: автозакрытие: [NGF winery] фабрика 4E402260, стейт 5235CA30, уровень 1, дней убытка 60 (порог 60), деньги 3135
[19764] FactoryClose [DRY]: автозакрытие: [DEN ?] фабрика 4E40DD70, стейт 5234BDE8, уровень 15, дней убытка 60 (порог 60), деньги 2746
[19764] FactoryClose [DRY]: автозакрытие: [CAN winery] фабрика 4D9D83B0, стейт 52B434A0, уровень 7, дней убытка 60 (порог 60), деньги 25988
[19764] FactoryClose [DRY]: автозакрытие: [TUR winery] фабрика 4E615CB0, стейт 523649B0, уровень 1, дней убытка 60 (порог 60), деньги 1445
[19764] FactoryClose [DRY]: автозакрытие: [AUS grain_factory] фабрика 52458CC0, стейт 52340BF0, уровень 1, дней убытка 60 (порог 60), деньги 4335
[19764] FactoryClose [DRY]: автозакрытие: [AUS sulphur_factory] фабрика 5244FAC0, стейт 52341938, уровень 1, дней убытка 60 (порог 60), деньги 4099
[19764] SetupHideColonialButton: подписана
[19764] FactoryClose [DRY]: автозакрытие: [TUR fishery] фабрика 4E619128, стейт 52364460, уровень 5, дней убытка 60 (порог 60), деньги 0
[19764] FactoryClose [DRY]: автозакрытие: [DEN cattle_factory] фабрика 4E40E200, стейт 5234A0B0, уровень 2, дней убытка 60 (порог 60), деньги 2257
[19764] FactoryClose [DRY]: автозакрытие: [SCA ?] фабрика 4E415410, стейт 5234D5D0, уровень 1, дней убытка 60 (порог 60), деньги 4366
[19764] FactoryClose [DRY]: автозакрытие: [PER ?] фабрика 4D9B1BC0, стейт 5232A558, уровень 1, дней убытка 60 (порог 60), деньги 0
[19764] FactoryClose [DRY]: автозакрытие: [NGF ?] фабрика 4E5E7BD8, стейт 5235A258, уровень 1, дней убытка 60 (порог 60), деньги 3719
[19764] FactoryClose [DRY]: автозакрытие: [NOR ?] фабрика 52C3F288, стейт 5234C090, уровень 1, дней убытка 60 (порог 60), деньги 0
[19764] FactoryClose [DRY]: автозакрытие: [TUR ?] фабрика 4E6175C8, стейт 52361C88, уровень 7, дней убытка 60 (порог 60), деньги 0
[19764] FactoryClose [DRY]: автозакрытие: [INA ?] фабрика 52D9E990, стейт 428125B8, уровень 1, дней убытка 60 (порог 60), деньги 0
[19764] SaveEmbark: сохранено 0 запис(ей) о посаженных союзных армиях в 'Logs\allyembark\autosave.v2.allyembark' (меток expeditionary_owner: 0)
[19764] FactoryClose [DRY]: автозакрытие: [BRZ fishery] фабрика 4D9ECE78, стейт 52B4A980, уровень 5, дней убытка 60 (порог 60), деньги 1911
[19764] FactoryClose [DRY]: автозакрытие: [ENG ?] фабрика 52DCECA0, стейт 52333A18, уровень 1, дней убытка 60 (порог 60), деньги 4002
[19764] FactoryClose [DRY]: автозакрытие: [AUS grain_factory] фабрика 5245C138, стейт 5233F160, уровень 1, дней убытка 60 (порог 60), деньги 4572
[19764] FactoryClose [DRY]: остановка (11 дней без закупок, уровень 1): [JAP fishery] фабрика 524344C0, стейт 5234C888, уровень 1, дней убытка 0, деньги 0 -> была бы выплата владельцам
[19764] FactoryClose [DRY]: автозакрытие: [TUR ?] фабрика 4E61FC60, стейт 52326AE8, уровень 9, дней убытка 60 (порог 60), деньги 0
[19764] FactoryClose [DRY]: автозакрытие: [SCA fishery] фабрика 4E416D28, стейт 5234D5D0, уровень 1, дней убытка 60 (порог 60), деньги 64
[19764] FactoryClose [DRY]: остановка (11 дней без закупок, уровень 1): [RUS winery] фабрика 52DDDC28, стейт 5232FFA8, уровень 1, дней убытка 0, деньги 0 -> была бы выплата владельцам
[19764] FactoryClose [DRY]: остановка (11 дней без закупок, уровень 1): [RUS fishery] фабрика 2F8A11C0, стейт 52338478, уровень 1, дней убытка 0, деньги 450 -> была бы выплата владельцам
[19764] FactoryClose [DRY]: автозакрытие: [DEN ?] фабрика 4E40EFB0, стейт 5234E318, уровень 18, дней убытка 60 (порог 60), деньги 19516
[19764] FactoryClose [DRY]: остановка (11 дней без закупок, уровень 1): [RUS fishery] фабрика 2F891488, стейт 5233D978, уровень 1, дней убытка 0, деньги 0 -> была бы выплата владельцам
[31764] CrashWatch: Logs\v2dll_crash.log + v2dll_crash_hint.txt (memory dump выключен: ENABLE_CRASH_DUMP=0)
[31764] LoadSettingsFrom: читаю 'v2dll_settings.ini'
[31764] ---- Install ---- версия 5.16 pid=31764 tid=192
[31764] base = 00710000
[31764] logs = Logs\ (v2dll.log, v2dll_oos.log, v2dll_crash.log)
[31764] localModConfig=0 fixSfxMixerLag=1 patchFixArmyWindowLag=1 enableCrashDump=0
[31764] CivilizeNullCheck: включён принудительно
[31764] ChkWinSkip: принудительно выкл (2859C0 = дневной тик, не GUI)
[31764] CamStill: принудительно выкл (3.59: idle-шторм, FPS хуже)
[31764] Timer: timeBeginPeriod(1) = 0
[31764] Timer: NtSetTimerResolution(1ms) status=00000000 cur=9989
[31764] Select: ws2_32.select перехвачен (микшер 68B47D >2мс -> 1мс, timeval копия)
[31764] CPU: priority ABOVE_NORMAL
[31764] CPU: power throttling off
[31764] Heap: LFH включён на 2 из 2 куч (LAA exe=1)
[31764] FPU: CreateThread exe перехвачен
[31764] FPU: GetTickCount - отложенный патч TBB/D3D
[31764] FPU: пин на главном цикле rva 5DF550
[31764] MainLoopSleep0: Sleep(100) -> Sleep(1) rva 5DF2D5
[31764] MainLoopSleep0: Sleep(100) -> Sleep(1) rva 5DF684
[31764] D3D9: Direct3DCreate9 перехвачен
[31764] TBB: _beginthreadex перехвачен
[31764] TBB: кап снят (ENGINE_WORKER_THREADS=0), initialize не трогаем
[31764] Engine: FPU=1 D3D=1 LFH=1 threadPin=1 tbbCap=0 sleep0=1 noVsync=0 prio=1
[31764] PopQuantize: FUN_00485E40, keep_bits=12
[31764] MpClientSleep: pump Sleep(40) -> Sleep(1) rva 71DD2C
[31764] WFSO: WaitForSingleObject exe перехвачен (16-50мс -> 1, INFINITE не трогаем)
[31764] patch CTechnologyView: слот 11 = 1
[31764] patch CBudgetView: слот 10 = 1
[31764] patch CProductionView: слот 10 = 1
[31764] patch CPoliticsView: слот 10 = 1
[31764] patch CDecision: слот 6 = 1
[31764] Patch 'always_add_wargoals': применён на rva 138AFF
[31764] Patch 'land_reinforce': применён на rva 1C8C9B
[31764] Patch 'naval_reinforce': применён на rva 1C8B1C
[31764] Patch 'max_relative_price': применён на rva A45C28
[31764] Patch 'consciousness_plurality_growth': применён на rva 10C5DE
[31764] Patch 'allied_reinforce_150': применён на rva 1D74BE
[31764] Patch 'combat_loss_popup_all': применён на rva 19CC5D
[31764] Patch 'build_factory_ignore_colonial_1': применён на rva 0D0C57
[31764] Patch 'build_factory_ignore_colonial_2': применён на rva 12FA4E
[31764] Patch 'build_factory_button_enable_ignore_colonial': применён на rva 12E977
[31764] Patch 'local_supply_factory_ignore_colonial': применён на rva 0D0E9D
[31764] Patch 'build_factory_ignore_uncivilized_button': применён на rva 12E96E
[31764] Patch 'build_factory_checklist_uncivilized_own': применён на rva 12EA67
[31764] Patch 'build_factory_checklist_uncivilized_other': применён на rva 12F0D4
[31764] Patch 'build_factory_ignore_uncivilized_can_build': применён на rva 12CA3E
[31764] OccupiedReinforceSplit: occupied=100.0%, пещера 021F0000
[31764] AllyOwnerCheck: owned-by-ally=150%, occupied-by-ally=100.0%, пещера 02200000, ok=1
[31764] AllyEmbark: установлен (владелец rva 1D77A0, клик rva 1CD058, вместимость rva 1D5E97)
[31764] SaveEmbark: установлен (rva 721F00)
[31764] LoadEmbark: установлен (rva 721F40)
[31764] LoadRepair: установлен (rva 1D7CC4)
[31764] FleetPassengerTooltip: установлен (vtable rva A16BD0 слот 12) = 1
[31764] FleetCapture: установлен (rva 38F559)
[31764] CivilizeNullCheck: установлен на rva 14248B, пещера 02210000
[31764] SupplySourceNullCheck: установлен на rva 0D15EB, пещера 02220000
[31764] TechCompareNullCheck: установлен на rva 3A918A, пещера 02230000
[31764] TechFolderIconNullCheck: установлен на rva 3ADE98, пещера 02240000
[31764] ProdListVisibilityHook: установлен
[31764] HideRawGoodsFilter: установлен rva 2F1C30
[31764] GoodsFilterPos2(наблюдение): установлен rva 2F1EC0
[31764] FilterShowAll(вкладка 0): call предиката подменён rva 2F41F7
[31764] FilterShowAll(вкладка 1): call предиката подменён rva 2F7471
[31764] PlayerNext: call в конструкторе topbar подменён rva 30D090
[31764] PlayerNext: vftable[0] topbar подменён rva A113D0
[31764] PlayerVolume: vftable[1] topbar (деструктор) подменён
[31764] PlayerVolume: call покадровой функции подменён rva 285727
[31764] SettingsApply: хук установлен rva 35BB50
[31764] SettingsApply: call применения настроек подменён rva 35C67E
[31764] MusicFairRandom: установлен rva 05534D
[31764] LoadProductionTypeLimits: читаю 'I:\Vic2_Dev\V2BDSM\mod\2\common\production_types.txt' (22339 байт)
[31764] ParseProductionTypes: разобрано 65 типов производства (шаблонов пропущено: 62)
[31764] ProdTypeGateHook: установлен
[31764] LoadProvinceGoods: ванильная history\provinces не найдена (I:\Vic2_Dev\V2BDSM\history\provinces)
[31764] LoadProvinceGoods: готово, 2708 провинций с trade_goods
[31764] HideNoSupplyFactoriesHook: установлен
[31764] defines_v2dll: прочитан 'mod/2\common\defines_v2dll.txt' (factory_unprofitable_close_days=60, minting_formula задана)
[31764] FactoryClose(закрытие): установлен rva 0F5750
[31764] FactoryClose(счётчик): установлен rva 0F50C0
[31764] FactoryClose(встроенный счётчик): установлен rva 0834C6
[31764] FactoryClose(финансы): установлен rva 0F4B30
[31764] FactoryClose: установлен (выплата при закрытии=1, остановка по счётчику=1/1, автозакрытие=1, порог 60 дн.) - РЕЖИМ DRY RUN: только лог [DRY], ничего не меняется (FACTORY_CLOSE_DRY_RUN=0 включает)
[31764] EventMusic: no se pudo cargar eventmusic.dll (error 126)
[31764] PriceDelta: 25 сотых процента, множитель 163
[31764] VersionLabel: 'V2 v3.04 + V2DLL v5.16' (len=22), пещера 02270000
[31764] Minting: 'monetary_system_level' - переменная страны (0, если не задана)
[31764] Minting: формула 'industry_score + industry_score * monetary_system_level * 0.25' из 'mod/2\common\defines_v2dll.txt' (7 узлов); пример без переменных страны: industry_score=1000, total_population=4000000 -> 1000.00
[31764] CountryDaily: call подменён rva 109F74
[31764] Minting income(факт): установлен rva 12B510
[31764] Minting income(расчёт): установлен rva 12B769
[31764] Minting подсказка(запомнить): установлен rva 12A135
[31764] Minting подсказка(строка): установлен rva 12B0A3
[31764] Окно бюджета: подсказка над textbox'ами: установлен rva 20A0B8
[31764] Minting: установлен (income факт=1 расчёт=1, подсказка=1, minting_inc=1, подсказка minting_inc=1)
[31764] GoodsConsumption: чтение goods_consumption установлено (слот 4 двух vftable CBuilding)
[31764] GoodsConsumption расходы(факт): установлен rva 12B5E1
[31764] GoodsConsumption расходы(расчёт): установлен rva 12B354
[31764] GoodsConsumption график панели: установлен rva 30E859
[31764] GoodsConsumption текст панели: установлен rva 30F3A4
[31764] GoodsConsumption карточка товара: установлен rva 079C07
[31764] GoodsConsumption: установлен (дневной хук=1 расходы факт=1 расчёт=1 график=1 текст=1, строка бюджета=1, подсказка=1, карточка товара=1, спрос рынка=1)
[31764] CombatRoll: диапазон 0..4 (модуль=5)
[31764] OosWatch: FUN_00682EC0 rva 282EC0 chk= + Logs\v2dll_oos.log
[31764] ClipboardPaste: hilo independiente iniciado (Ctrl+V)
[31764] IdleSkipNested: PATCH_SKIP_NESTED_IDLE=0 FIX_ARMY_WINDOW_LAG=1 PATCH_SKIP_CHK_WIN=0 PATCH_CAM_STILL=0
[31764] Install: done
[31764] DllMain: attach, Install = 1
[31764] ClipboardPaste: hook de teclado activo (Ctrl+V), sin espera de sondeo
[31764] D3D9: Present перехвачен, FPU_PRESERVE=1 noVsync=0 interval=80000000
[31764] D3D9: Present перехвачен, FPU_PRESERVE=1 noVsync=0 interval=00000001
[31764] GoodsConsumption: здание 'naval_base': 4 товаров в goods_consumption
[31764] GoodsConsumption:   cement = 0.500
[31764] GoodsConsumption:   steel = 1.000
[31764] GoodsConsumption:   glass = 1.000
[31764] GoodsConsumption:   timber = 1.000
[31764] Setup[CTechnologyView]: 'FE_ACADEMIES_BDSM' подписана
[31764] Setup[CTechnologyView]: 'FE_RPROJECTS_BDSM' подписана
[31764] Player: кнопка 'button_fe_player_next' подписана (button=4F852808)
[31764] Player: кнопка 'button_fe_player_pause' подписана (button=4F851F98)
[31764] Player: topbar=2F536BC8 подписано кнопок: 2
[31764] PlayerVolume: ползунок 'fe_player_volume_slider' подписан (slider=37786A88, громкость 0.0)
[31764] SetupHideColonialButton: подписана
